ano,programa_cod,programa_desc
2002,1,APOIO A ADMINISTRACAO PUBLICA                                                                                           
2002,10,ADMINISTRACAO PUBLICA ESTADUAL                                                                                          
2002,50,IMPLEMENTACAO DO PLANO SETORIAL DE INFORMATIZACAO                                                                       
2002,99,EDIFICACOES PUBLICAS                                                                                                    
2002,101,PROCESSO LEGISLATIVO                                                                                                    
2002,102,FISCALIZACAO DE RECURSOS PUBLICOS                                                                                       
2002,132,JULGAMENTO ADMINISTRATIVO DE DIREITOS RECLAMADOS                                                                        
2002,133,PROCESSO JUDICIARIO                                                                                                     
2002,134,ESCOLA JUDICIAL                                                                                                         
2002,135,CORREICAO E ORIENTACAO                                                                                                  
2002,136,REPRESENTACAO JURIDICA DO ESTADO                                                                                        
2002,201,SISTEMA CENTRAL DE PLANEJAMENTO E ORCAMENTO DO ESTADO                                                                   
2002,202,NEGOCIACAO E COORDENACAO DE PROGRAMAS ESPECIAIS E REGIONAIS                                                             
2002,203,PROGRAMA DE DESENVOLVIMENTO METROPOLITANO                                                                               
2002,205,PROGRAMA DE REESTRUTURACAO E MODERNIZACAO DA SEF                                                                        
2002,206,SISTEMA CENTRAL DE ADMINISTRACAO FINANCEIRA                                                                             
2002,207,SISTEMA CENTRAL DE CONTROLE  OPERACIONAL                                                                                
2002,208,SISTEMA DE TRIBUTACAO E ADMINISTRACAO TRIBUTARIA                                                                        
2002,210,SUPERVISAO E COORDENACAO SUPERIOR                                                                                       
2002,213,ESTUDOS ECONOMICOS E SOCIAIS                                                                                            
2002,214,ESTUDOS MUNICIPAIS E METROPOLITANOS                                                                                     
2002,215,ESTUDOS ADMINISTRATIVOS E CONSULTORIA ORGANIZACIONAL                                                                    
2002,216,SERVICOS DE ESTATISTICA E INFORMACOES                                                                                   
2002,217,TREINAMENTO DE RECURSOS HUMANOS                                                                                         
2002,218,PROMOCAO DO DESENVOLVIMENTO MUNICIPAL                                                                                   
2002,226,FORTALECIMENTO DA INFRA-ESTRUTURA  HIDRICA DO NORTE E VALE DO JEQUITINHONHA                                             
2002,229,CONSELHO DE SEGURANCA ALIMENTAR DE MINAS GERAIS - CONSEA-MG                                                             
2002,234,PROGRAMA PILOTO DE APOIO A REFORMA AGRARIA - PARATERRA                                                                  
2002,301,SERVICOS ESPECIAIS DE SEGURANCA                                                                                         
2002,302,POLICIA OSTENSIVA                                                                                                       
2002,303,SERVICOS TECNICOS DE SEGURANCA                                                                                          
2002,304,CONTROLE E SEGURANCA DE TRÂNSITO                                                                                        
2002,305,PROMOCAO DE DEFESA CIVIL                                                                                                
2002,331,ASSISTENCIA SOCIAL GERAL                                                                                                
2002,332,PROMOCAO DE ASSISTENCIA SOCIAL                                                                                          
2002,333,ASSISTENCIA SOCIAL A PESSOA  PORTADORA DE DEFICIENCIA                                                                   
2002,334,ASSISTENCIA SOCIAL A CRIANCA E AO  ADOLESCENTE                                                                          
2002,336,ASSISTENCIA SOCIAL AO IDOSO                                                                                             
2002,343,ASSISTENCIA SOCIAL COMUNITARIA                                                                                          
2002,362,PREVIDENCIA SOCIAL A SEGURADOS                                                                                          
2002,363,ASSISTENCIA PREVIDENCIARIA                                                                                              
2002,364,ASSISTENCIA PREVIDENCIARIA A SAUDE                                                                                      
2002,365,ASSISTENCIA COMPLEMENTAR AO  SEGURADO                                                                                   
2002,366,ASSISTENCIA PREVIDENCIARIA E  SECURITARIA                                                                               
2002,367,ATENCAO A SAUDE DO SEGURADO                                                                                             
2002,401,PROMOCAO E EXECUCAO DAS ACOES DE SAUDE COLETIVA                                                                         
2002,402,PRODUCAO DE SERVICOS LABORATORIAIS                                                                                      
2002,403,PROMOCAO E CONTROLE DA QUALIDADE                                                                                        
2002,404,"ABASTECIMENTO DE MEDICAMENTOS, IMUNOBIOLOGICOS E HEMODERIVADOS                                                          "
2002,406,PRODUCAO DE CONHECIMENTO CIENTIFICO                                                                                     
2002,407,FORMACAO E TREINAMENTO DE PESSOAL  ESPECIALIZADO                                                                        
2002,408,ASSISTENCIA HOSPITALAR E  AMBULATORIAL                                                                                  
2002,409,PROG.DE ASSISTENCIA HEMOTERAPICA E HEMATOLOGICA                                                                         
2002,410,GERENCIAMENTO DA REDE HOSPITALAR E AMBULATORIAL                                                                         
2002,411,ASSISTENCIA MEDICA E ODONTOLOGICA                                                                                       
2002,412,ATENDIMENTO HOSPITALAR E  AMBULATORIAL GERAL                                                                            
2002,441,COORD.DA POLITICA DE APOIO AO PORTADOR DE DEFICIENCIA                                                                   
2002,442,"ASSIST.AO ASSOCIATIVISMO,COOPERATIV.E DESENV.COMUNITARIO                                                                "
2002,443,PROMOCAO DA SAUDE E SEGURANCA DO TRABALHADOR                                                                            
2002,444,INTERMEDIACAO DE EMPREGOS                                                                                               
2002,445,GESTAO DA POLITICA PUBLICA DE EMPREGO E RENDA                                                                           
2002,446,QUALIFICACAO PROFISSIONAL                                                                                               
2002,447,QUALIFICACAO PROFISSIONAL DO  ADOLESCENTE                                                                               
2002,471,CUSTODIA E ASSISTENCIA A DETENTOS                                                                                       
2002,472,EXERCICIO DA POLICIA JUDICIARIA                                                                                         
2002,473,ATENCAO INTEGRAL A CRIANCA E AO  ADOLESCENTE                                                                            
2002,474,ASSISTENCIA JUDICIAL                                                                                                    
2002,475,CUSTODIA E ASSISTENCIA AO INDIVIDUO PRIVADO DE LIBERDADE                                                                
2002,476,FORMACAO PARA O EXERCICIO DA  CIDADANIA                                                                                 
2002,477,PROMOCAO E DEFESA DOS DIREITOS  HUMANOS                                                                                 
2002,480,OUVIDORIA DA POLICIA                                                                                                    
2002,501,PROGRAMA DE ALIMENTACAO ESCOLAR                                                                                         
2002,502,UNIVERSALIZACAO DO ENSINO FUNDAMENTAL                                                                                   
2002,503,ATENDIMENTO AO ENSINO MEDIO                                                                                             
2002,504,ATENDIMENTO AO ENSINO PROFISSIONAL                                                                                      
2002,505,UNIVERSALIZACAO DA EDUCACAO INFANTIL                                                                                    
2002,506,ATENDIMENTO AOS JOVENS E ADULTOS                                                                                        
2002,507,ATENDIMENTO A EDUCACAO ESPECIAL                                                                                         
2002,508,ATENDIMENTO AO ENSINO SUPERIOR                                                                                          
2002,513,DESENVOLVIMENTO DO ENSINO SUPERIOR                                                                                      
2002,514,CAPACITACAO PROFISSIONAL                                                                                                
2002,541,ACAO ARQUIVISTICA                                                                                                       
2002,542,ACAO MUSEOLOGICA                                                                                                        
2002,543,ACAO BIBLIOTECARIA                                                                                                      
2002,544,"PROMOCAO, PRODUCAO E DIFUSAO LITERARIA                                                                                  "
2002,545,"PROMOCAO, PRODUCAO E DIFUSAO CULTURAL                                                                                   "
2002,546,FORMACAO DE RECURSOS HUMANOS PARA A AREA CULTURAL                                                                       
2002,547,PROTECAO E PRESERVACAO DO  PATRIMONIO CULTURAL                                                                          
2002,548,RADIODIFUSAO                                                                                                            
2002,550,ESTUDOS HISTORICOS E CULTURAIS                                                                                          
2002,551,PRESERVACAO DO PATRIMONIO CULTURAL                                                                                      
2002,601,"PLANEJAMENTO, COORDENACAO E ACOMPANHAMENTO DE PROJETOS HABITACIONAIS URBANOS                                            "
2002,603,APOIO HABITACIONAL                                                                                                      
2002,641,PROTECAO AMBIENTAL                                                                                                      
2002,643,APOIO AO SANEAMENTO AMBIENTAL                                                                                           
2002,644,CONTROLE E PROTECAO DA QUALIDADE AMBIENTAL                                                                              
2002,645,MONITORAMENTO AMBIENTAL                                                                                                 
2002,647,PROTECAO A FLORA E A FAUNA                                                                                              
2002,648,ESTUDOS E PESQUISAS HIDROLOGICOS                                                                                        
2002,651,PROGRAMA PRO-FLORESTA                                                                                                   
2002,661,DESENVOLVIMENTO CIENTIFICO E  TECNOLOGICO                                                                               
2002,662,FOMENTO E APOIO A CIENCIA E  TECNOLOGIA                                                                                 
2002,663,NORMALIZACAO E QUALIDADE DA  ATIVIDADE EMPRESARIAL                                                                      
2002,664,INFORMACOES TECNOLOGICAS                                                                                                
2002,665,PESQUISAS E SERVICOS TECNOLOGICOS                                                                                       
2002,666,ORDENAMENTO TERRITORIAL                                                                                                 
2002,667,DESENVOLVIMENTO DO CONHECIMENTO DAS GEOCIENCIAS                                                                         
2002,701,PROGRAMA DE DESENVOLVIMENTO DO MEIO RURAL                                                                               
2002,705,"PROMOCAO, EVENTOS AGROPECUARIOS E EDUCACAO SANITARIA                                                                    "
2002,706,DEFESA SANITARIA VEGETAL E ANALISE LABORATORIAL                                                                         
2002,708,"ERRADICACAO, CONTROLE E PREVENCAO  DE DOENCA DOS ANIMAIS                                                                "
2002,709,"CERTIFICACAO, PADRONIZACAO E CLASSIFICACAO DE PRODUTOS AGRICOLAS                                                        "
2002,710,INSPECAO E FISCALIZACAO DE PRODUTOS DE ORIGEM ANIMAL                                                                    
2002,711,FISCALIZACAO DO COMERCIO E DO USO DE AGROTOXICOS                                                                        
2002,712,DESENVOLVIMENTO DA AGRICULTURA IRRIGADA                                                                                 
2002,713,APOIO AS ATIVIDADES DIRETAMENTE PRODUTIVAS                                                                              
2002,715,PROGRAMA DE DESENVOLVIMENTO  REGIONAL DO JAIBA                                                                          
2002,716,PROGRAMA ESTADUAL DE REFORMA  AGRARIA                                                                                   
2002,719,PROMOCAO E EXTENSAO RURAL                                                                                               
2002,723,PROGRAMA DE DESENVOLVIMENTO REGIONAL JAIBA/MORRO SOLTO - JAIBA II                                                       
2002,741,PROMOCAO DO DESENVOLVIMENTO  INDUSTRIAL                                                                                 
2002,742,"FORMACAO TECNICA PARA OS SETORES DA INDUSTRIA, COMERCIO E SERVICOS                                                      "
2002,744,FORMACAO PEDAGOGICA PARA DOCENTES                                                                                       
2002,745,APOIO CREDITICIO A ATIVIDADE  INDUSTRIAL                                                                                
2002,746,DESENVOLVIMENTO MINERO-METALURGICO                                                                                      
2002,761,PROMOCAO DO DESENVOLVIMENTO COMERCIAL E DE SERVICOS                                                                     
2002,762,PROMOCAO DO DESENVOLVIMENTO DO TURISMO                                                                                  
2002,763,PROMOCAO DO REGISTRO DO COMERCIO                                                                                        
2002,764,PRODUCAO DE SERVICOS GRAFICOS                                                                                           
2002,765,COMERCIALIZACAO GRAFICA                                                                                                 
2002,767,EXPLORACAO DE LOTERIAS                                                                                                  
2002,777,OBRIGACOES ESPECIAIS                                                                                                    
2002,781,DIVULGACAO OFICIAL                                                                                                      
2002,782,PROMOCAO DA TELEFONIA RURAL                                                                                             
2002,783,PROMOCAO DA RADIODIFUSAO                                                                                                
2002,807,REGULACAO E FISCALIZACAO ENERGETICA                                                                                     
2002,811,INFORMACOES MINERAIS                                                                                                    
2002,823,REGULACAO E FISCALIZACAO MINERAL                                                                                        
2002,831,PROGRAMA DE INFRA-ESTRUTURA URBANA                                                                                      
2002,832,CONTROLE E SEGURANCA DO TRAFEGO RODOVIARIO                                                                              
2002,833,CONSTRUCAO E PAVIMENTACAO DE  RODOVIAS                                                                                  
2002,834,CONSERVACAO DE RODOVIAS                                                                                                 
2002,835,RESTAURACAO DE RODOVIAS                                                                                                 
2002,839,SANEAMENTO AMBIENTAL DAS BACIAS DO RIBEIRAO ARRUDAS E DO ONCA                                                           
2002,842,SANEAMENTO GERAL                                                                                                        
2002,843,VIAS URBANAS                                                                                                            
2002,871,IMPLEMENTACAO DA POLITICA DE DESPORTO E LAZER                                                                           
2002,874,ADMINISTRACAO DE ESTADIOS                                                                                               
2003,1,APOIO A ADMINISTRACAO PUBLICA                                                                                           
2003,10,ADMINISTRACAO PUBLICA ESTADUAL                                                                                          
2003,50,IMPLEMENTACAO DO PLANO SETORIAL DE INFORMATIZACAO                                                                       
2003,99,EDIFICACOES PUBLICAS                                                                                                    
2003,101,PROCESSO LEGISLATIVO                                                                                                    
2003,102,FISCALIZACAO DE RECURSOS PUBLICOS                                                                                       
2003,132,JULGAMENTO ADMINISTRATIVO DE DIREITOS RECLAMADOS                                                                        
2003,133,PROCESSO JUDICIARIO                                                                                                     
2003,134,ESCOLA JUDICIAL                                                                                                         
2003,135,CORREICAO E ORIENTACAO                                                                                                  
2003,136,REPRESENTACAO JURIDICA DO ESTADO                                                                                        
2003,201,SISTEMA CENTRAL DE PLANEJAMENTO E ORCAMENTO DO ESTADO                                                                   
2003,202,NEGOCIACAO E COORDENACAO DE PROGRAMAS ESPECIAIS E REGIONAIS                                                             
2003,203,PROGRAMA DE DESENVOLVIMENTO METROPOLITANO                                                                               
2003,205,PROGRAMA DE REESTRUTURACAO E MODERNIZACAO DA SEF                                                                        
2003,206,SISTEMA CENTRAL DE ADMINISTRACAO FINANCEIRA                                                                             
2003,207,SISTEMA CENTRAL DE CONTROLE  OPERACIONAL                                                                                
2003,208,SISTEMA DE TRIBUTACAO E ADMINISTRACAO TRIBUTARIA                                                                        
2003,210,SUPERVISAO E COORDENACAO SUPERIOR                                                                                       
2003,212,APORTE DE CAPITAL                                                                                                       
2003,213,ESTUDOS ECONOMICOS E SOCIAIS                                                                                            
2003,214,ESTUDOS MUNICIPAIS E METROPOLITANOS                                                                                     
2003,215,ESTUDOS ADMINISTRATIVOS E CONSULTORIA ORGANIZACIONAL                                                                    
2003,216,SERVICOS DE ESTATISTICA E INFORMACOES                                                                                   
2003,217,TREINAMENTO DE RECURSOS HUMANOS                                                                                         
2003,218,PROMOCAO DO DESENVOLVIMENTO MUNICIPAL                                                                                   
2003,226,FORTALECIMENTO DA INFRA-ESTRUTURA  HIDRICA DO NORTE E VALE DO JEQUITINHONHA                                             
2003,229,CONSELHO DE SEGURANCA ALIMENTAR DE MINAS GERAIS - CONSEA-MG                                                             
2003,234,PROGRAMA PILOTO DE APOIO A REFORMA AGRARIA - PARATERRA                                                                  
2003,301,SERVICOS ESPECIAIS DE SEGURANCA                                                                                         
2003,302,POLICIA OSTENSIVA                                                                                                       
2003,303,SERVICOS TECNICOS DE SEGURANCA                                                                                          
2003,304,CONTROLE E SEGURANCA DE TRANSITO                                                                                        
2003,305,PROMOCAO DE DEFESA CIVIL                                                                                                
2003,331,ASSISTENCIA SOCIAL GERAL                                                                                                
2003,332,PROMOCAO DE ASSISTENCIA SOCIAL                                                                                          
2003,333,ASSISTENCIA SOCIAL A PESSOA  PORTADORA DE DEFICIENCIA                                                                   
2003,334,ASSISTENCIA SOCIAL A CRIANCA E AO  ADOLESCENTE                                                                          
2003,336,ASSISTENCIA SOCIAL AO IDOSO                                                                                             
2003,337,PROGRAMA DE MOBILIZACAO DE COMUNIDADES                                                                                  
2003,343,ASSISTENCIA SOCIAL COMUNITARIA                                                                                          
2003,362,PREVIDENCIA SOCIAL A SEGURADOS                                                                                          
2003,363,ASSISTENCIA PREVIDENCIARIA                                                                                              
2003,365,ASSISTENCIA COMPLEMENTAR AO  SEGURADO                                                                                   
2003,366,ASSISTENCIA PREVIDENCIARIA E  SECURITARIA                                                                               
2003,367,ATENCAO A SAUDE DO SEGURADO                                                                                             
2003,401,PROMOCAO E EXECUCAO DAS ACOES DE SAUDE COLETIVA                                                                         
2003,402,PRODUCAO DE SERVICOS LABORATORIAIS                                                                                      
2003,403,PROMOCAO E CONTROLE DA QUALIDADE                                                                                        
2003,404,"ABASTECIMENTO DE MEDICAMENTOS, IMUNOBIOLOGICOS E HEMODERIVADOS                                                          "
2003,406,PRODUCAO DE CONHECIMENTO CIENTIFICO                                                                                     
2003,407,FORMACAO E TREINAMENTO DE PESSOAL  ESPECIALIZADO                                                                        
2003,408,ASSISTENCIA HOSPITALAR E  AMBULATORIAL                                                                                  
2003,409,PROG.DE ASSISTENCIA HEMOTERAPICA E HEMATOLOGICA                                                                         
2003,410,GERENCIAMENTO DA REDE HOSPITALAR E AMBULATORIAL                                                                         
2003,411,ASSISTENCIA MEDICA E ODONTOLOGICA                                                                                       
2003,412,ATENDIMENTO HOSPITALAR E  AMBULATORIAL GERAL                                                                            
2003,441,COORD.DA POLITICA DE APOIO AO PORTADOR DE DEFICIENCIA                                                                   
2003,442,"ASSIST.AO ASSOCIATIVISMO,COOPERATIV.E DESENV.COMUNITARIO                                                                "
2003,443,PROMOCAO DA SAUDE E SEGURANCA DO TRABALHADOR                                                                            
2003,444,INTERMEDIACAO DE EMPREGOS                                                                                               
2003,445,GESTAO DA POLITICA PUBLICA DE EMPREGO E RENDA                                                                           
2003,446,QUALIFICACAO PROFISSIONAL                                                                                               
2003,447,QUALIFICACAO PROFISSIONAL DO  ADOLESCENTE                                                                               
2003,471,CUSTODIA E ASSISTENCIA A DETENTOS                                                                                       
2003,472,EXERCICIO DA POLICIA JUDICIARIA                                                                                         
2003,473,ATENCAO INTEGRAL A CRIANCA E AO  ADOLESCENTE                                                                            
2003,474,ASSISTENCIA JUDICIAL                                                                                                    
2003,475,CUSTODIA E ASSISTENCIA AO INDIVIDUO PRIVADO DE LIBERDADE                                                                
2003,476,FORMACAO PARA O EXERCICIO DA  CIDADANIA                                                                                 
2003,477,PROMOCAO E DEFESA DOS DIREITOS  HUMANOS                                                                                 
2003,479,PREVENCAO AO USO DE ENTORPECENTES                                                                                       
2003,480,OUVIDORIA DA POLICIA                                                                                                    
2003,501,PROGRAMA DE ALIMENTACAO ESCOLAR                                                                                         
2003,502,UNIVERSALIZACAO DO ENSINO FUNDAMENTAL                                                                                   
2003,503,ATENDIMENTO AO ENSINO MEDIO                                                                                             
2003,504,ATENDIMENTO AO ENSINO PROFISSIONAL                                                                                      
2003,505,UNIVERSALIZACAO DA EDUCACAO INFANTIL                                                                                    
2003,506,ATENDIMENTO AOS JOVENS E ADULTOS                                                                                        
2003,507,ATENDIMENTO A EDUCACAO ESPECIAL                                                                                         
2003,508,ATENDIMENTO AO ENSINO SUPERIOR                                                                                          
2003,510,ENSINO TECNICO EM LEITE E DERIVADOS                                                                                     
2003,511,ENSINO TECNICO EM AGROPECUARIA E COOPERATIVISMO                                                                         
2003,513,DESENVOLVIMENTO DO ENSINO SUPERIOR                                                                                      
2003,514,CAPACITACAO PROFISSIONAL                                                                                                
2003,541,ACAO ARQUIVISTICA                                                                                                       
2003,542,ACAO MUSEOLOGICA                                                                                                        
2003,543,ACAO BIBLIOTECARIA                                                                                                      
2003,544,"PROMOCAO, PRODUCAO E DIFUSAO LITERARIA                                                                                  "
2003,545,"PROMOCAO, PRODUCAO E DIFUSAO CULTURAL                                                                                   "
2003,546,FORMACAO DE RECURSOS HUMANOS PARA A AREA CULTURAL                                                                       
2003,547,PROTECAO E PRESERVACAO DO  PATRIMONIO CULTURAL                                                                          
2003,548,RADIODIFUSAO                                                                                                            
2003,550,ESTUDOS HISTORICOS E CULTURAIS                                                                                          
2003,551,PRESERVACAO DO PATRIMONIO CULTURAL                                                                                      
2003,571,PLANEJAMENTO URBANO                                                                                                     
2003,601,"PLANEJAMENTO, COORDENACAO E ACOMPANHAMENTO DE PROJETOS HABITACIONAIS URBANOS                                            "
2003,603,APOIO HABITACIONAL                                                                                                      
2003,641,PROTECAO AMBIENTAL                                                                                                      
2003,642,SISTEMA PUBLICO DE INFORMACOES  AMBIENTAIS                                                                              
2003,643,APOIO AO SANEAMENTO AMBIENTAL                                                                                           
2003,644,CONTROLE E PROTECAO DA QUALIDADE AMBIENTAL                                                                              
2003,645,MONITORAMENTO AMBIENTAL                                                                                                 
2003,647,PROTECAO A FLORA E A FAUNA                                                                                              
2003,648,ESTUDOS E PESQUISAS HIDROLOGICOS                                                                                        
2003,650,OUVIDORIA AMBIENTAL                                                                                                     
2003,651,PROGRAMA PRO-FLORESTA                                                                                                   
2003,652,RECUPERACAO DE BACIAS HIDROGRAFICAS                                                                                     
2003,661,DESENVOLVIMENTO CIENTIFICO E  TECNOLOGICO                                                                               
2003,662,FOMENTO E APOIO A CIENCIA E  TECNOLOGIA                                                                                 
2003,663,NORMALIZACAO E QUALIDADE DA  ATIVIDADE EMPRESARIAL                                                                      
2003,664,INFORMACOES TECNOLOGICAS                                                                                                
2003,665,PESQUISAS E SERVICOS TECNOLOGICOS                                                                                       
2003,666,ORDENAMENTO TERRITORIAL                                                                                                 
2003,667,DESENVOLVIMENTO DO CONHECIMENTO DAS GEOCIENCIAS                                                                         
2003,701,PROGRAMA DE DESENVOLVIMENTO DO MEIO RURAL                                                                               
2003,703,GERACAO DE CONHECIMENTO E  TECNOLOGIA AGROPECUARIA                                                                      
2003,704,ACAO DE DESENVOLVIMENTO DE PROJETOS INTEGRADOS                                                                          
2003,705,"PROMOCAO, EVENTOS AGROPECUARIOS E EDUCACAO SANITARIA                                                                    "
2003,706,DEFESA SANITARIA VEGETAL E ANALISE LABORATORIAL                                                                         
2003,708,"ERRADICACAO, CONTROLE E PREVENCAO  DE DOENCA DOS ANIMAIS                                                                "
2003,709,"CERTIFICACAO, PADRONIZACAO E CLASSIFICACAO DE PRODUTOS AGRICOLAS                                                        "
2003,710,INSPECAO E FISCALIZACAO DE PRODUTOS DE ORIGEM ANIMAL                                                                    
2003,711,FISCALIZACAO DO COMERCIO E DO USO DE AGROTOXICOS                                                                        
2003,712,DESENVOLVIMENTO DA AGRICULTURA IRRIGADA                                                                                 
2003,713,APOIO AS ATIVIDADES DIRETAMENTE PRODUTIVAS                                                                              
2003,715,PROGRAMA DE DESENVOLVIMENTO  REGIONAL DO JAIBA                                                                          
2003,716,PROGRAMA ESTADUAL DE REFORMA  AGRARIA                                                                                   
2003,719,PROMOCAO E EXTENSAO RURAL                                                                                               
2003,720,ASSISTENCIA TECNICA E EXTENSAO RURAL                                                                                    
2003,723,PROGRAMA DE DESENVOLVIMENTO REGIONAL JAIBA/MORRO SOLTO - JAIBA II                                                       
2003,724,PROGRAMA DE DESENVOLVIMENTO  INTEGRADO DO JAIBA - JAIBA I                                                               
2003,741,PROMOCAO DO DESENVOLVIMENTO  INDUSTRIAL                                                                                 
2003,742,"FORMACAO TECNICA PARA OS SETORES DA INDUSTRIA, COMERCIO E SERVICOS                                                      "
2003,744,FORMACAO PEDAGOGICA PARA DOCENTES                                                                                       
2003,745,APOIO CREDITICIO A ATIVIDADE  INDUSTRIAL                                                                                
2003,746,DESENVOLVIMENTO MINERO-METALURGICO                                                                                      
2003,761,PROMOCAO DO DESENVOLVIMENTO COMERCIAL E DE SERVICOS                                                                     
2003,762,PROMOCAO DO DESENVOLVIMENTO DO TURISMO                                                                                  
2003,763,PROMOCAO DO REGISTRO DO COMERCIO                                                                                        
2003,764,PRODUCAO DE SERVICOS GRAFICOS                                                                                           
2003,765,COMERCIALIZACAO GRAFICA                                                                                                 
2003,766,PROMOCAO DO TURISMO                                                                                                     
2003,767,EXPLORACAO DE LOTERIAS                                                                                                  
2003,768,PROGRAMA DE ACAO PARA O DESENVOLVIMENTO DO TURISMO NAS REGIOES NORTE E NORDESTE DE MINAS GERAIS - PRODETUR              
2003,777,OBRIGACOES ESPECIAIS                                                                                                    
2003,781,DIVULGACAO OFICIAL                                                                                                      
2003,782,PROMOCAO DA TELEFONIA RURAL                                                                                             
2003,783,PROMOCAO DA RADIODIFUSAO                                                                                                
2003,784,ADEQUACAO DO SISTEMA DE RADIODIFUSAO                                                                                    
2003,806,ENERGIA HIDRAULICA                                                                                                      
2003,807,REGULACAO E FISCALIZACAO ENERGETICA                                                                                     
2003,808,DIVERSIFICACAO DA MATRIZ ENERGETICA ESTADUAL                                                                            
2003,809,"MINERACAO, ENERGIA E DESENVOLVIMENTO SUSTENTAVEL                                                                        "
2003,810,DESENVOLVIMENTO MINERAL                                                                                                 
2003,811,INFORMACOES MINERAIS                                                                                                    
2003,823,REGULACAO E FISCALIZACAO MINERAL                                                                                        
2003,831,PROGRAMA DE INFRA-ESTRUTURA URBANA                                                                                      
2003,832,CONTROLE E SEGURANCA DO TRAFEGO RODOVIARIO                                                                              
2003,833,CONSTRUCAO E PAVIMENTACAO DE  RODOVIAS                                                                                  
2003,834,CONSERVACAO DE RODOVIAS                                                                                                 
2003,835,RESTAURACAO DE RODOVIAS                                                                                                 
2003,839,SANEAMENTO AMBIENTAL DAS BACIAS DO RIBEIRAO ARRUDAS E DO ONCA                                                           
2003,840,GERENCIAMENTO TECNICO DE OBRAS                                                                                          
2003,842,SANEAMENTO GERAL                                                                                                        
2003,843,VIAS URBANAS                                                                                                            
2003,871,IMPLEMENTACAO DA POLITICA DE DESPORTO E LAZER                                                                           
2003,874,ADMINISTRACAO DE ESTADIOS                                                                                               
2003,999,RESERVA DE CONTINGENCIA                                                                                                 
2004,1,APOIO A ADMINISTRACAO PUBLICA                                                                                           
2004,2,OBRIGACOES ESPECIAIS                                                                                                    
2004,11,PROCESSO LEGISLATIVO                                                                                                    
2004,14,EDIFICACOES PUBLICAS                                                                                                    
2004,15,ESTUDOS E PESQUISAS LEGISLATIVOS                                                                                        
2004,18,APOIO HABITACIONAL                                                                                                      
2004,20,ASSISTENCIA  COMPLEMENTAR                                                                                               
2004,23,VIGILANCIA SANITARIA                                                                                                    
2004,25,PROGRAMA DE APOIO AO DESENVOLVIMENTO CIENTIFICO E TECNOLOGICO                                                           
2004,27,RADIODIFUSAO                                                                                                            
2004,29,ASSISTENCIA AO BOMBEIRO MILITAR                                                                                         
2004,32,CAIO MARTINS PRO  CRIANCAS E ADOLESCENTES                                                                               
2004,34,SANEAMENTO AMBIENTAL                                                                                                    
2004,35,CENTRO ADMINISTRATIVO DO GOVERNO DE MINAS GERAIS                                                                        
2004,36,AUXILIO AOS MUNICIPIOS EM ACOES EMERGENCIAIS                                                                            
2004,49,POTENCIALIZACAO DA LOGISTICA DO TRIANGULO - ALTO PARANAIBA                                                              
2004,57,SERVICO ESPECIAL DE SEGURANCA                                                                                           
2004,58,ATENDIMENTO HOSPITALAR E AMBULATORIAL                                                                                   
2004,62,ADEQUACAO DA INFRA-ESTRUTURA FISICA DA HEMORREDE                                                                        
2004,64,ACOES DE DEFESA CIVIL NOS MUNICIPIOS MINEIROS                                                                           
2004,65,ASSISTENCIA EXTRAJUDICIAL                                                                                               
2004,68,PROGRAMA DE PAVIMENTACAO DE RODOVIAS                                                                                    
2004,69,PROMOCAO ARTISTICO CULTURAL                                                                                             
2004,74,TRANSFERENCIA DE RENDA COM CONDICIONALIDADES-BOLSA-FAMILIA                                                              
2004,75,GESTAO DE RECURSOS HIDRICOS                                                                                             
2004,78,ASSISTENCIA HEMATOLOGICA E HEMOTERAPICA                                                                                 
2004,79,GERENCIAMENTO DE OBRAS DE INFRA-ESTRUTURA                                                                               
2004,80,SANEAMENTO BASICO: MAIS SAUDE PARA TODOS                                                                                
2004,82,FORMACAO ARTISTICO CULTURAL                                                                                             
2004,83,ESTUDOS E PESQUISAS EM HEMATOLOGIA E HEMOTERAPIA                                                                        
2004,84,PRODUCAO E APRESENTACAO DE ESPETACULOS DOS CORPOS ESTAVEIS                                                              
2004,87,GERENCIAMENTO ELETRONICO DE SISTEMA DE ADMINISTRACAO RODOVIARIA                                                         
2004,88,PROJETO DE CONCESSAO DE RODOVIAS ESTADUAIS                                                                              
2004,89,"COMBATE A POBREZA NOS VALES DO JEQUITINHONHA, MUCURI, SAO MATEUS, REGIAO CENTRAL DE CURVELO E NORTE DE MIN              "
2004,91,CRIACAO DE CENTROS DE CONTROLE E COMBATE AO ANALFABETISMO.                                                              
2004,92,FORMACAO DE REDE DE GOVERNANCA SOCIAL NA AREA DE ABRANGENCIA DO IDENE                                                   
2004,93,ACESSO AO CONHECIMENTO E A INFORMACAO CULTURAL                                                                          
2004,111,FORMACAO DE RECURSOS HUMANOS PARA AREA CULTURAL                                                                         
2004,112,"PROMOCAO, PRODUCAO E DIFUSAO CULTURAL                                                                                   "
2004,113,EDICAO E CONFECCAO GRAFICA                                                                                              
2004,116,MELHORIA DO ENSINO FUNDAMENTAL                                                                                          
2004,121,COMERCIALIZACAO DE JORNAL E SERVICOS GRAFICOS EM GERAL.                                                                 
2004,122,PROGRAMA DE MANUTENCAO DA REDE RODOVIARIA ESTADUAL                                                                      
2004,123,PROGRAMA DE MANUTENCAO DA REDE RODOVIARIA                                                                               
2004,124,PROGRAMA DE DUPLICACAO DA RODOVIA FERNAO DIAS (BR381)                                                                   
2004,125,PROGRAMA DE OPERACAO DE VIA - OPERVIA                                                                                   
2004,126,METROPLAN                                                                                                               
2004,127,PROGRAMA DE INFRA-ESTRUTURA EM MUNICIPIOS                                                                               
2004,130,REGISTRO PUBLICO DE EMPRESAS MERCANTIS E ATIVIDADES AFINS                                                               
2004,133,INTEGRACAO SERVICO-ENSINO - PISE.                                                                                       
2004,134,GESTAO AMBIENTAL MG SECULO XXI                                                                                          
2004,135,DESENVOLVIMENTO DA PESQUISA CIENTIFICA                                                                                  
2004,136,CONSTRUCOES E REFORMAS PREDIAIS                                                                                         
2004,138,ENSINO PROFISSIONAL                                                                                                     
2004,139,ENSINO SUPERIOR                                                                                                         
2004,140,EXTENSAO UNIVERSITARIA                                                                                                  
2004,142,MELHORIA DA QUALIDADE AMBIENTAL                                                                                         
2004,143,PRESERVACAO DE BENS CULTURAIS                                                                                           
2004,144,CORREDOR CULTURAL PRACA DA LIBERDADE - CASA DO CONDE                                                                    
2004,151,IMPLANTACAO E MANUTENCAO DE BIBLIOTECA COMUNITARIA                                                                      
2004,152,CRESCER PARA A VIDA E PARA O TRABALHO.                                                                                  
2004,155,MELHORIA DA INFRA-ESTRUTURA DOS ACESSOS VIARIOS                                                                         
2004,157,MINAS PARA SEMPRE                                                                                                       
2004,158,CONSTRUCAO DO CAMPUS DE BELO HORIZONTE DA UEMG                                                                          
2004,161,ATENDIMENTO HOSPITALAR AMBULATORIAL E EMERGENCIAL                                                                       
2004,166,MEMORIA DA CIDADE                                                                                                       
2004,172,PROGRAMA DE REVITALIZACAO E DESENVOLVIMENTO SUSTENTAVEL DA BACIA HIDROGRAFICA DO RIO SAO FRANCISCO                      
2004,175,PROGRAMA DE DESENVOLVIMENTO TURISTICO DO NORDESTE - FASE II - PRODETUR/NE-II                                            
2004,176,ESTRADAS TURISTICAS E ECOLOGICAS                                                                                        
2004,177,ATENDIMENTO AO ENSINO PROFISSIONAL                                                                                      
2004,178,DESENVOLVIMENTO DO ENSINO SUPERIOR                                                                                      
2004,179,ATENDIMENTO A EDUCACAO INFANTIL                                                                                         
2004,180,ATENDIMENTO A EDUCACAO DE JOVENS E ADULTOS                                                                              
2004,181,ATENDIMENTO A EDUCACAO ESPECIAL                                                                                         
2004,182,EXPLORACAO DE JOGOS DE LOTERIA NO ESTADO DE MINAS GERAIS                                                                
2004,183,ADMINISTRACAO DE PALACIOS                                                                                               
2004,186,CONSERVACAO DA BIODIVERSIDADE E DESENVOLVIMENTO FLORESTAL                                                               
2004,187,COORDENACAO E ASSESSORAMENTO SUPERIOR                                                                                   
2004,190,FORMACAO E CAPACITACAO DE RECURSOS HUMANOS E DESENVOLVIMENTO DE PESQUISAS/PROJETOS EM GESTAO PUBLICA                    
2004,193,COMUNICACAO SOCIAL                                                                                                      
2004,194,"DIREITOS INDIVIDUAIS, COLETIVOS, DIFUSOS E SEGURANCA DO CIDADAO                                                         "
2004,196,REPRESENTACAO E DEFESA DOS INTERESSES DO ESTADO DE MINAS GERAIS EM BRASILIA                                             
2004,197,REPRESENTACAO E DEFESA DOS INTERESSES DO ESTADO DE MINAS GERAIS NO RIO DE JANEIRO                                       
2004,199,REPRESENTACAO E DEFESA DOS INTERESSES DO ESTADO DE MINAS GERAIS EM SAO PAULO                                            
2004,201,APOIO A INFRA-ESTRUTURA VIARIA EM REGIOES ESTRATEGICAS                                                                  
2004,207,CIRCUITOS TURISTICOS                                                                                                    
2004,208,CORREDORES RADIAIS DE INTEGRACAO E DESENVOLVIMENTO                                                                      
2004,210,MODERNIZACAO DA RECEITA ESTADUAL                                                                                        
2004,211,PRESTACAO PREVIDENCIARIA                                                                                                
2004,212,TURISMO EM MINAS                                                                                                        
2004,213,LARES GERAES                                                                                                            
2004,214,SISTEMA DE SAUDE DOS MILITARES                                                                                          
2004,216,PROMOCAO E DIVULGACAO                                                                                                   
2004,217,ESTRADA REAL                                                                                                            
2004,222,ABRIGAMENTO DE CRIANCAS  E ADOLESCENTES                                                                                 
2004,223,ASSISTENCIA TECNICA E EXTENSAO RURAL - NOVOS TEMPOS                                                                     
2004,224,PROGRAMA DE QUALIDADE NO SERVICO PUBLICO - PQSP                                                                         
2004,227,EXERCICIO DA POLICIA TECNICO-CIENTIFICA                                                                                 
2004,228,RECOLHIMENTO E GUARDA DE DETENTOS DO ESTADO                                                                             
2004,229,PRESERVACAO DA ORDEM PUBLICA E EXERCICIO DA POLICIA JUDICIARIA NO ESTADO                                                
2004,230,FORMACAO DE POLICIAIS CIVIS                                                                                             
2004,231,POLICIA OSTENSIVA                                                                                                       
2004,233,OPERACAO E MANUTENCAO DE SISTEMA ELETRONICA                                                                             
2004,234,ENSINO MEDIO E FUNDAMENTAL- ESCOLA ESTADUAL ORDEM E PROGRESSO                                                           
2004,235,REFORMAS E REPAROS DE UNIDADES PREDIAIS DA POLICIA CIVIL                                                                
2004,237,"HABILITACAO DE PROFESSORES, EM NIVEL SUPERIOR,  PARA O ENSINO FUNDAMENTAL E MEDIO                                       "
2004,240,ADMINISTRACAO DE TRANSITO                                                                                               
2004,241,FORMACAO DE RECURSOS HUMANOS                                                                                            
2004,242,VIGILANCIA EPIDEMIOLOGICA E AMBIENTAL EM SAUDE                                                                          
2004,243,DESENVOLVIMENTO DO ENSINO FUNDAMENTAL E MEDIO - COLEGIO TIRADENTES                                                      
2004,244,ASSISTENCIA MEDICA E ODONTOLOGICA DA POLICIA CIVIL                                                                      
2004,246,VERIFICACAO E FISCALIZACAO METROLOGICA E DA QUALIDADE                                                                   
2004,251,PROGRAMA DE REGULARIZACAO FUNDIARIA                                                                                     
2004,253,MODERNIZACAO E AMPLIACAO DE EQUIPAMENTOS DO INSTITUTO DE GEOCIENCIAS APLICADAS                                          
2004,254,"PRODUCAO, SISTEMATIZACAO E DISSEMINACAO DE DADOS ESTATISTICOS                                                           "
2004,255,POLITICA PUBLICA DE TRABALHO EMPREGO E RENDA                                                                            
2004,257,AMPLIACAO E ADEQUACAO DE INSTALACOES FISICAS                                                                            
2004,258,EMPRESA MINEIRA COMPETITIVA                                                                                             
2004,259,REESTRUTURACAO DO SISTEMA DE PLANEJAMENTO E GESTAO METROPOLITANA                                                        
2004,261,CENTRO DE REFERENCIA DO CIDADAO                                                                                         
2004,262,INCLUSAO DA PESSOA COM DEFICIENCIA NAS POLITICAS SETORIAIS BASICAS                                                      
2004,263,ENSINO TECNICO  PARA O AGRONEGOCIO                                                                                      
2004,264,ORIENTACAO AOS CIDADAOS                                                                                                 
2004,266,PRODUCAO E OPERACAO DO SISTEMA DE RADIODIFUSAO                                                                          
2004,267,POSTO DE SERVICO INTEGRADO URBANO - PSIU                                                                                
2004,269,ALIMENTACAO ESCOLAR                                                                                                     
2004,271,"CHOQUE DE GESTAO - PESSOAS, QUALIDADE E INOVACAO NA ADMINISTRACAO PUBLICA                                               "
2004,273,CONSTRUCAO DE INFRA-ESTRUTURA RURAL                                                                                     
2004,275,ASSISTENCIA A FAMILIA                                                                                                   
2004,276,PROGRAMA DE APOIO AO DESENVOLVIMENTO MUNICIPAL - PADEM                                                                  
2004,277,ASSISTENCIA E PROTECAO AS VITIMAS E FAMILIARES DE CRIMES VIOLENTOS.                                                     
2004,279,"PROTECAO, PROMOCAO E RESGATE DA CIDADANIA                                                                               "
2004,280,TELEFONIA RURAL                                                                                                         
2004,281,COOPERACAO ESTADO E MUNICIPIO                                                                                           
2004,282,INCENTIVO AO DESPORTO                                                                                                   
2004,284,RESTRUTURACAO E MODERNIZACAO DA SEF - PNAFE/ BID/ ESTADO DE MINAS GERAIS                                                
2004,286,INTEGRACAO SOCIAL PELO ESPORTE                                                                                          
2004,287,GOVERNANCA ELETRONICA                                                                                                   
2004,288,ORDENAMENTO TERRITORIAL DE MINAS GERAIS                                                                                 
2004,289,PROGRAMA DE ORDENACAO TECNICA ESTRUTURAL DOS MUNICIPIOS                                                                 
2004,290,IRRIGAR MINAS                                                                                                           
2004,297,GERACAO DE CONHECIMENTO  CIENTIFICO E DE TECNOLOGIA AGROPECUARIO                                                        
2004,301,INDUCAO AO DESENVOLVIMENTO CIENTIFICO E TECNOLOGICO                                                                     
2004,304,EDUCACAO PROFISSIONAL DE SEGURANCA PUBLICA                                                                              
2004,305,DESENVOLVIMENTO DAS COMUNIDADES E INCREMENTO DAS POLITICAS PUBLICAS MUNICIPAIS                                          
2004,306,INTEGRACAO E EFICIENCIA DA GESTAO DAS ORGANIZACOES POLICIAIS                                                            
2004,307,ATENDIMENTO AOS ADOLESCENTES AUTORES DE ATO INFRACIONAL                                                                 
2004,308,PROMOCAO DE DEFESA CIVIL                                                                                                
2004,309,ASSISTENCIA AO MILITAR                                                                                                  
2004,310,UNIVERSALIZACAO E MELHORIA DO ENSINO MEDIO                                                                              
2004,311,INCLUSAO DIGITAL                                                                                                        
2004,312,REFORMA E PROFISSIONALIZACAO DO SISTEMA PRISIONAL                                                                       
2004,313,REDUCAO DA CRIMINALIDADE VIOLENTA EM MINAS GERAIS                                                                       
2004,315,ATENCAO A SAUDE DO SEGURADO                                                                                             
2004,320,REPRESENTACAO JURIDICA DO ESTADO                                                                                        
2004,321,CENTROS PUBLICOS DE PROMOCAO DO TRABALHO - UMA ESTRATEGIA PARA O PRIMEIRO EMPREGO                                       
2004,322,DESENVOLVIMENTO DE ESTUDOS E PESQUISAS APLICADAS                                                                        
2004,325,JULGAMENTO ADMINISTRATIVO DE DIREITOS RECLAMADOS                                                                        
2004,326,GERENCIAMENTO DAS ATIVIDADES DE FISCALIZACAO E DE TRIBUTACAO ESTADUAL                                                   
2004,327,"ABASTECIMENTO DE MEDICAMENTOS, IMUNOBIOLOGICOS E FITOTERAPICOS                                                          "
2004,328,MELHORIA E AMPLIACAO DO ENSINO FUNDAMENTAL                                                                              
2004,329,ADMINISTRACAO DE ESTADIOS                                                                                               
2004,330,BENEFICIOS ASSISTENCIAIS                                                                                                
2004,332,PESQUISA ORIGEM E DESTINO.                                                                                              
2004,334,RESERVA DE BENEFICIOS                                                                                                   
2004,335,"GERENCIAMENTO DAS ATIVIDADES CONTABEIS RELATIVAS A GESTAO ORCAMENTARIA , FINANCEIRA E PATRIMONIAL DO ESTAD              "
2004,336,POTENCIALIZACAO DO AGRONEGOCIO MINEIRO                                                                                  
2004,337,TRABALHO E DIGNIDADE SOCIAL PARA TODOS                                                                                  
2004,338,SEGURANCA ALIMENTAR                                                                                                     
2004,339,APOIO A REFORMA AGRARIA                                                                                                 
2004,340,PROJETO JAIBA                                                                                                           
2004,341,APOIO AOS PROGRAMAS HABITACIONAIS                                                                                       
2004,345,TRANSMISSAO DA PROGRAMACAO CULTURAL                                                                                     
2004,346,"GERENCIAMENTO DOS RECURSOS FINANCEIROS DO ESTADO, DOS GASTOS PUBLICOS E DA DIVIDA ESTADUAL                              "
2004,347,REESTRUTURACAO DA PLATAFORMA LOGISTICA E DE TRANSPORTES DA REGIAO METROPOLITANA DE BELO HORIZONTE - RMBH                
2004,348,INTEGRACAO ENTRE PLANO E ORCAMENTO                                                                                      
2004,349,PREVIDENCIA SOCIAL A SEGURADOS                                                                                          
2004,350,DESENVOLVIMENTO INDUSTRIAL DO ESTADO                                                                                    
2004,351,GESTAO DA POLITICA PUBLICA DE AGROPECUARIA                                                                              
2004,352,GESTAO ESTRATEGICA DE SUPRIMENTOS                                                                                       
2004,353,AVALIACAO EDUCACIONAL                                                                                                   
2004,356,GERAES - GESTAO ESTRATEGICA DOS RECURSOS E ACOES DO ESTADO                                                              
2004,357,"PROGRAMA DE PESQUISA, DESENVOLVIMENTO E SERVICOS TECNOLOGICOS                                                           "
2004,358,PREVENCAO SOCIAL DA CRIMINALIDADE                                                                                       
2004,359,GESTAO DE PATRIMONIO PUBLICO                                                                                            
2004,360,FHIDRO                                                                                                                  
2004,361,PRODUCAO DE SERVICOS LABORATORIAIS                                                                                      
2004,364,PLANEJAMENTO E ARTICULACAO DAS ACOES GOVERNAMENTAIS                                                                     
2004,365,PROPAGACAO DO DESENVOLVIMENTO TECNOLOGICO                                                                               
2004,366,DESENVOLVIMENTO DO ENSINO MEDIO - ESCOLA SANDOVAL SOARES DE AZEVEDO                                                     
2004,367,DESENVOLVIMENTO DO  ENSINO FUNDAMENTAL - ESCOLA SANDOVAL SOARES DE AZEVEDO                                              
2004,371,GESTAO DE RECURSOS HUMANOS                                                                                              
2004,374,FOMENTO AOS MICRO E PEQUENOS EMPREENDIMENTOS                                                                            
2004,376,REAPARELHAMENTO E MODERNIZACAO DA POLICIA CIVIL                                                                         
2004,378,UNIDADE PARCERIA PUBLICO-PRIVADA MG                                                                                     
2004,380,FOMENTO AO TURISMO MINEIRO                                                                                              
2004,382,MINAS SEM FOME                                                                                                          
2004,383,ESTRUTURACAO E MODERNIZACAO DA PERICIA                                                                                  
2004,384,VALORIZACAO E FORMACAO PROFISSIONAL                                                                                     
2004,385,RECOMPOSICAO E MANUTENCAO DE INFRAESTRUTURA DO CETEC                                                                    
2004,389,PROGRAMA ESTADUAL ANTIDROGAS                                                                                            
2004,390,ASSISTENCIA JURIDICA                                                                                                    
2004,391,ENERGIA ELETRICA PARA O NOROESTE MINEIRO                                                                                
2004,393,CURSOS TECNICOS DE FORMACAO PROFISSIONAL                                                                                
2004,395,SUPERVISAO  E  CONTROLE DO ENSINO SUPERIOR                                                                              
2004,397,PAVIMENTACAO DE LIGACOES E ACESSOS RODOVIARIOS AOS MUNICIPIOS                                                           
2004,407,AGROMINAS:  AGREGACAO DE VALOR E DIVERSIFICACAO DE CAFE                                                                 
2004,410,PLATAFORMA LOGISTICA DE COMERCIO EXTERIOR DA REGIAO METROPOLITANA DE BELO HORIZONTE                                     
2004,412,GERACAO DE CONHECIMENTOS CIENTIFICOS E BIOTECNOLOGICOS                                                                  
2004,455,PROMOCAO E DIVULGACAO DO TURISMO MINEIRO                                                                                
2004,504,FUNDO E BENEFICIO GARANTIA SAFRA                                                                                        
2004,509,REGIONALIZACAO DA ASSISTENCIA A SAUDE.                                                                                  
2004,515,FORMACAO DE RECURSOS HUMANOS-FHEMIG                                                                                     
2004,517,DEFESA SANITARIA                                                                                                        
2004,518,CONSTRUCAO E REFORMA DE UNIDADES PREDIAIS - FHEMIG                                                                      
2004,519,TREINAMENTO E FORMACAO DE RECURSOS HUMANOS-FUNED                                                                        
2004,520,SAUDE EM CASA                                                                                                           
2004,521,PROGRAMA DE GESTAO INSTITUCIONAL                                                                                        
2004,523,REDES ASSISTENCIAIS.                                                                                                    
2004,525,REGULACAO E FISCALIZACAO ENERGETICA                                                                                     
2004,526,SEGURANCA DE ALIMENTOS                                                                                                  
2004,528,CONSTRUCAO E REFORMA DE UNIDADES PREDIAIS - FUNED                                                                       
2004,529,PROGRAMA DE CONCESSAO DE RODOVIAS                                                                                       
2004,530,MAPEAMENTO GEOLOGICO DO ESTADO DE MINAS GERAIS                                                                          
2004,531,ASSISTENCIA FARMACEUTICA.                                                                                               
2004,532,PROMOCAO DA EMPRESA MINEIRA EXPORTADORA                                                                                 
2004,533,DIFUSAO TECNICA DO SETOR MINERAL                                                                                        
2004,534,"APOIO E INCENTIVO A MINERACAO E A INDUSTRIA DE TRANSFORMACAO MINERAL DE MICRO, E MEDIO PORTE                            "
2004,536,PROGRAMA DE INFORMACAO TECNOLOGICA                                                                                      
2004,538,EXPORTA MINAS                                                                                                           
2004,540,ARRANJOS PRODUTIVOS LOCAIS                                                                                              
2004,543,GESTAO EM SAUDE                                                                                                         
2004,546,ATENCAO A SAUDE                                                                                                         
2004,551,MINAS EXPORTA COM EXCELENCIA                                                                                            
2004,554,VIVA VIDA                                                                                                               
2004,556,FUNDO  METROPOLITANO                                                                                                    
2004,558,"PROMOCAO, PRODUCAO E DIFUSAO CULTURAL                                                                                   "
2004,559,PROTECAO E PRESERVACAO DO PATRIMONIO CULTURAL                                                                           
2004,560,APORTE DE CAPITAL                                                                                                       
2004,567,"MINAS, CAPITAL DO CONHECIMENTO                                                                                          "
2004,569,DESENVOLVIMENTO DO ARTESANATO EM MINAS GERAIS                                                                           
2004,574,FORMACAO DOS ARRANJOS PRODUTIVOS - MINAS AGREGA VALOR                                                                   
2004,575,ASSISTENCIA JUDICIAL                                                                                                    
2004,576,DESENVOLVIMENTO MINERO-METALURGICO                                                                                      
2004,577,CONSOLIDACAO DAS CADEIAS PRODUTIVAS - MINAS DO PRINCIPIO AO FIM                                                         
2004,579,PROMOCAO DO DESENVOLVIMENTO INDUSTRIAL                                                                                  
2004,580,PROMOCAO DO DESENVOLVIMENTO COMERCIAL E DOS SERVICOS                                                                    
2004,582,PROCESSO JUDICIARIO                                                                                                     
2004,584,MODERNIZACAO INSTITUCIONAL                                                                                              
2004,585,PROTECAO E DEFESA DO CONSUMIDOR                                                                                         
2004,593,SUPERVISAO E COORDENACAO SUPERIOR                                                                                       
2004,595,CORREICAO E ORIENTACAO                                                                                                  
2004,596,ESCOLA JUDICIAL                                                                                                         
2004,597,FISCALIZACAO DE RECURSOS PUBLICOS                                                                                       
2004,601,MANUTENCAO DOS SISTEMAS GERENCIAIS CORPORATIVOS                                                                         
2004,603,CONSTRUCAO E REFORMA DE UNIDADES PREDIAIS                                                                               
2004,605,CONTROLE INTERNO                                                                                                        
2004,607,CORREICAO ADMINISTRATIVA                                                                                                
2004,610,CONSTRUCAO E REPAROS DE UNIDADES PREDIAIS TRIBUNAL DE ALCADA                                                            
2004,612,CONSTRUCAO E REPAROS DE UNIDADES PREDIAIS TRIBUNAL DE JUSTICA DO ESTADO                                                 
2004,614,ACOES  EMERGENCIAIS DE SANEAMENTO                                                                                       
2004,615,PROGRAMA DE MOBILIZACAO DE COMUNIDADES                                                                                  
2004,616,PROMOCAO E EXTENSAO RURAL                                                                                               
2004,618,AJUSTE ESTRUTURAL DO ESTADO                                                                                             
2004,621,MODERNIZACAO DO SISTEMA DE CONTROLE EXTERNO DO TRIBUNAL DE CONTAS DO ESTADO DE MINAS GERAIS                             
2004,622,PROGRAMA INCLUSAO SOCIAL DE FAMILIAS VULNERABILIZADAS                                                                   
2004,999,RESERVA DE CONTINGENCIA                                                                                                 
2005,1,APOIO A ADMINISTRACAO PUBLICA                                                                                           
2005,2,OBRIGACOES ESPECIAIS                                                                                                    
2005,11,PROCESSO LEGISLATIVO                                                                                                    
2005,14,EDIFICACOES PUBLICAS                                                                                                    
2005,15,ESTUDOS E PESQUISAS LEGISLATIVOS                                                                                        
2005,18,APOIO HABITACIONAL                                                                                                      
2005,20,ASSISTENCIA  COMPLEMENTAR                                                                                               
2005,23,VIGILANCIA SANITARIA                                                                                                    
2005,25,PROGRAMA DE APOIO AO DESENVOLVIMENTO CIENTIFICO E TECNOLOGICO                                                           
2005,27,RADIODIFUSAO                                                                                                            
2005,29,ASSISTENCIA AO BOMBEIRO MILITAR                                                                                         
2005,32,CAIO MARTINS PRO-CRIANCAS E ADOLESCENTES                                                                                
2005,35,CENTRO ADMINISTRATIVO DO GOVERNO DE MINAS GERAIS                                                                        
2005,36,AUXILIO AOS MUNICIPIOS EM ACOES EMERGENCIAIS E OBRAS INFRA-ESTRUTURAIS                                                  
2005,49,POTENCIALIZACAO DA LOGISTICA DO TRIANGULO - ALTO PARANAIBA                                                              
2005,57,SERVICO ESPECIAL DE SEGURANCA                                                                                           
2005,58,ATENDIMENTO HOSPITALAR E AMBULATORIAL                                                                                   
2005,62,ADEQUACAO DA INFRA-ESTRUTURA FISICA DA HEMORREDE E CETEBIO EM MG                                                        
2005,64,ACOES DE DEFESA CIVIL NOS MUNICIPIOS MINEIROS                                                                           
2005,68,PROGRAMA DE PAVIMENTACAO DE RODOVIAS                                                                                    
2005,69,PROMOCAO ARTISTICO CULTURAL                                                                                             
2005,75,GESTAO DE RECURSOS HIDRICOS                                                                                             
2005,78,ASSISTENCIA HEMATOLOGICA E HEMOTERAPICA                                                                                 
2005,79,GERENCIAMENTO DE OBRAS DE INFRA-ESTRUTURA                                                                               
2005,80,SANEAMENTO BASICO: MAIS SAUDE PARA TODOS                                                                                
2005,82,FORMACAO ARTISTICO CULTURAL                                                                                             
2005,83,ESTUDOS E PESQUISAS EM HEMATOLOGIA E HEMOTERAPIA E DESENVOLVIMENTO DE RECURSOS HUMANOS                                  
2005,84,PRODUCAO E APRESENTACAO DE ESPETACULOS DOS CORPOS ESTAVEIS                                                              
2005,89,REDUCAO DA POBREZA RURAL E DA DESIGUALDADE                                                                              
2005,91,CIDADAO NOTA DEZ                                                                                                        
2005,93,ACESSO AO CONHECIMENTO E A INFORMACAO CULTURAL                                                                          
2005,111,FORMACAO DE RECURSOS HUMANOS PARA AREA CULTURAL                                                                         
2005,112,"PROMOCAO, PRODUCAO E DIFUSAO CULTURAL                                                                                   "
2005,113,EDICAO E CONFECCAO GRAFICA                                                                                              
2005,116,MELHORIA DO ENSINO FUNDAMENTAL                                                                                          
2005,121,COMERCIALIZACAO DE JORNAL E SERVICOS GRAFICOS EM GERAL.                                                                 
2005,122,PROGRAMA DE MANUTENCAO DA REDE RODOVIARIA ESTADUAL                                                                      
2005,123,PROGRAMA DE MANUTENCAO DA REDE RODOVIARIA                                                                               
2005,124,PROGRAMA DE DUPLICACAO DA RODOVIA FERNAO DIAS (BR381)                                                                   
2005,125,PROGRAMA DE OPERACAO DE VIA - OPERVIA                                                                                   
2005,126,METROPLAN                                                                                                               
2005,127,PROGRAMA DE INFRA-ESTRUTURA EM MUNICIPIOS                                                                               
2005,128,INCREMENTO A PRODUCAO CULTURAL                                                                                          
2005,130,REGISTRO PUBLICO DE EMPRESAS MERCANTIS E ATIVIDADES AFINS                                                               
2005,134,GESTAO AMBIENTAL MG SECULO XXI                                                                                          
2005,135,DESENVOLVIMENTO DA PESQUISA CIENTIFICA                                                                                  
2005,136,CONSTRUCOES E REFORMAS PREDIAIS                                                                                         
2005,138,ENSINO PROFISSIONAL                                                                                                     
2005,139,ENSINO SUPERIOR                                                                                                         
2005,140,EXTENSAO UNIVERSITARIA                                                                                                  
2005,142,GESTAO DA MELHORIA DA QUALIDADE AMBIENTAL                                                                               
2005,143,PRESERVACAO DE BENS CULTURAIS                                                                                           
2005,144,CORREDOR CULTURAL PRACA DA LIBERDADE - CASA DO CONDE                                                                    
2005,151,MANUTENCAO DE BIBLIOTECA COMUNITARIA                                                                                    
2005,152,CRESCER PARA A VIDA E PARA O TRABALHO.                                                                                  
2005,155,MELHORIA DA INFRA-ESTRUTURA DOS ACESSOS VIARIOS                                                                         
2005,157,MINAS PARA SEMPRE                                                                                                       
2005,158,CONSTRUCAO DO CAMPUS DA UEMG                                                                                            
2005,161,ATENDIMENTO HOSPITALAR AMBULATORIAL E EMERGENCIAL                                                                       
2005,166,MEMORIA DA CIDADE                                                                                                       
2005,172,REVITALIZACAO E DESENVOLVIMENTO SUSTENTAVEL DA BACIA HIDROGRAFICA DO RIO SAO FRANCISCO                                  
2005,175,PROGRAMA DE DESENVOLVIMENTO TURISTICO DO NORDESTE - FASE II - PRODETUR/NE-II                                            
2005,176,ESTRADAS TURISTICAS E ECOLOGICAS                                                                                        
2005,177,ATENDIMENTO AO ENSINO PROFISSIONAL                                                                                      
2005,178,DESENVOLVIMENTO DO ENSINO SUPERIOR                                                                                      
2005,179,ATENDIMENTO A EDUCACAO INFANTIL                                                                                         
2005,180,ATENDIMENTO A EDUCACAO DE JOVENS E ADULTOS                                                                              
2005,181,ATENDIMENTO A EDUCACAO ESPECIAL                                                                                         
2005,182,EXPLORACAO DE JOGOS DE LOTERIA NO ESTADO DE MINAS GERAIS                                                                
2005,183,ADMINISTRACAO DE PALACIOS                                                                                               
2005,186,CONSERVACAO DA BIODIVERSIDADE E DESENVOLVIMENTO FLORESTAL                                                               
2005,187,COORDENACAO E ASSESSORAMENTO SUPERIOR                                                                                   
2005,190,FORMACAO E CAPACITACAO DE RECURSOS HUMANOS E DESENVOLVIMENTO DE PESQUISAS/PROJETOS EM GESTAO PUBLICA                    
2005,193,COMUNICACAO SOCIAL                                                                                                      
2005,194,"DIREITOS INDIVIDUAIS, COLETIVOS, DIFUSOS E SEGURANCA DO CIDADAO                                                         "
2005,196,REPRESENTACAO E DEFESA DOS INTERESSES DO ESTADO DE MINAS GERAIS EM BRASILIA                                             
2005,197,REPRESENTACAO E DEFESA DOS INTERESSES DO ESTADO DE MINAS GERAIS NO RIO DE JANEIRO                                       
2005,199,REPRESENTACAO E DEFESA DOS INTERESSES DO ESTADO DE MINAS GERAIS EM SAO PAULO                                            
2005,201,APOIO A INFRA-ESTRUTURA VIARIA EM REGIOES ESTRATEGICAS                                                                  
2005,207,CIRCUITOS TURISTICOS                                                                                                    
2005,208,CORREDORES RADIAIS DE INTEGRACAO E DESENVOLVIMENTO                                                                      
2005,210,MODERNIZACAO DA RECEITA ESTADUAL                                                                                        
2005,211,PRESTACAO PREVIDENCIARIA                                                                                                
2005,212,TURISMO EM MINAS                                                                                                        
2005,213,LARES GERAES                                                                                                            
2005,214,SISTEMA DE SAUDE DOS MILITARES                                                                                          
2005,216,PROMOCAO E DIVULGACAO                                                                                                   
2005,217,ESTRADA REAL                                                                                                            
2005,219,OFERTA DE GAS NATURAL                                                                                                   
2005,223,ASSISTENCIA TECNICA E EXTENSAO RURAL - NOVOS TEMPOS                                                                     
2005,224,PROGRAMA DE QUALIDADE NO SERVICO PUBLICO - PQSP                                                                         
2005,227,EXERCICIO DA POLICIA TECNICO-CIENTIFICA                                                                                 
2005,228,RECOLHIMENTO E GUARDA DE DETENTOS DO ESTADO                                                                             
2005,229,PRESERVACAO DA ORDEM PUBLICA E EXERCICIO DA POLICIA JUDICIARIA NO ESTADO                                                
2005,230,FORMACAO DE POLICIAIS CIVIS                                                                                             
2005,231,POLICIA OSTENSIVA                                                                                                       
2005,233,OPERACAO E MANUTENCAO DE SISTEMA ELETRONICO                                                                             
2005,234,ENSINO MEDIO E FUNDAMENTAL- ESCOLA ESTADUAL ORDEM E PROGRESSO                                                           
2005,235,"CONSTRUCAO, AMPLIACAO E REFORMA DE UNIDADES PREDIAIS DA POLICIA CIVIL                                                   "
2005,237,"HABILITACAO DE PROFESSORES, EM NIVEL SUPERIOR,  PARA O ENSINO FUNDAMENTAL E MEDIO                                       "
2005,240,ADMINISTRACAO DE TRANSITO                                                                                               
2005,241,FORMACAO DE RECURSOS HUMANOS                                                                                            
2005,242,VIGILANCIA EPIDEMIOLOGICA E AMBIENTAL EM SAUDE                                                                          
2005,243,DESENVOLVIMENTO DO ENSINO FUNDAMENTAL E MEDIO - COLEGIO TIRADENTES                                                      
2005,244,ASSISTENCIA MEDICA E ODONTOLOGICA DA POLICIA CIVIL                                                                      
2005,246,VERIFICACAO E FISCALIZACAO METROLOGICA E DA QUALIDADE                                                                   
2005,251,PROGRAMA DE REGULARIZACAO FUNDIARIA                                                                                     
2005,253,MODERNIZACAO E AMPLIACAO DE EQUIPAMENTOS DO INSTITUTO DE GEOCIENCIAS APLICADAS                                          
2005,254,"PRODUCAO, SISTEMATIZACAO E DISSEMINACAO DE DADOS ESTATISTICOS                                                           "
2005,255,"POLITICA PUBLICA DE TRABALHO, EMPREGO E RENDA                                                                           "
2005,257,AMPLIACAO E ADEQUACAO DE INSTALACOES FISICAS                                                                            
2005,258,EMPRESA MINEIRA COMPETITIVA                                                                                             
2005,259,REESTRUTURACAO DO SISTEMA DE PLANEJAMENTO E GESTAO METROPOLITANA.                                                       
2005,260,APOIO E ATENDIMENTO A CRIANCA E AO ADOLESCENTE                                                                          
2005,262,INCLUSAO DA PESSOA COM DEFICIENCIA NAS POLITICAS SETORIAIS BASICAS                                                      
2005,263,ENSINO TECNICO  PARA O AGRONEGOCIO                                                                                      
2005,266,PRODUCAO E OPERACAO DO SISTEMA DE RADIODIFUSAO                                                                          
2005,267,POSTO DE SERVICO INTEGRADO URBANO (PSIU)                                                                                
2005,268,100% ELETRIFICACAO RURAL NO ESTADO DE MINAS GERAIS                                                                      
2005,269,ALIMENTACAO ESCOLAR                                                                                                     
2005,271,"CHOQUE DE GESTAO - PESSOAS, QUALIDADE E INOVACAO NA ADMINISTRACAO PUBLICA                                               "
2005,273,INFRA-ESTRUTURA RURAL                                                                                                   
2005,276,PROGRAMA DE APOIO AO DESENVOLVIMENTO MUNICIPAL - PADEM                                                                  
2005,277,ASSISTENCIA E PROTECAO AS VITIMAS E FAMILIARES DE CRIMES VIOLENTOS.                                                     
2005,280,TELEFONIA RURAL                                                                                                         
2005,281,COOPERACAO ESTADO E MUNICIPIO                                                                                           
2005,282,INCENTIVO AO DESPORTO                                                                                                   
2005,284,RESTRUTURACAO E MODERNIZACAO DA SEF - PNAFE/ BID/ ESTADO DE MINAS GERAIS                                                
2005,286,INTEGRACAO SOCIAL PELO ESPORTE                                                                                          
2005,287,GOVERNANCA ELETRONICA                                                                                                   
2005,288,ORDENAMENTO TERRITORIAL DE MINAS GERAIS                                                                                 
2005,289,PROGRAMA DE ORDENACAO TECNICA ESTRUTURAL DOS MUNICIPIOS                                                                 
2005,290,IRRIGAR MINAS                                                                                                           
2005,297,GERACAO DE CONHECIMENTO   E DE TECNOLOGIA AGROPECUARIA                                                                  
2005,301,INDUCAO AO DESENVOLVIMENTO CIENTIFICO E TECNOLOGICO                                                                     
2005,304,EDUCACAO PROFISSIONAL DE SEGURANCA PUBLICA                                                                              
2005,305,DESENVOLVIMENTO DAS COMUNIDADES E INCREMENTO DAS POLITICAS PUBLICAS MUNICIPAIS                                          
2005,306,INTEGRACAO E EFICIENCIA DA GESTAO DAS ORGANIZACOES POLICIAIS                                                            
2005,308,PROMOCAO DE DEFESA CIVIL                                                                                                
2005,309,ASSISTENCIA AO MILITAR                                                                                                  
2005,310,UNIVERSALIZACAO E MELHORIA DO ENSINO MEDIO                                                                              
2005,311,INCLUSAO DIGITAL                                                                                                        
2005,312,REFORMA E PROFISSIONALIZACAO DO SISTEMA PRISIONAL                                                                       
2005,313,REDUCAO DA CRIMINALIDADE VIOLENTA EM MINAS GERAIS                                                                       
2005,315,ATENCAO A SAUDE DO SEGURADO                                                                                             
2005,320,REPRESENTACAO JURIDICA DO ESTADO                                                                                        
2005,322,DESENVOLVIMENTO DE ESTUDOS E PESQUISAS APLICADAS                                                                        
2005,325,JULGAMENTO ADMINISTRATIVO DE DIREITOS RECLAMADOS                                                                        
2005,326,GERENCIAMENTO DAS ATIVIDADES DE FISCALIZACAO E DE TRIBUTACAO ESTADUAL                                                   
2005,327,PRODUCAO E DESENVOLVIMENTO DE MEDICAMENTOS                                                                              
2005,328,MELHORIA E AMPLIACAO DO ENSINO FUNDAMENTAL                                                                              
2005,329,ADMINISTRACAO DE ESTADIOS                                                                                               
2005,330,BENEFICIOS ASSISTENCIAIS                                                                                                
2005,334,RESERVA DE BENEFICIOS                                                                                                   
2005,335,"GERENCIAMENTO DAS ATIVIDADES CONTABEIS RELATIVAS A GESTAO ORCAMENTARIA , FINANCEIRA E PATRIMONIAL DO ESTAD              "
2005,336,POTENCIALIZACAO DO AGRONEGOCIO MINEIRO                                                                                  
2005,337,TRABALHO E DIGNIDADE SOCIAL PARA TODOS                                                                                  
2005,338,SEGURANCA ALIMENTAR                                                                                                     
2005,339,APOIO A REFORMA AGRARIA                                                                                                 
2005,340,PROJETO JAIBA                                                                                                           
2005,341,APOIO AOS PROGRAMAS HABITACIONAIS                                                                                       
2005,345,TRANSMISSAO DA PROGRAMACAO CULTURAL                                                                                     
2005,346,"GERENCIAMENTO DOS RECURSOS FINANCEIROS DO ESTADO, DOS GASTOS PUBLICOS E DA DIVIDA ESTADUAL                              "
2005,347,REESTRUTURACAO DA PLATAFORMA LOGISTICA E DE TRANSPORTES DA REGIAO METROPOLITANA DE BELO HORIZONTE - RMBH                
2005,348,INTEGRACAO ENTRE PLANO E ORCAMENTO                                                                                      
2005,349,PREVIDENCIA SOCIAL A SEGURADOS                                                                                          
2005,350,DESENVOLVIMENTO INDUSTRIAL DO ESTADO                                                                                    
2005,351,GESTAO DA POLITICA PUBLICA DE AGROPECUARIA                                                                              
2005,352,GESTAO ESTRATEGICA DE SUPRIMENTOS                                                                                       
2005,353,AVALIACAO EDUCACIONAL                                                                                                   
2005,356,GERAES - GESTAO ESTRATEGICA DOS RECURSOS E ACOES DO ESTADO                                                              
2005,357,"PROGRAMA DE PESQUISA, DESENVOLVIMENTO E SERVICOS TECNOLOGICOS                                                           "
2005,358,PREVENCAO SOCIAL DA CRIMINALIDADE                                                                                       
2005,359,GESTAO DE PATRIMONIO PUBLICO                                                                                            
2005,360,FHIDRO                                                                                                                  
2005,361,PRODUCAO DE SERVICOS LABORATORIAIS                                                                                      
2005,364,PLANEJAMENTO E ARTICULACAO DAS ACOES GOVERNAMENTAIS                                                                     
2005,365,PROPAGACAO DO DESENVOLVIMENTO TECNOLOGICO                                                                               
2005,366,DESENVOLVIMENTO DO ENSINO MEDIO - ESCOLA SANDOVAL SOARES DE AZEVEDO                                                     
2005,367,DESENVOLVIMENTO DO  ENSINO FUNDAMENTAL - ESCOLA SANDOVAL SOARES DE AZEVEDO                                              
2005,371,GESTAO DE RECURSOS HUMANOS                                                                                              
2005,374,FOMENTO AOS MICRO E PEQUENOS EMPREENDIMENTOS                                                                            
2005,376,REAPARELHAMENTO E MODERNIZACAO DA POLICIA CIVIL                                                                         
2005,378,PARCERIAS PUBLICO-PRIVADAS NO ESTADO DE MINAS GERAIS                                                                    
2005,382,MINAS SEM FOME                                                                                                          
2005,384,VALORIZACAO E FORMACAO PROFISSIONAL                                                                                     
2005,385,RECOMPOSICAO E MANUTENCAO DE INFRA-ESTRUTURA DO CETEC                                                                   
2005,389,PROGRAMA ESTADUAL ANTIDROGAS                                                                                            
2005,390,ASSISTENCIA JURIDICA                                                                                                    
2005,391,ENERGIA ELETRICA PARA O NOROESTE MINEIRO                                                                                
2005,393,CURSOS TECNICOS DE FORMACAO PROFISSIONAL                                                                                
2005,395,SUPERVISAO  E  CONTROLE DO ENSINO SUPERIOR                                                                              
2005,397,PAVIMENTACAO DE LIGACOES E ACESSOS RODOVIARIOS AOS MUNICIPIOS                                                           
2005,407,AGROMINAS:  AGREGACAO DE VALOR E DIVERSIFICACAO DE CAFE                                                                 
2005,410,PLATAFORMA LOGISTICA DE COMERCIO EXTERIOR DA REGIAO METROPOLITANA DE BELO HORIZONTE                                     
2005,412,GERACAO DE CONHECIMENTOS CIENTIFICOS E BIOTECNOLOGICOS                                                                  
2005,504,FUNDO E BENEFICIO GARANTIA SAFRA                                                                                        
2005,509,REGIONALIZACAO DA ASSISTENCIA A SAUDE.                                                                                  
2005,515,FORMACAO DE RECURSOS HUMANOS-FHEMIG                                                                                     
2005,517,DEFESA SANITARIA                                                                                                        
2005,518,CONSTRUCAO E REFORMA DE UNIDADES PREDIAIS - FHEMIG                                                                      
2005,519,CAPACITACAO E FORMACAO DE RECURSOS HUMANOS-FUNED/ESP                                                                    
2005,520,SAUDE EM CASA                                                                                                           
2005,521,PROGRAMA DE GESTAO INSTITUCIONAL                                                                                        
2005,525,REGULACAO E FISCALIZACAO ENERGETICA                                                                                     
2005,526,SEGURANCA DE ALIMENTOS                                                                                                  
2005,528,CONSTRUCAO E REFORMA DE UNIDADES PREDIAIS - FUNED                                                                       
2005,529,PROGRAMA DE CONCESSAO DE RODOVIAS                                                                                       
2005,530,MAPEAMENTO GEOLOGICO DO ESTADO DE MINAS GERAIS                                                                          
2005,531,ASSISTENCIA FARMACEUTICA.                                                                                               
2005,532,PROMOCAO DA EMPRESA MINEIRA EXPORTADORA                                                                                 
2005,533,DIFUSAO TECNICA DO SETOR MINERAL                                                                                        
2005,534,APOIO E INCENTIVO A MINERACAO E A INDUSTRIA DE TRANSFORMACAO MINERAL DE MICRO E MEDIO PORTE                             
2005,536,PROGRAMA DE INFORMACAO TECNOLOGICA                                                                                      
2005,538,EXPORTA MINAS                                                                                                           
2005,540,ARRANJOS PRODUTIVOS LOCAIS                                                                                              
2005,543,GESTAO EM SAUDE                                                                                                         
2005,546,ATENCAO A SAUDE                                                                                                         
2005,551,MINAS EXPORTA COM EXCELENCIA                                                                                            
2005,556,FUNDO  METROPOLITANO                                                                                                    
2005,558,"PROMOCAO, PRODUCAO E DIFUSAO CINEMATOGRAFICA                                                                            "
2005,559,PROTECAO E PRESERVACAO DO PATRIMONIO CULTURAL                                                                           
2005,567,"MINAS, CAPITAL DO CONHECIMENTO                                                                                          "
2005,569,DESENVOLVIMENTO DO ARTESANATO EM MINAS GERAIS                                                                           
2005,574,FORMACAO DOS ARRANJOS PRODUTIVOS - MINAS AGREGA VALOR                                                                   
2005,576,DESENVOLVIMENTO MINERO-METALURGICO - FDMM                                                                               
2005,577,CONSOLIDACAO DAS CADEIAS PRODUTIVAS - MINAS DO PRINCIPIO AO FIM                                                         
2005,579,PROMOCAO DO DESENVOLVIMENTO INDUSTRIAL                                                                                  
2005,580,PROMOCAO DO DESENVOLVIMENTO COMERCIAL E DOS SERVICOS                                                                    
2005,582,PROCESSO JUDICIARIO                                                                                                     
2005,584,MODERNIZACAO INSTITUCIONAL                                                                                              
2005,585,PROTECAO E DEFESA DO CONSUMIDOR                                                                                         
2005,593,SUPERVISAO E COORDENACAO SUPERIOR                                                                                       
2005,595,CORREICAO E ORIENTACAO                                                                                                  
2005,596,ESCOLA JUDICIAL                                                                                                         
2005,597,FISCALIZACAO DE RECURSOS PUBLICOS                                                                                       
2005,601,MANUTENCAO DOS SISTEMAS GERENCIAIS CORPORATIVOS                                                                         
2005,603,CONSTRUCAO E REFORMA DE UNIDADES PREDIAIS                                                                               
2005,605,CONTROLE INTERNO                                                                                                        
2005,607,CORREICAO ADMINISTRATIVA                                                                                                
2005,610,CONSTRUCAO E REPAROS DE UNIDADES PREDIAIS - TRIBUNAL DE ALCADA                                                          
2005,612,CONSTRUCAO E REPAROS DE UNIDADES PREDIAIS TRIBUNAL DE JUSTICA DO ESTADO                                                 
2005,614,ACOES  EMERGENCIAIS DE SANEAMENTO                                                                                       
2005,615,PROGRAMA DE MOBILIZACAO DE COMUNIDADES                                                                                  
2005,616,PROMOCAO E EXTENSAO RURAL                                                                                               
2005,618,AJUSTE ESTRUTURAL DO ESTADO                                                                                             
2005,621,MODERNIZACAO DO SISTEMA DE CONTROLE EXTERNO DO TRIBUNAL DE CONTAS DO ESTADO DE MINAS GERAIS                             
2005,622,INCLUSAO SOCIAL DE FAMILIAS VULNERABILIZADAS                                                                            
2005,624,ASSISTENCIA PREVIDENCIARIA                                                                                              
2005,630,PROMOCAO DOS DIREITOS HUMANOS                                                                                           
2005,632,PROGRAMA DE APOIO A PESQUISA EM EMPRESAS - PAPPE                                                                        
2005,633,INFRA-ESTRUTURA EM MODAIS DE TRANSPORTE NO ESTADO DE MINAS GERAIS                                                       
2005,634,ESCOLA FAMILIA AGRICOLA                                                                                                 
2005,636,PRO  MG - PROGRAMA DE RECUPERACAO E MANUTENCAO RODOVIARIA DO ESTADO DE MINAS GERAIS                                     
2005,638,MELHORIA DO ENSINO MEDIO                                                                                                
2005,639,CIDADAO.NET                                                                                                             
2005,640,LEITE PELA VIDA                                                                                                         
2005,641,COMUNIDADE VIVA                                                                                                         
2005,642,TURISMO SOLIDARIO                                                                                                       
2005,643,PROGRAMA PRIMEIRO EMPREGO                                                                                               
2005,644,AMPLIACAO DE VAGAS E MODERNIZACAO DA GESTAO DO SISTEMA PRISIONAL                                                        
2005,645,MINAS ALEM-FRONTEIRAS                                                                                                   
2005,680,PROGRAMA M  QUINAS PARA O DESENVOLVIMENTO                                                                               
2005,999,RESERVA DE CONTINGENCIA                                                                                                 
2006,1,APOIO A ADMINISTRACAO PUBLICA                                                                                           
2006,2,OBRIGACOES ESPECIAIS                                                                                                    
2006,11,PROCESSO LEGISLATIVO                                                                                                    
2006,14,EDIFICACOES PUBLICAS                                                                                                    
2006,15,ESTUDOS E PESQUISAS LEGISLATIVOS                                                                                        
2006,18,APOIO HABITACIONAL                                                                                                      
2006,20,ASSISTENCIA  COMPLEMENTAR                                                                                               
2006,23,VIGILANCIA SANITARIA                                                                                                    
2006,25,PROGRAMA DE APOIO AO DESENVOLVIMENTO CIENTIFICO E TECNOLOGICO                                                           
2006,27,RADIODIFUSAO                                                                                                            
2006,29,ASSISTENCIA AO BOMBEIRO MILITAR                                                                                         
2006,32,CAIO MARTINS PRO-CRIANCAS E ADOLESCENTES                                                                                
2006,35,CENTRO ADMINISTRATIVO DO ESTADO DE MINAS GERAIS                                                                         
2006,36,AUXILIO AOS MUNICIPIOS EM ACOES EMERGENCIAIS E OBRAS INFRA-ESTRUTURAIS                                                  
2006,49,INFRA-ESTRUTURA DE TRANSPORTES DO TRIANGULO - ALTO PARANAIBA                                                            
2006,57,SERVICO ESPECIAL DE SEGURANCA                                                                                           
2006,58,ATENDIMENTO HOSPITALAR E AMBULATORIAL                                                                                   
2006,62,ADEQUACAO DA INFRA-ESTRUTURA FISICA DA HEMORREDE E CETEBIO EM MG                                                        
2006,64,ACOES DE DEFESA CIVIL NOS MUNICIPIOS MINEIROS                                                                           
2006,68,PROGRAMA DE PAVIMENTACAO DE RODOVIAS                                                                                    
2006,75,GESTAO DE RECURSOS HIDRICOS                                                                                             
2006,78,ASSISTENCIA HEMATOLOGICA E HEMOTERAPICA                                                                                 
2006,79,GERENCIAMENTO DE OBRAS E SERVICOS DE ENGENHARIA PUBLICA                                                                 
2006,80,SANEAMENTO BASICO: MAIS SAUDE PARA TODOS                                                                                
2006,83,ESTUDOS E PESQUISAS EM HEMATOLOGIA E HEMOTERAPIA E DESENVOLVIMENTO DE RECURSOS HUMANOS                                  
2006,89,REDUCAO DA POBREZA RURAL E DA DESIGUALDADE                                                                              
2006,91,CIDADAO NOTA DEZ                                                                                                        
2006,113,EDICAO E CONFECCAO GRAFICA                                                                                              
2006,116,MELHORIA DO ENSINO FUNDAMENTAL                                                                                          
2006,121,COMERCIALIZACAO DE JORNAL E SERVICOS GRAFICOS EM GERAL.                                                                 
2006,122,PROGRAMA DE MANUTENCAO DA REDE RODOVIARIA ESTADUAL                                                                      
2006,123,PROGRAMA DE MANUTENCAO DA REDE RODOVIARIA                                                                               
2006,124,PROGRAMA DE DUPLICACAO DA RODOVIA FERNAO DIAS (BR381)                                                                   
2006,125,PROGRAMA DE OPERACAO DE VIA - OPERVIA                                                                                   
2006,126,METROPLAN                                                                                                               
2006,127,PROGRAMA DE INFRA-ESTRUTURA EM MUNICIPIOS                                                                               
2006,130,REGISTRO PUBLICO DE EMPRESAS MERCANTIS E ATIVIDADES AFINS                                                               
2006,134,GESTAO AMBIENTAL MG SECULO XXI                                                                                          
2006,135,DESENVOLVIMENTO DA PESQUISA CIENTIFICA                                                                                  
2006,136,CONSTRUCOES E REFORMAS PREDIAIS                                                                                         
2006,138,ENSINO PROFISSIONAL                                                                                                     
2006,139,ENSINO SUPERIOR                                                                                                         
2006,140,EXTENSAO UNIVERSITARIA                                                                                                  
2006,142,GESTAO DA MELHORIA DA QUALIDADE AMBIENTAL                                                                               
2006,143,PRESERVACAO DE BENS CULTURAIS                                                                                           
2006,144,CIRCUITO CULTURAL PRACA DA LIBERDADE                                                                                    
2006,151,MANUTENCAO DE BIBLIOTECA COMUNITARIA                                                                                    
2006,152,CRESCER PARA A VIDA E PARA O TRABALHO.                                                                                  
2006,155,MELHORIA DA INFRA-ESTRUTURA DOS ACESSOS VIARIOS                                                                         
2006,158,CONSTRUCAO DOS CAMPI  DA UEMG                                                                                           
2006,161,ATENDIMENTO HOSPITALAR AMBULATORIAL E EMERGENCIAL                                                                       
2006,172,REVITALIZACAO E DESENVOLVIMENTO SUSTENTAVEL DA BACIA HIDROGRAFICA DO RIO SAO FRANCISCO                                  
2006,175,PROGRAMA DE DESENVOLVIMENTO TURISTICO DO NORDESTE - FASE II - PRODETUR/NE-II                                            
2006,176,ESTRADAS TURISTICAS E ECOLOGICAS                                                                                        
2006,177,ATENDIMENTO AO ENSINO PROFISSIONAL                                                                                      
2006,178,DESENVOLVIMENTO DO ENSINO SUPERIOR                                                                                      
2006,179,ATENDIMENTO A EDUCACAO INFANTIL                                                                                         
2006,180,ATENDIMENTO A EDUCACAO DE JOVENS E ADULTOS                                                                              
2006,181,ATENDIMENTO A EDUCACAO ESPECIAL                                                                                         
2006,182,EXPLORACAO DE JOGOS DE LOTERIA NO ESTADO DE MINAS GERAIS                                                                
2006,183,ADMINISTRACAO DE PALACIOS                                                                                               
2006,186,CONSERVACAO DA BIODIVERSIDADE E DESENVOLVIMENTO FLORESTAL                                                               
2006,187,COORDENACAO E ASSESSORAMENTO SUPERIOR                                                                                   
2006,190,"FORMACAO, QUALIFICACAO E CAPACITACAO DE RECURSOS HUMANOS E DESENVOLVIMENTO DE PESQUISAS/PROJETOS EM GESTAO              "
2006,193,COMUNICACAO SOCIAL                                                                                                      
2006,194,PROGRAMA DOS DIREITOS DO CIDADAO                                                                                        
2006,196,REPRESENTACAO E DEFESA DOS INTERESSES DO ESTADO DE MINAS GERAIS EM BRASILIA                                             
2006,197,REPRESENTACAO E DEFESA DOS INTERESSES DO ESTADO DE MINAS GERAIS NO RIO DE JANEIRO                                       
2006,199,REPRESENTACAO E DEFESA DOS INTERESSES DO ESTADO DE MINAS GERAIS EM SAO PAULO                                            
2006,207,CIRCUITOS TURISTICOS                                                                                                    
2006,208,CORREDORES RADIAIS DE INTEGRACAO E DESENVOLVIMENTO                                                                      
2006,210,MODERNIZACAO DA FAZENDA ESTADUAL                                                                                        
2006,211,PRESTACAO PREVIDENCIARIA                                                                                                
2006,212,TURISMO EM MINAS                                                                                                        
2006,213,LARES GERAES                                                                                                            
2006,214,SISTEMA DE SAUDE DOS MILITARES                                                                                          
2006,216,PROMOCAO E DIVULGACAO                                                                                                   
2006,217,ESTRADA REAL                                                                                                            
2006,219,OFERTA DE GAS NATURAL                                                                                                   
2006,223,ASSISTENCIA TECNICA E EXTENSAO RURAL - NOVOS TEMPOS                                                                     
2006,224,PROGRAMA DE QUALIDADE NO SERVICO PUBLICO - PQSP                                                                         
2006,227,EXERCICIO DA POLICIA TECNICO-CIENTIFICA                                                                                 
2006,228,RECOLHIMENTO E GUARDA DE DETENTOS DO ESTADO                                                                             
2006,229,PRESERVACAO DA ORDEM PUBLICA E EXERCICIO DA POLICIA JUDICIARIA NO ESTADO                                                
2006,230,CAPACITACAO DE POLICIAIS CIVIS                                                                                          
2006,231,POLICIA OSTENSIVA                                                                                                       
2006,234,ENSINO MEDIO E FUNDAMENTAL- ESCOLA ESTADUAL ORDEM E PROGRESSO                                                           
2006,235,"CONSTRUCAO, AMPLIACAO E REFORMA DE UNIDADES PREDIAIS DA POLICIA CIVIL                                                   "
2006,237,"HABILITACAO DE PROFESSORES, EM NIVEL SUPERIOR,  PARA O ENSINO FUNDAMENTAL E MEDIO                                       "
2006,240,ADMINISTRACAO DE TRANSITO                                                                                               
2006,241,FORMACAO DE RECURSOS HUMANOS                                                                                            
2006,242,VIGILANCIA EPIDEMIOLOGICA E AMBIENTAL EM SAUDE                                                                          
2006,243,DESENVOLVIMENTO DO ENSINO FUNDAMENTAL E MEDIO - COLEGIO TIRADENTES                                                      
2006,244,ASSISTENCIA AMBULATORIAL DA POLICIA CIVIL                                                                               
2006,246,VERIFICACAO E FISCALIZACAO METROLOGICA E DA QUALIDADE                                                                   
2006,254,"PRODUCAO, SISTEMATIZACAO E DISSEMINACAO DE DADOS ESTATISTICOS                                                           "
2006,255,"POLITICA PUBLICA DE TRABALHO, EMPREGO E RENDA                                                                           "
2006,257,AMPLIACAO E ADEQUACAO DE INSTALACOES FISICAS                                                                            
2006,258,EMPRESA MINEIRA COMPETITIVA                                                                                             
2006,259,REESTRUTURACAO DO SISTEMA DE PLANEJAMENTO E GESTAO METROPOLITANA.                                                       
2006,260,APOIO E ATENDIMENTO A CRIANCA E AO ADOLESCENTE                                                                          
2006,262,INCLUSAO DA PESSOA COM DEFICIENCIA NAS POLITICAS SETORIAIS BASICAS                                                      
2006,263,ENSINO TECNICO  PARA O AGRONEGOCIO                                                                                      
2006,267,POSTO DE SERVICO INTEGRADO URBANO (PSIU)                                                                                
2006,268,100% ELETRIFICACAO RURAL NO ESTADO DE MINAS GERAIS - LUZ PARA TODOS                                                     
2006,269,ALIMENTACAO ESCOLAR                                                                                                     
2006,271,"CHOQUE DE GESTAO - PESSOAS, QUALIDADE E INOVACAO NA ADMINISTRACAO PUBLICA                                               "
2006,273,INFRA-ESTRUTURA RURAL                                                                                                   
2006,276,PROGRAMA DE APOIO AO DESENVOLVIMENTO MUNICIPAL - PADEM                                                                  
2006,277,ASSISTENCIA E PROTECAO AS VITIMAS E FAMILIARES DE CRIMES VIOLENTOS.                                                     
2006,280,TELEFONIA RURAL                                                                                                         
2006,281,COOPERACAO ESTADO E MUNICIPIO                                                                                           
2006,282,INCENTIVO AO DESPORTO                                                                                                   
2006,286,INTEGRACAO SOCIAL PELO ESPORTE                                                                                          
2006,287,GOVERNANCA ELETRONICA                                                                                                   
2006,288,ORDENAMENTO TERRITORIAL DE MINAS GERAIS                                                                                 
2006,289,PROGRAMA DE ORDENACAO TECNICA ESTRUTURAL DOS MUNICIPIOS                                                                 
2006,290,IRRIGAR MINAS                                                                                                           
2006,297,GERACAO DE CONHECIMENTO   E DE TECNOLOGIA AGROPECUARIA                                                                  
2006,301,INDUCAO AO DESENVOLVIMENTO CIENTIFICO E TECNOLOGICO                                                                     
2006,304,EDUCACAO PROFISSIONAL DE SEGURANCA PUBLICA                                                                              
2006,305,DESENVOLVIMENTO DAS COMUNIDADES E INCREMENTO DAS POLITICAS PUBLICAS MUNICIPAIS                                          
2006,306,INTEGRACAO E EFICIENCIA DA GESTAO DAS ORGANIZACOES POLICIAIS                                                            
2006,308,PROMOCAO DE DEFESA CIVIL                                                                                                
2006,309,ASSISTENCIA AO MILITAR                                                                                                  
2006,310,UNIVERSALIZACAO E MELHORIA DO ENSINO MEDIO                                                                              
2006,311,INCLUSAO DIGITAL                                                                                                        
2006,312,REFORMA E PROFISSIONALIZACAO DO SISTEMA PRISIONAL                                                                       
2006,313,REDUCAO DA CRIMINALIDADE EM MINAS GERAIS                                                                                
2006,315,ATENCAO A SAUDE DO SEGURADO                                                                                             
2006,320,"REPRESENTACAO JUDICIAL, COBRANCA DA DIVIDA ATIVA E ASSESSORAMENTO JURIDICO AO ESTADO                                    "
2006,322,DESENVOLVIMENTO DE ESTUDOS E PESQUISAS APLICADAS                                                                        
2006,325,REPRESENTACAO EXTRAJUDICIAL DO ESTADO E JULGAMENTOS ADMINISTRATIVOS                                                     
2006,326,GERENCIAMENTO DAS ATIVIDADES DE FISCALIZACAO E DE TRIBUTACAO ESTADUAL                                                   
2006,327,PRODUCAO E DESENVOLVIMENTO DE MEDICAMENTOS                                                                              
2006,328,MELHORIA E AMPLIACAO DO ENSINO FUNDAMENTAL                                                                              
2006,329,ADMINISTRACAO DE ESTADIOS                                                                                               
2006,330,BENEFICIOS ASSISTENCIAIS                                                                                                
2006,334,RESERVA DE BENEFICIOS                                                                                                   
2006,335,"GERENCIAMENTO DAS ATIVIDADES CONTABEIS RELATIVAS A GESTAO ORCAMENTARIA , FINANCEIRA E PATRIMONIAL DO ESTAD              "
2006,336,POTENCIALIZACAO DO AGRONEGOCIO MINEIRO                                                                                  
2006,337,TRABALHO E DIGNIDADE SOCIAL PARA TODOS                                                                                  
2006,338,SEGURANCA ALIMENTAR                                                                                                     
2006,339,APOIO A REFORMA AGRARIA                                                                                                 
2006,340,PROJETO JAIBA                                                                                                           
2006,341,APOIO AOS PROGRAMAS HABITACIONAIS                                                                                       
2006,346,"GERENCIAMENTO DOS RECURSOS FINANCEIROS DO ESTADO, DOS GASTOS PUBLICOS E DA DIVIDA ESTADUAL                              "
2006,347,INFRA-ESTRUTURA DE TRANSPORTES DA REGIAO METROPOLITANA DE BELO HORIZONTE - RMBH                                         
2006,348,PLANEJAMENTO E ORCAMENTO GOVERNAMENTAL                                                                                  
2006,349,PREVIDENCIA SOCIAL A SEGURADOS                                                                                          
2006,350,DESENVOLVIMENTO INDUSTRIAL DO ESTADO                                                                                    
2006,351,"PROGRAMA DE REVITALIZACAO E FOMENTO DA AGRICULTURA, PECUARIA E ABASTECIMENTO DE MINAS GERAIS                            "
2006,352,GESTAO ESTRATEGICA DE SUPRIMENTOS                                                                                       
2006,353,AVALIACAO EDUCACIONAL                                                                                                   
2006,356,GERAES - GESTAO ESTRATEGICA DOS RECURSOS E ACOES DO ESTADO                                                              
2006,357,"PROGRAMA DE PESQUISA, DESENVOLVIMENTO E SERVICOS TECNOLOGICOS                                                           "
2006,358,PREVENCAO SOCIAL DA CRIMINALIDADE                                                                                       
2006,359,GESTAO DE PATRIMONIO PUBLICO                                                                                            
2006,360,FHIDRO                                                                                                                  
2006,361,PRODUCAO DE SERVICOS LABORATORIAIS                                                                                      
2006,364,PLANEJAMENTO E ARTICULACAO DAS ACOES GOVERNAMENTAIS                                                                     
2006,365,PROPAGACAO DO DESENVOLVIMENTO TECNOLOGICO                                                                               
2006,366,DESENVOLVIMENTO DO ENSINO MEDIO - ESCOLA SANDOVAL SOARES DE AZEVEDO                                                     
2006,367,DESENVOLVIMENTO DO  ENSINO FUNDAMENTAL - ESCOLA SANDOVAL SOARES DE AZEVEDO                                              
2006,371,GESTAO DE RECURSOS HUMANOS                                                                                              
2006,374,FOMENTO AOS MICRO E PEQUENOS EMPREENDIMENTOS                                                                            
2006,376,REAPARELHAMENTO E MODERNIZACAO DA POLICIA CIVIL                                                                         
2006,378,PARCERIAS PUBLICO-PRIVADAS NO ESTADO DE MINAS GERAIS                                                                    
2006,382,MINAS SEM FOME                                                                                                          
2006,384,VALORIZACAO E FORMACAO PROFISSIONAL                                                                                     
2006,385,RECOMPOSICAO E MANUTENCAO DE INFRA-ESTRUTURA DO CETEC                                                                   
2006,390,ASSISTENCIA JURIDICA                                                                                                    
2006,391,ENERGIA ELETRICA PARA O NOROESTE MINEIRO                                                                                
2006,393,CURSOS TECNICOS DE FORMACAO PROFISSIONAL                                                                                
2006,395,SUPERVISAO  E  CONTROLE DO ENSINO SUPERIOR                                                                              
2006,397,PAVIMENTACAO DE LIGACOES E ACESSOS RODOVIARIOS AOS MUNICIPIOS                                                           
2006,407,"AGROMINAS:  AGREGACAO DE VALOR, RASTREABILIDADE E CERTIFICACAO DE CAFES EM MINAS GERAIS                                 "
2006,410,PLATAFORMA LOGISTICA DE COMERCIO EXTERIOR DA REGIAO METROPOLITANA DE BELO HORIZONTE                                     
2006,412,GERACAO DE CONHECIMENTOS CIENTIFICOS E BIOTECNOLOGICOS                                                                  
2006,504,FUNDO E BENEFICIO GARANTIA SAFRA                                                                                        
2006,509,REGIONALIZACAO DA ASSISTENCIA A SAUDE.                                                                                  
2006,515,FORMACAO DE RECURSOS HUMANOS-FHEMIG                                                                                     
2006,517,DEFESA SANITARIA                                                                                                        
2006,518,CONSTRUCAO E REFORMA DE UNIDADES PREDIAIS - FHEMIG                                                                      
2006,519,CAPACITACAO E FORMACAO DE RECURSOS HUMANOS-FUNED/ESP                                                                    
2006,520,SAUDE EM CASA                                                                                                           
2006,521,PROGRAMA DE GESTAO INSTITUCIONAL                                                                                        
2006,526,SEGURANCA DE ALIMENTOS                                                                                                  
2006,528,CONSTRUCAO E REFORMA DE UNIDADES PREDIAIS - FUNED                                                                       
2006,529,PROGRAMA DE CONCESSAO DE RODOVIAS                                                                                       
2006,530,MAPEAMENTO GEOLOGICO DO ESTADO DE MINAS GERAIS                                                                          
2006,531,ASSISTENCIA FARMACEUTICA.                                                                                               
2006,532,PROMOCAO DA EMPRESA MINEIRA EXPORTADORA                                                                                 
2006,533,DIFUSAO TECNICA DO SETOR MINERAL                                                                                        
2006,534,APOIO E INCENTIVO A MINERACAO E A INDUSTRIA DE TRANSFORMACAO MINERAL                                                    
2006,536,PROGRAMA DE INFORMACAO TECNOLOGICA                                                                                      
2006,538,EXPORTA MINAS                                                                                                           
2006,540,ARRANJOS PRODUTIVOS LOCAIS                                                                                              
2006,543,GESTAO EM SAUDE                                                                                                         
2006,546,ATENCAO A SAUDE                                                                                                         
2006,551,MINAS EXPORTA COM EXCELENCIA                                                                                            
2006,556,FUNDO  METROPOLITANO                                                                                                    
2006,558,"PROMOCAO, PRODUCAO E DIFUSAO CINEMATOGRAFICA                                                                            "
2006,559,PROTECAO E PRESERVACAO DO PATRIMONIO CULTURAL                                                                           
2006,567,"MINAS, CAPITAL DO CONHECIMENTO                                                                                          "
2006,569,PROMOCAO E DESENVOLVIMENTO DO ARTESANATO EM MINAS GERAIS                                                                
2006,576,DESENVOLVIMENTO MINERO-METALURGICO - FDMM                                                                               
2006,577,CONSOLIDACAO DAS CADEIAS PRODUTIVAS - MINAS DO PRINCIPIO AO FIM                                                         
2006,582,PROCESSO JUDICIARIO                                                                                                     
2006,584,MODERNIZACAO INSTITUCIONAL                                                                                              
2006,585,PROTECAO E DEFESA DO CONSUMIDOR                                                                                         
2006,593,SUPERVISAO E COORDENACAO SUPERIOR                                                                                       
2006,595,CORREICAO E ORIENTACAO                                                                                                  
2006,596,ESCOLA JUDICIAL                                                                                                         
2006,597,FISCALIZACAO DE RECURSOS PUBLICOS                                                                                       
2006,601,MANUTENCAO DOS SISTEMAS GERENCIAIS CORPORATIVOS                                                                         
2006,603,CONSTRUCAO E REFORMA DE UNIDADES PREDIAIS                                                                               
2006,605,CONTROLE INTERNO                                                                                                        
2006,607,CORREICAO ADMINISTRATIVA                                                                                                
2006,612,CONSTRUCAO E REPAROS DE UNIDADES PREDIAIS TRIBUNAL DE JUSTICA DO ESTADO                                                 
2006,614,ACOES  EMERGENCIAIS DE SANEAMENTO                                                                                       
2006,615,PROGRAMA DE MOBILIZACAO DE COMUNIDADES                                                                                  
2006,616,PROMOCAO E EXTENSAO RURAL                                                                                               
2006,618,EMPRESTIMO DE POLITICAS DE DESENVOLVIMENTO - DEVELOPMENT POLICY LOAN (DPL)                                              
2006,621,MODERNIZACAO DO SISTEMA DE CONTROLE EXTERNO DO TRIBUNAL DE CONTAS DO ESTADO DE MINAS GERAIS                             
2006,622,INCLUSAO SOCIAL DE FAMILIAS VULNERABILIZADAS                                                                            
2006,624,ASSISTENCIA PREVIDENCIARIA                                                                                              
2006,630,PROMOCAO DOS DIREITOS HUMANOS                                                                                           
2006,632,PROGRAMA DE APOIO A PESQUISA EM EMPRESAS - PAPPE                                                                        
2006,633,INFRA-ESTRUTURA EM MODAIS DE TRANSPORTE NO ESTADO DE MINAS GERAIS                                                       
2006,634,ESCOLA FAMILIA AGRICOLA                                                                                                 
2006,636,PRO  MG - PROGRAMA DE RECUPERACAO E MANUTENCAO RODOVIARIA DO ESTADO DE MINAS GERAIS                                     
2006,638,MELHORIA DO ENSINO MEDIO                                                                                                
2006,639,CIDADAO.NET                                                                                                             
2006,640,LEITE PELA VIDA                                                                                                         
2006,641,COMUNIDADE VIVA                                                                                                         
2006,642,TURISMO SOLIDARIO                                                                                                       
2006,643,PROGRAMA PRIMEIRO EMPREGO                                                                                               
2006,644,AMPLIACAO DE VAGAS E MODERNIZACAO DA GESTAO DO SISTEMA PRISIONAL                                                        
2006,645,MINAS ALEM-FRONTEIRAS                                                                                                   
2006,651,GESTAO DE PROJETOS                                                                                                      
2006,655,REDE DE SUPORTE SOCIAL  AO DEPENDENTE QUIMICO                                                                           
2006,658,ENERGIA NA IRRIGACAO                                                                                                    
2006,659,PRESERVACAO DO PATRIMONIO CULTURAL                                                                                      
2006,660,GESTAO E DISSEMINACAO DA INFORMACAO CULTURAL                                                                            
2006,661,FORMACAO E CAPACITACAO CULTURAL E ARTISTICA                                                                             
2006,662,FOMENTO A PRODUCAO CULTURAL                                                                                             
2006,663,PRODUCAO E DIFUSAO CULTURAL                                                                                             
2006,664,INFRA-ESTRUTURA CULTURAL                                                                                                
2006,666,PLANO MINEIRO DA SILVICULTURA                                                                                           
2006,667,ESTRUTURACAO DA POLITICA ENERGETICA DO ESTADO DE MINAS GERAIS                                                           
2006,668,AUXILIOS A MUNICIPIOS EM ACOES EMERGENCIAIS                                                                             
2006,669,DESENVOLVIMENTO URBANO                                                                                                  
2006,673,PROGRAMA DE MOBILIZACAO E INTEGRACAO DE MUNICIPIOS PARA O DESENVOLVIMENTO REGIONAL                                      
2006,674,"PROMOCAO DO DESENVOLVIMENTO ECONOMICO INDUSTRIAL, DO COMERCIO E DOS SERVICOS                                            "
2006,675,GESTAO DO SISTEMA                                                                                                       
2006,676,MINAS OLIMPICA                                                                                                          
2006,677,RECURSOS PARA CONTRAPARTIDA A CONVENIOS                                                                                 
2006,678,POS-GRADUACAO LATO-SENSU                                                                                                
2006,679,OPERACAO E MANUTENCAO DO  SISTEMA DE GERACAO E TRANSMISSAO DE TELEVISAO                                                 
2006,680,PROGRAMA MAQUINAS PARA O DESENVOLVIMENTO                                                                                
2006,685,"PROMOCAO, PROTECAO E RESGATE DA CIDADANIA                                                                               "
2006,688,PROGRAMA DE COMBATE A POBREZA RURAL                                                                                     
2006,689,MINAS ESPORTE                                                                                                           
2006,699,FOMENTO E INTERIORIZACAO CULTURAL EM MINAS GERAIS                                                                       
2006,708,PROGRAMA DE UNIVERSALIZACAO DO ACESSO A SERVICOS DE TELECOMUNICACAO EM MINAS GERAIS - MINAS COMUNICA                    
2006,999,RESERVA DE CONTINGENCIA                                                                                                 
2007,1,APOIO A ADMINISTRACAO PUBLICA                                                                                           
2007,2,OBRIGACOES ESPECIAIS                                                                                                    
2007,11,PROCESSO LEGISLATIVO                                                                                                    
2007,14,EDIFICACOES PUBLICAS                                                                                                    
2007,15,ESTUDOS E PESQUISAS LEGISLATIVOS                                                                                        
2007,18,APOIO HABITACIONAL                                                                                                      
2007,20,ASSISTENCIA  COMPLEMENTAR                                                                                               
2007,25,PROGRAMA DE APOIO AO DESENVOLVIMENTO CIENTIFICO E TECNOLOGICO                                                           
2007,27,RADIODIFUSAO                                                                                                            
2007,29,ASSISTENCIA AO BOMBEIRO MILITAR                                                                                         
2007,32,CAIO MARTINS PRO-CRIANCAS E ADOLESCENTES                                                                                
2007,35,CENTRO ADMINISTRATIVO DO ESTADO DE MINAS GERAIS                                                                         
2007,36,AUXILIO AOS MUNICIPIOS EM ACOES EMERGENCIAIS E OBRAS INFRA-ESTRUTURAIS                                                  
2007,49,INFRA-ESTRUTURA DE TRANSPORTES DO TRIANGULO - ALTO PARANAIBA                                                            
2007,57,SERVICO ESPECIAL DE SEGURANCA                                                                                           
2007,58,ATENDIMENTO HOSPITALAR E AMBULATORIAL                                                                                   
2007,62,ADEQUACAO DA INFRA-ESTRUTURA FISICA DA HEMORREDE E CETEBIO EM MG                                                        
2007,64,ACOES DE DEFESA CIVIL NOS MUNICIPIOS MINEIROS                                                                           
2007,68,PROGRAMA DE PAVIMENTACAO DE RODOVIAS                                                                                    
2007,75,GESTAO DE RECURSOS HIDRICOS                                                                                             
2007,78,ASSISTENCIA HEMATOLOGICA E HEMOTERAPICA                                                                                 
2007,79,GERENCIAMENTO E FISCALIZACAO DE OBRAS E SERVICOS DE ENGENHARIA PUBLICA                                                  
2007,80,SANEAMENTO BASICO: MAIS SAUDE PARA TODOS                                                                                
2007,83,ESTUDOS E PESQUISAS EM HEMATOLOGIA E HEMOTERAPIA                                                                        
2007,91,CIDADAO NOTA DEZ                                                                                                        
2007,113,EDICAO E CONFECCAO GRAFICA                                                                                              
2007,116,MELHORIA DO ENSINO FUNDAMENTAL                                                                                          
2007,121,COMERCIALIZACAO DE JORNAL E SERVICOS GRAFICOS EM GERAL.                                                                 
2007,123,PROGRAMA DE MANUTENCAO DA REDE RODOVIARIA                                                                               
2007,124,PROGRAMA DE DUPLICACAO DA RODOVIA FERNAO DIAS (BR381)                                                                   
2007,125,PROGRAMA DE OPERACAO DE VIA - OPERVIA                                                                                   
2007,126,METROPLAN                                                                                                               
2007,127,PROGRAMA DE INFRA-ESTRUTURA EM MUNICIPIOS                                                                               
2007,130,REGISTRO PUBLICO DE EMPRESAS MERCANTIS E ATIVIDADES AFINS                                                               
2007,134,GESTAO AMBIENTAL MG SECULO XXI                                                                                          
2007,135,DESENVOLVIMENTO DA PESQUISA CIENTIFICA                                                                                  
2007,136,CONSTRUCOES E REFORMAS PREDIAIS                                                                                         
2007,138,ENSINO PROFISSIONAL                                                                                                     
2007,139,ENSINO SUPERIOR                                                                                                         
2007,140,EXTENSAO UNIVERSITARIA                                                                                                  
2007,142,GESTAO DA MELHORIA DA QUALIDADE AMBIENTAL                                                                               
2007,143,PRESERVACAO DE BENS CULTURAIS                                                                                           
2007,144,CIRCUITO CULTURAL PRACA DA LIBERDADE                                                                                    
2007,152,CRESCER PARA A VIDA E PARA O TRABALHO.                                                                                  
2007,155,MELHORIA DA INFRA-ESTRUTURA DOS ACESSOS VIARIOS                                                                         
2007,158,CONSTRUCAO DOS CAMPI  DA UEMG                                                                                           
2007,159,DENSIFICACAO DA REDE BASICA DE MARCOS DE 1A ORDEM                                                                       
2007,161,ATENDIMENTO HOSPITALAR AMBULATORIAL E EMERGENCIAL                                                                       
2007,172,REVITALIZACAO E DESENVOLVIMENTO SUSTENTAVEL DA BACIA HIDROGRAFICA DO RIO SAO FRANCISCO                                  
2007,175,PROGRAMA DE DESENVOLVIMENTO TURISTICO DO NORDESTE - FASE II - PRODETUR/NE-II                                            
2007,176,ESTRADAS TURISTICAS E ECOLOGICAS                                                                                        
2007,177,ATENDIMENTO AO ENSINO PROFISSIONAL                                                                                      
2007,178,DESENVOLVIMENTO DO ENSINO SUPERIOR                                                                                      
2007,179,ATENDIMENTO A EDUCACAO INFANTIL                                                                                         
2007,180,ATENDIMENTO A EDUCACAO DE JOVENS E ADULTOS                                                                              
2007,181,ATENDIMENTO A EDUCACAO ESPECIAL                                                                                         
2007,182,EXPLORACAO DE JOGOS DE LOTERIA NO ESTADO DE MINAS GERAIS                                                                
2007,183,ADMINISTRACAO DE PALACIOS                                                                                               
2007,186,CONSERVACAO DA BIODIVERSIDADE E DESENVOLVIMENTO FLORESTAL                                                               
2007,187,COORDENACAO E ASSESSORAMENTO SUPERIOR                                                                                   
2007,190,"FORMACAO, QUALIFICACAO E CAPACITACAO DE RECURSOS HUMANOS E DESENVOLVIMENTO DE PESQUISAS/PROJETOS EM GESTAO              "
2007,193,COMUNICACAO SOCIAL                                                                                                      
2007,194,PROGRAMA DOS DIREITOS DO CIDADAO                                                                                        
2007,196,REPRESENTACAO E DEFESA DOS INTERESSES DO ESTADO DE MINAS GERAIS EM BRASILIA                                             
2007,197,REPRESENTACAO E DEFESA DOS INTERESSES DO ESTADO DE MINAS GERAIS NO RIO DE JANEIRO                                       
2007,199,REPRESENTACAO E DEFESA DOS INTERESSES DO ESTADO DE MINAS GERAIS EM SAO PAULO                                            
2007,207,CIRCUITOS TURISTICOS                                                                                                    
2007,208,CORREDORES RADIAIS DE INTEGRACAO E DESENVOLVIMENTO                                                                      
2007,210,MODERNIZACAO DA FAZENDA ESTADUAL                                                                                        
2007,211,PRESTACAO PREVIDENCIARIA                                                                                                
2007,212,TURISMO EM MINAS                                                                                                        
2007,213,LARES GERAES                                                                                                            
2007,214,SISTEMA DE SAUDE DOS MILITARES                                                                                          
2007,217,ESTRADA REAL                                                                                                            
2007,223,ASSISTENCIA TECNICA E EXTENSAO RURAL - NOVOS TEMPOS                                                                     
2007,228,RECOLHIMENTO E GUARDA DE DETENTOS DO ESTADO                                                                             
2007,229,"PRESERVACAO DA ORDEM PUBLICA,  EXERCICIO DA POLICIA JUDICIARIA E INVESTIGACAO CRIMINAL                                  "
2007,230,FORMACAO E CAPACITACAO DE POLICIAIS CIVIS                                                                               
2007,231,POLICIA OSTENSIVA                                                                                                       
2007,234,ENSINO MEDIO E FUNDAMENTAL- ESCOLA ESTADUAL ORDEM E PROGRESSO                                                           
2007,235,"CONSTRUCAO, AMPLIACAO E REFORMA DE UNIDADES PREDIAIS DA POLICIA CIVIL                                                   "
2007,237,"HABILITACAO DE PROFESSORES, EM NIVEL SUPERIOR,  PARA O ENSINO FUNDAMENTAL E MEDIO                                       "
2007,240,ADMINISTRACAO DE TRANSITO                                                                                               
2007,241,FORMACAO DE RECURSOS HUMANOS                                                                                            
2007,243,DESENVOLVIMENTO DO ENSINO FUNDAMENTAL E MEDIO - COLEGIO TIRADENTES                                                      
2007,244,ASSISTENCIA AMBULATORIAL DA POLICIA CIVIL                                                                               
2007,246,VERIFICACAO E FISCALIZACAO METROLOGICA E DA QUALIDADE                                                                   
2007,254,"PRODUCAO, SISTEMATIZACAO E DISSEMINACAO DE DADOS ESTATISTICOS                                                           "
2007,255,"POLITICA DE TRABALHO, EMPREGO E RENDA                                                                                   "
2007,257,AMPLIACAO E ADEQUACAO DE INSTALACOES FISICAS                                                                            
2007,258,EMPRESA MINEIRA COMPETITIVA                                                                                             
2007,259,REESTRUTURACAO DO SISTEMA DE PLANEJAMENTO E GESTAO METROPOLITANA E DESENVOLVIMENTO URBANO                               
2007,262,INCLUSAO DA PESSOA COM DEFICIENCIA NAS POLITICAS SETORIAIS BASICAS                                                      
2007,263,ENSINO TECNICO  PARA O AGRONEGOCIO                                                                                      
2007,267,POSTO DE SERVICO INTEGRADO URBANO (PSIU)                                                                                
2007,269,ALIMENTACAO ESCOLAR                                                                                                     
2007,271,"CHOQUE DE GESTAO - PESSOAS, QUALIDADE E INOVACAO NA ADMINISTRACAO PUBLICA                                               "
2007,273,INFRA-ESTRUTURA RURAL                                                                                                   
2007,276,PROGRAMA DE APOIO AO DESENVOLVIMENTO MUNICIPAL - PADEM                                                                  
2007,277,PROTECAO A VITIMAS DE VIOLENCIA E REPARACAO A VIOLACAO DE DIREITOS HUMANOS.                                             
2007,280,TELEFONIA RURAL                                                                                                         
2007,281,COOPERACAO ESTADO E MUNICIPIO                                                                                           
2007,282,INCENTIVO AO DESPORTO                                                                                                   
2007,286,INTEGRACAO SOCIAL PELO ESPORTE E LAZER                                                                                  
2007,287,GOVERNANCA ELETRONICA                                                                                                   
2007,288,ORDENAMENTO TERRITORIAL DE MINAS GERAIS                                                                                 
2007,290,IRRIGAR MINAS                                                                                                           
2007,297,GERACAO DE CONHECIMENTO   E DE TECNOLOGIA AGROPECUARIA                                                                  
2007,300,PRESERVACAO DO ACERVO DA ESTRUTURACAO GEOPOLITICA DE MINAS GERAIS                                                       
2007,301,INDUCAO AO DESENVOLVIMENTO CIENTIFICO E TECNOLOGICO                                                                     
2007,304,EDUCACAO PROFISSIONAL DE SEGURANCA PUBLICA                                                                              
2007,305,DESENVOLVIMENTO DAS COMUNIDADES E INCREMENTO DAS POLITICAS PUBLICAS MUNICIPAIS                                          
2007,306,INTEGRACAO E EFICIENCIA DA GESTAO DAS ORGANIZACOES POLICIAIS                                                            
2007,308,PROMOCAO DE DEFESA CIVIL                                                                                                
2007,309,ASSISTENCIA AO MILITAR                                                                                                  
2007,310,UNIVERSALIZACAO E MELHORIA DO ENSINO MEDIO                                                                              
2007,311,INCLUSAO DIGITAL                                                                                                        
2007,312,REFORMA E PROFISSIONALIZACAO DO SISTEMA PRISIONAL                                                                       
2007,313,REDUCAO DA CRIMINALIDADE EM MINAS GERAIS                                                                                
2007,315,ATENCAO A SAUDE DO SEGURADO                                                                                             
2007,320,"REPRESENTACAO JUDICIAL, COBRANCA DA DIVIDA ATIVA E ASSESSORAMENTO JURIDICO AO ESTADO                                    "
2007,322,DESENVOLVIMENTO DE ESTUDOS E PESQUISAS APLICADAS                                                                        
2007,325,REPRESENTACAO EXTRAJUDICIAL DO ESTADO E JULGAMENTOS ADMINISTRATIVOS                                                     
2007,326,GERENCIAMENTO DAS ATIVIDADES DE FISCALIZACAO E DE TRIBUTACAO ESTADUAL                                                   
2007,327,PRODUCAO E DESENVOLVIMENTO DE MEDICAMENTOS                                                                              
2007,328,MELHORIA E AMPLIACAO DO ENSINO FUNDAMENTAL                                                                              
2007,329,ADMINISTRACAO DE ESTADIOS                                                                                               
2007,330,BENEFICIOS ASSISTENCIAIS                                                                                                
2007,334,RESERVA DE BENEFICIOS                                                                                                   
2007,335,"GERENCIAMENTO DAS ATIVIDADES CONTABEIS RELATIVAS A GESTAO ORCAMENTARIA , FINANCEIRA E PATRIMONIAL DO ESTAD              "
2007,336,POTENCIALIZACAO DO AGRONEGOCIO MINEIRO                                                                                  
2007,337,TRABALHO E DIGNIDADE SOCIAL PARA TODOS                                                                                  
2007,338,SEGURANCA ALIMENTAR                                                                                                     
2007,339,APOIO A REFORMA AGRARIA                                                                                                 
2007,340,PROJETO JAIBA                                                                                                           
2007,341,APOIO AOS PROGRAMAS HABITACIONAIS                                                                                       
2007,346,"GERENCIAMENTO DOS RECURSOS FINANCEIROS DO ESTADO, DOS GASTOS PUBLICOS E DA DIVIDA ESTADUAL                              "
2007,347,INFRA-ESTRUTURA DE TRANSPORTES DA REGIAO METROPOLITANA DE BELO HORIZONTE - RMBH                                         
2007,348,PLANEJAMENTO E ORCAMENTO GOVERNAMENTAL                                                                                  
2007,349,PREVIDENCIA SOCIAL A SEGURADOS                                                                                          
2007,350,DESENVOLVIMENTO INDUSTRIAL DO ESTADO                                                                                    
2007,351,PROGRAMA DE GESTAO DO AGRONEGOCIO                                                                                       
2007,352,GESTAO ESTRATEGICA DE SUPRIMENTOS                                                                                       
2007,353,AVALIACAO EDUCACIONAL                                                                                                   
2007,356,GERAES - GESTAO ESTRATEGICA DOS RECURSOS E ACOES DO ESTADO                                                              
2007,357,"PROGRAMA DE PESQUISA, DESENVOLVIMENTO E SERVICOS TECNOLOGICOS                                                           "
2007,359,GESTAO DE PATRIMONIO PUBLICO                                                                                            
2007,360,FHIDRO                                                                                                                  
2007,361,PRODUCAO DE SERVICOS LABORATORIAIS                                                                                      
2007,364,PLANEJAMENTO E ARTICULACAO DAS ACOES GOVERNAMENTAIS                                                                     
2007,365,PROPAGACAO DO DESENVOLVIMENTO TECNOLOGICO                                                                               
2007,366,DESENVOLVIMENTO DO ENSINO MEDIO - ESCOLA SANDOVAL SOARES DE AZEVEDO                                                     
2007,367,DESENVOLVIMENTO DO  ENSINO FUNDAMENTAL - ESCOLA SANDOVAL SOARES DE AZEVEDO                                              
2007,371,GESTAO DE RECURSOS HUMANOS                                                                                              
2007,374,FOMENTO AOS MICRO E PEQUENOS EMPREENDIMENTOS                                                                            
2007,376,REAPARELHAMENTO E MODERNIZACAO DA POLICIA CIVIL                                                                         
2007,378,PARCERIAS PUBLICO-PRIVADAS NO ESTADO DE MINAS GERAIS                                                                    
2007,382,MINAS SEM FOME                                                                                                          
2007,384,APOIO PSICOSSOCIAL AO POLICIAL CIVIL                                                                                    
2007,385,RECOMPOSICAO E MANUTENCAO DE INFRA-ESTRUTURA DO CETEC                                                                   
2007,390,ASSISTENCIA JURIDICA                                                                                                    
2007,391,ENERGIA ELETRICA PARA O NOROESTE MINEIRO                                                                                
2007,393,CURSOS TECNICOS DE FORMACAO PROFISSIONAL                                                                                
2007,395,SUPERVISAO  E  CONTROLE DO ENSINO SUPERIOR                                                                              
2007,397,PAVIMENTACAO DE LIGACOES E ACESSOS RODOVIARIOS AOS MUNICIPIOS                                                           
2007,407,"AGROMINAS:  AGREGACAO DE VALOR, RASTREABILIDADE E CERTIFICACAO DE CAFES EM MINAS GERAIS                                 "
2007,410,PLATAFORMA LOGISTICA DE COMERCIO EXTERIOR DA REGIAO METROPOLITANA DE BELO HORIZONTE                                     
2007,412,GERACAO DE CONHECIMENTOS CIENTIFICOS E BIOTECNOLOGICOS                                                                  
2007,504,PROGRAMA MINAS MAIS SEGURO                                                                                              
2007,509,REGIONALIZACAO DA ASSISTENCIA A SAUDE.                                                                                  
2007,515,FORMACAO DE RECURSOS HUMANOS-FHEMIG                                                                                     
2007,517,DEFESA SANITARIA                                                                                                        
2007,518,CONSTRUCAO E REFORMA DE UNIDADES PREDIAIS - FHEMIG                                                                      
2007,519,CAPACITACAO E FORMACAO DE RECURSOS HUMANOS-FUNED/ESP                                                                    
2007,520,SAUDE EM CASA - ATENCAO PRIMARIA                                                                                        
2007,521,PROGRAMA DE GESTAO INSTITUCIONAL                                                                                        
2007,526,SEGURANCA DE ALIMENTOS                                                                                                  
2007,528,CONSTRUCAO E REFORMA DE UNIDADES PREDIAIS - FUNED                                                                       
2007,530,MAPEAMENTO GEOLOGICO DO ESTADO DE MINAS GERAIS                                                                          
2007,531,ASSISTENCIA FARMACEUTICA                                                                                                
2007,536,PROGRAMA DE INFORMACAO TECNOLOGICA                                                                                      
2007,538,EXPORTA MINAS                                                                                                           
2007,540,ARRANJOS PRODUTIVOS LOCAIS                                                                                              
2007,543,GESTAO DO SUS                                                                                                           
2007,546,ATENCAO A SAUDE                                                                                                         
2007,556,FUNDO  METROPOLITANO                                                                                                    
2007,569,PROMOCAO E DESENVOLVIMENTO DO ARTESANATO EM MINAS GERAIS                                                                
2007,577,CONSOLIDACAO DAS CADEIAS PRODUTIVAS - MINAS DO PRINCIPIO AO FIM                                                         
2007,582,PROCESSO JUDICIARIO                                                                                                     
2007,584,MODERNIZACAO INSTITUCIONAL                                                                                              
2007,585,PROTECAO E DEFESA DO CONSUMIDOR                                                                                         
2007,593,SUPERVISAO E COORDENACAO SUPERIOR                                                                                       
2007,595,CORREICAO E ORIENTACAO                                                                                                  
2007,596,ESCOLA JUDICIAL                                                                                                         
2007,597,FISCALIZACAO DE RECURSOS PUBLICOS                                                                                       
2007,601,MANUTENCAO DOS SISTEMAS GERENCIAIS CORPORATIVOS                                                                         
2007,603,CONSTRUCAO E REFORMA DE UNIDADES PREDIAIS                                                                               
2007,605,CONTROLE INTERNO                                                                                                        
2007,607,CORREICAO ADMINISTRATIVA                                                                                                
2007,612,CONSTRUCAO E REPAROS DE UNIDADES PREDIAIS TRIBUNAL DE JUSTICA DO ESTADO                                                 
2007,614,ACOES  EMERGENCIAIS DE SANEAMENTO                                                                                       
2007,618,EMPRESTIMO DE POLITICAS DE DESENVOLVIMENTO - DEVELOPMENT POLICY LOAN (DPL)                                              
2007,621,MODERNIZACAO DO SISTEMA DE CONTROLE EXTERNO DO TRIBUNAL DE CONTAS DO ESTADO DE MINAS GERAIS                             
2007,622,INCLUSAO SOCIAL DE FAMILIAS VULNERABILIZADAS                                                                            
2007,624,ASSISTENCIA PREVIDENCIARIA                                                                                              
2007,630,PROMOCAO DOS DIREITOS HUMANOS                                                                                           
2007,632,PROGRAMA DE APOIO A PESQUISA EM EMPRESAS - PAPPE                                                                        
2007,633,INFRA-ESTRUTURA EM MODAIS DE TRANSPORTE NO ESTADO DE MINAS GERAIS                                                       
2007,634,ESCOLA FAMILIA AGRICOLA                                                                                                 
2007,636,PRO  MG - PROGRAMA DE RECUPERACAO E MANUTENCAO RODOVIARIA DO ESTADO DE MINAS GERAIS                                     
2007,638,MELHORIA DO ENSINO MEDIO                                                                                                
2007,639,CIDADAO.NET                                                                                                             
2007,640,LEITE PELA VIDA                                                                                                         
2007,641,COMUNIDADE VIVA                                                                                                         
2007,642,TURISMO SOLIDARIO                                                                                                       
2007,643,PROGRAMA PRIMEIRO EMPREGO                                                                                               
2007,644,AMPLIACAO DE VAGAS E MODERNIZACAO DA GESTAO DO SISTEMA PRISIONAL                                                        
2007,645,MINAS ALEM-FRONTEIRAS                                                                                                   
2007,651,GESTAO DE PROJETOS                                                                                                      
2007,655,REDE DE SUPORTE SOCIAL NA ATENCAO AO DEPENDENTE QUIMICO                                                                 
2007,658,ENERGIA NA IRRIGACAO                                                                                                    
2007,659,PRESERVACAO DO PATRIMONIO CULTURAL                                                                                      
2007,660,GESTAO E DISSEMINACAO DA INFORMACAO CULTURAL                                                                            
2007,661,FORMACAO E CAPACITACAO CULTURAL E ARTISTICA                                                                             
2007,662,FOMENTO A PRODUCAO CULTURAL                                                                                             
2007,663,PRODUCAO E DIFUSAO CULTURAL                                                                                             
2007,664,INFRA-ESTRUTURA CULTURAL                                                                                                
2007,666,PLANO MINEIRO DA SILVICULTURA                                                                                           
2007,667,ESTRUTURACAO DA POLITICA ENERGETICA DO ESTADO DE MINAS GERAIS                                                           
2007,668,AUXILIOS A MUNICIPIOS EM ACOES EMERGENCIAIS VIARIAS                                                                     
2007,669,DESENVOLVIMENTO REGIONAL E URBANO                                                                                       
2007,674,"PROMOCAO DO DESENVOLVIMENTO ECONOMICO INDUSTRIAL, DO COMERCIO E DOS SERVICOS                                            "
2007,675,GESTAO DO SISTEMA ESTADUAL DE MEIO AMBIENTE E DESENVOLVIMENTO SUSTENTAVEL                                               
2007,677,RECURSOS PARA CONTRAPARTIDA A CONVENIOS                                                                                 
2007,680,PROGRAMA MAQUINAS PARA O DESENVOLVIMENTO                                                                                
2007,688,PROGRAMA DE COMBATE A POBREZA RURAL                                                                                     
2007,689,MINAS ESPORTE                                                                                                           
2007,693,ASSISTENCIA SOCIAL E COMPLEMENTAR AO SEGURADO                                                                           
2007,695,VIGILANCIA EM SAUDE                                                                                                     
2007,696,REDE MINEIRA DO CONHECIMENTO                                                                                            
2007,699,FOMENTO E INTERIORIZACAO CULTURAL EM MINAS GERAIS                                                                       
2007,700,DIFUSAO TECNICA DO SETOR MINEROMETALURGICO                                                                              
2007,701,"AQUISICAO, CONSTRUCAO E REPAROS DE BENS IMOVEIS                                                                         "
2007,703,GESTAO DE AREAS PROTEGIDAS                                                                                              
2007,706,PROGRAMA DE FOMENTO A PRODUCAO AGROPECUARIA                                                                             
2007,708,PROGRAMA DE UNIVERSALIZACAO DO ACESSO A SERVICOS DE TELECOMUNICACAO EM MINAS GERAIS ¿ MINAS COMUNICA                    
2007,999,RESERVA DE CONTINGENCIA                                                                                                 
2008,1,"ACELERACAO DA APRENDIZAGEM NA REGIAO DO NORTE DE MINAS, JEQUITINHONHA, MUCURI E RIO DOCE                                "
2008,2,AMPLIACAO DA PROFISSIONALIZACAO DE GESTORES PUBLICOS                                                                    
2008,3,"ARRANJOS PRODUTIVOS EM BIOTECNOLOGIA, BIOCOMBUSTIVEIS, ELETROELETRONICOS E SOFTWARES                                    "
2008,4,ATENDIMENTO  AS  MEDIDAS SOCIOEDUCATIVAS                                                                                
2008,5,AVALIACAO E QUALIDADE DA ATUACAO DOS ORGAOS DE DEFESA SOCIAL                                                            
2008,6,CENTRO ADMINISTRATIVO                                                                                                   
2008,7,CENTRO DA JUVENTUDE DE MINAS GERAIS                                                                                     
2008,8,CHOQUES SETORIAIS DE GESTAO                                                                                             
2008,9,CIRCUITOS CULTURAIS DE MINAS GERAIS                                                                                     
2008,10,CONSERVACAO DO CERRADO E RECUPERACAO DA MATA ATLANTICA                                                                  
2008,11,CONSOLIDACAO DA GESTAO DE RECURSOS HIDRICOS EM BACIAS HIDROGRAFICAS                                                     
2008,13,DESCOMPLICAR - MELHORIA DO AMBIENTE DE NEGOCIOS                                                                         
2008,14,DESEMPENHO E QUALIFICACAO DE PROFESSORES                                                                                
2008,15,DESENVOLVIMENTO DA PRODUCAO LOCAL E ACESSO A MERCADOS                                                                   
2008,16,DESTINOS TURISTICOS ESTRATEGICOS                                                                                        
2008,17,EFICIENCIA TRIBUTARIA E SIMPLIFICACAO                                                                                   
2008,18,ENSINO MEDIO PROFISSIONALIZANTE                                                                                         
2008,19,ESCOLA EM TEMPO INTEGRAL                                                                                                
2008,20,EXPANSAO E MODERNIZACAO DO SISTEMA PRISIONAL                                                                            
2008,21,GESTAO INTEGRADA DE ACOES E INFORMACOES DE DEFESA SOCIAL                                                                
2008,22,GOVERNO ELETRONICO                                                                                                      
2008,23,IMPLANTACAO DO SUAS                                                                                                     
2008,24,INSERCAO COMPETITIVA DAS EMPRESAS MINEIRAS NO MERCADO INTERNACIONAL                                                     
2008,25,LARES GERAES                                                                                                            
2008,26,MINAS AVANCA                                                                                                            
2008,27,MINAS OLIMPICA                                                                                                          
2008,28,MINAS SEM FOME                                                                                                          
2008,29,MODERNIZACAO DA GESTAO FISCAL                                                                                           
2008,30,NOVOS PADROES DE GESTAO E ATENDIMENTO DA EDUCACAO BASICA                                                                
2008,32,PARCERIAS PARA PROVISAO DE SERVICOS DE INTERESSE PUBLICO                                                                
2008,33,POUPANCA JOVEM                                                                                                          
2008,34,PREVENCAO SOCIAL DA CRIMINALIDADE                                                                                       
2008,35,PRO-ACESSO                                                                                                              
2008,36,PROJETO TRAVESSIA: ATUACAO INTEGRADA EM ESPACOS DEFINIDOS DE CONCENTRACAO DE POBREZA                                    
2008,37,PROMEDIO - MELHORIA DA QUALIDADE E EFICIENCIA DO ENSINO MEDIO                                                           
2008,38,PROMG PLENO - PROGRAMA DE RECUPERACAO E MANUTENCAO RODOVIARIA DO ESTADO DE MINAS GERAIS                                 
2008,39,PROMOCAO DE INVESTIMENTOS E INSERCAO REGIONAL (INCLUSIVE AGRONEGOCIO)                                                   
2008,40,PROMOCAO E ATRACAO DE INVESTIMENTOS ESTRATEGICOS E DESENVOLVIMENTO DAS CADEIAS PRODUTIVAS DAS EMPRESAS-ANCORAS          
2008,41,QUALIDADE E PRODUTIVIDADE DO GASTO SETORIAL                                                                             
2008,42,REDE DE FORMACAO PROFISSIONAL ORIENTADA PELO MERCADO                                                                    
2008,43,REDE DE INOVACAO TECNOLOGICA                                                                                            
2008,44,REGIONALIZACAO - URGENCIA E EMERGENCIA                                                                                  
2008,45,RESIDUOS SOLIDOS                                                                                                        
2008,46,REVITALIZACAO DO RIO DAS VELHAS - META 2010                                                                             
2008,47,RMBH                                                                                                                    
2008,48,SANEAMENTO BASICO: MAIS SAUDE PARA TODOS                                                                                
2008,49,SAUDE EM CASA                                                                                                           
2008,50,CERTIFICA MINAS                                                                                                         
2008,51,SISTEMAS DE AVALIACAO DA QUALIDADE DO ENSINO E DAS ESCOLAS                                                              
2008,53,VIDA NO VALE - COPANOR                                                                                                  
2008,54,VIVA VIDA                                                                                                               
2008,55,ESCOLA VIVA E COMUNIDADE ATIVA                                                                                          
2008,56,POTENCIALIZACAO DA INFRA-ESTRUTURA LOGISTICA DA FRONTEIRA AGROINDUSTRIAL                                                
2008,57,PROGRAMA DE AUMENTO DA CAPACIDADE E SEGURANCA DOS CORREDORES DE TRANSPORTE                                              
2008,100,ATENDIMENTO HOSPITALAR E AMBULATORIAL                                                                                   
2008,101,DESENVOLVIMENTO DA REGIAO METROPOLITANA DO VALE DO ACO                                                                  
2008,103,APOIO FINANCEIRO AO TURISMO MINEIRO                                                                                     
2008,105,GESTAO AMBIENTAL INTEGRADA                                                                                              
2008,107,"ATENDIMENTO HOSPITALAR, AMBULATORIAL E EMERGENCIAL                                                                      "
2008,108,DESENVOLVIMENTO E FOMENTO DO TURISMO                                                                                    
2008,109,PROTECAO DA BIODIVERSIDADE E UNIDADES DE CONSERVACAO                                                                    
2008,110,MELHORIA DA QUALIDADE AMBIENTAL                                                                                         
2008,112,GOVERNANCA METROPOLITANA                                                                                                
2008,113,DESENVOLVIMENTO SUSTENTAVEL DE RECURSOS HIDRICOS                                                                        
2008,114,PROMOCAO E MARKETING TURISTICO                                                                                          
2008,115,ENSINO SUPERIOR - INSTITUTO SUPERIOR DE EDUCACAO ANISIO TEIXEIRA                                                        
2008,116,CAMINHOS DE MINAS                                                                                                       
2008,117,"POLITICA PUBLICA DE TRABALHO, EMPREGO E RENDA                                                                           "
2008,118,GESTAO E DISSEMINACAO DA INFORMACAO CULTURAL                                                                            
2008,119,PROGRAMA EXTENSAO RURAL PARA RESULTADOS                                                                                 
2008,120,APOIO AO FORTALECIMENTO DA REDE DE CIDADES                                                                              
2008,121,FORMACAO E CAPACITACAO CULTURAL E ARTISTICA                                                                             
2008,122,ENSINO PROFISSIONAL DA UNIMONTES                                                                                        
2008,123,FOMENTO A PRODUCAO CULTURAL                                                                                             
2008,124,PRODUCAO E DIFUSAO CULTURAL                                                                                             
2008,125,INFRA-ESTRUTURA CULTURAL                                                                                                
2008,126,RADIODIFUSAO                                                                                                            
2008,127,INFRA-ESTRUTURA RURAL                                                                                                   
2008,128,PROGRAMA DE MANUTENCAO DA REDE RODOVIARIA                                                                               
2008,129,ENSINO SUPERIOR DA UNIMONTES                                                                                            
2008,130,DESENVOLVIMENTO DE PESQUISA CIENTIFICA                                                                                  
2008,131,PRESERVACAO DO PATRIMONIO CULTURAL                                                                                      
2008,132,O ESTADO PARA OS CIDADAOS                                                                                               
2008,133,CONSTRUCAO E REFORMA DE UNIDADES PREDIAIS - FHEMIG                                                                      
2008,134,FORMACAO DE RECURSOS HUMANOS - FHEMIG                                                                                   
2008,135,TELEFONIA RURAL                                                                                                         
2008,136,EXTENSAO UNIVERSITARIA DA UNIMONTES                                                                                     
2008,138,GERENCIAMENTO E DISSEMINACAO DA INFORMACAO CULTURAL                                                                     
2008,139,PROGRAMA DE APOIO A AMPLIACAO E A MELHORIA DOS SISTEMAS PRISIONAL E SOCIOEDUCATIVO                                      
2008,140,DESENVOLVIMENTO DO ENSINO SUPERIOR NA UEMG                                                                              
2008,141,POLICIA OSTENSIVA                                                                                                       
2008,142,PROGRAMA DOS DIREITOS DO CIDADAO                                                                                        
2008,143,QUALIFICACAO E CAPACITACAO PROFISSIONAL                                                                                 
2008,144,DESENVOLVIMENTO DA REFORMA AGRARIA                                                                                      
2008,145,PROGRAMA DE UNIVERSALIZACAO DO ACESSO A SERVICOS DE TELECOMUNICACAO EM MINAS GERAIS - MINAS COMUNICA                    
2008,146,ATENDIMENTO A EDUCACAO ESPECIAL                                                                                         
2008,147,FOMENTO E INTERIORIZACAO CULTURAL EM MINAS GERAIS                                                                       
2008,148,PROGRAMA DE DESENVOLVIMENTO TURISTICO DO NORDESTE - FASE DOIS - PRODETUR/NE-II                                          
2008,149,INCENTIVO AO DESPORTO                                                                                                   
2008,151,PROGRAMA MAQUINAS PARA O DESENVOLVIMENTO                                                                                
2008,152,PROGRAMA AEROPORTUARIO DE MINAS GERAIS - PROAERO                                                                        
2008,153,DESENVOLVIMENTO DA EDUCACAO BASICA                                                                                      
2008,154,MINAS JOVEM PROTAGONISTA                                                                                                
2008,155,MANUTENCAO DOS SISTEMAS GERENCIAIS CORPORATIVOS                                                                         
2008,156,COMUNIDADE VIVA                                                                                                         
2008,157,PROMOCAO E DESENVOLVIMENTO DO ARTESANATO EM MINAS GERAIS                                                                
2008,158,GOVERNANCA ELETRONICA                                                                                                   
2008,159,"DESENVOLVIMENTO, PRODUCAO E DISTRIBUICAO DE MEDICAMENTOS E IMUNOBIOLOGICOS                                              "
2008,160,REDE COMPLEMENTAR DE SUPORTE SOCIAL DE ATENCAO AO DEPENDENTE QUIMICO                                                    
2008,161,PROGRAMA DE GESTAO DO AGRONEGOCIO                                                                                       
2008,162,DESENVOLVIMENTO DAS POLITICAS DE DIREITOS HUMANOS                                                                       
2008,163,PROGRAMA MINAS MAIS SEGURO                                                                                              
2008,164,PROJETO JAIBA                                                                                                           
2008,165,LEITE PELA VIDA                                                                                                         
2008,167,MINAS ALEM-FRONTEIRAS                                                                                                   
2008,168,REDE MINEIRA DO CONHECIMENTO                                                                                            
2008,169,PROGRAMA DE DESENVOLVIMENTO DA ATIVIDADE PRODUTIVA FLORESTAL                                                            
2008,170,DESENVOLVIMENTO DO ENSINO FUNDAMENTAL E MEDIO  - CTPM                                                                   
2008,171,"PLANEJAMENTO, ORCAMENTO E ARTICULACAO DAS ACOES GOVERNAMENTAIS                                                          "
2008,172,ASSISTENCIA AO MILITAR                                                                                                  
2008,174,"ACOLHIMENTO, EDUCACAO E PROFISSIONALIZACAO DE CRIANCAS E JOVENS DESAMPARADOS                                            "
2008,175,FARMACIA DE MINAS                                                                                                       
2008,176,CIDADAO. NET                                                                                                            
2008,177,PROGRAMA DE GESTAO TECNOLOGICA                                                                                          
2008,178,COORDENACAO E MANUTENCAO DO SISTEMA PRISIONAL                                                                           
2008,179,CIDADAO NOTA DEZ                                                                                                        
2008,180,MELHORIA DO ENSINO MEDIO                                                                                                
2008,181,"GERENCIAMENTO DE ESTADIOS E PROMOCAO DE EVENTOS ESPORTIVOS, RELIGIOSOS E SOCIO-CULTURAIS                                "
2008,183,ADMINISTRACAO DE TRANSITO                                                                                               
2008,184,FORMACAO E CAPACITACAO DE POLICIAIS CIVIS                                                                               
2008,185,PROGRAMA DE DEFESA SANITARIA                                                                                            
2008,186,MELHORIA DA INFRA-ESTRUTURA DOS ACESSOS VIARIOS                                                                         
2008,187,ASSISTENCIA HEMATOLOGICA E HEMOTERAPICA                                                                                 
2008,189,"PRESERVACAO DA ORDEM PUBLICA,  EXERCICIO DA POLICIA JUDICIARIA E INVESTIGACAO CRIMINAL                                  "
2008,191,PROJETO DE COMBATE A POBREZA RURAL - PCPR                                                                               
2008,192,VERIFICACAO E FISCALIZACAO METROLOGICA E DA QUALIDADE                                                                   
2008,193,TURISMO SOLIDARIO                                                                                                       
2008,194,CORREDORES RADIAIS DE INTEGRACAO E DESENVOLVIMENTO                                                                      
2008,195,CONSOLIDACAO DAS CADEIAS PRODUTIVAS - MINAS DO PRINCIPIO AO FIM                                                         
2008,196,"PROMOCAO DO DESENVOLVIMENTO ECONOMICO INDUSTRIAL, COMERCIAL, DE SERVICOS E DO COOPERATIVISMO                            "
2008,197,ORDENAMENTO TERRITORIAL DE MINAS GERAIS                                                                                 
2008,200,"PRODUCAO, SISTEMATIZACAO E DISSEMINACAO DE DADOS ESTATISTICOS                                                           "
2008,201,PRODUCAO DE SERVICOS LABORATORIAIS                                                                                      
2008,206,DESENVOLVIMENTO DE EDUCACAO NA SAUDE                                                                                    
2008,208,PESQUISAS EM SAUDE PUBLICA                                                                                              
2008,210,GERACAO DE CONHECIMENTO E DE TECNOLOGIA AGROPECUARIA                                                                    
2008,211,INDUCAO AO DESENVOLVIMENTO CIENTIFICO E TECNOLOGICO                                                                     
2008,213,MODERNIZACAO DA GESTAO E DO PLANEJAMENTO                                                                                
2008,215,GERENCIAMENTO DAS ATIVIDADES DE FISCALIZACAO E DE TRIBUTACAO ESTADUAL                                                   
2008,216,PROGRAMA DE PAVIMENTACAO DE RODOVIAS                                                                                    
2008,217,SEGURANCA DE ALIMENTOS                                                                                                  
2008,219,RECOLHIMENTO E GUARDA DE DETENTOS DO ESTADO                                                                             
2008,222,FORTALECIMENTO INSTITUCIONAL PARA A GESTAO FISCAL                                                                       
2008,223,PROGRAMA DE DUPLICACAO DA RODOVIA FERNAO DIAS (BR381)                                                                   
2008,225,OPERACAO DE VIAS                                                                                                        
2008,226,GESTAO ESTRATEGICA DE PESSOAS                                                                                           
2008,227,EDUCACAO PROFISSIONAL DE SEGURANCA PUBLICA                                                                              
2008,228,"PESQUISA, DESENVOLVIMENTO E SERVICOS TECNOLOGICOS                                                                       "
2008,230,ACOES EMERGENCIAIS CONTRA AS SECAS                                                                                      
2008,232,ESCOLA FAMILIA AGRICOLA                                                                                                 
2008,233,COOPERACAO ESTADO E MUNICIPIO                                                                                           
2008,234,ALIMENTACAO ESCOLAR                                                                                                     
2008,235,MELHORIA DO ENSINO FUNDAMENTAL                                                                                          
2008,236,ATENDIMENTO A EDUCACAO DE JOVENS E ADULTOS                                                                              
2008,240,ATENDIMENTO AO ENSINO PROFISSIONAL                                                                                      
2008,241,DESENVOLVIMENTO DA EDUCACAO INFANTIL                                                                                    
2008,242,SUPERVISAO E EXPANSAO DO ENSINO SUPERIOR                                                                                
2008,243,FUNDERUR - APOIO AO PEQUENO  PRODUTOR RURAL                                                                             
2008,244,ENSINO TECNICO PARA O AGRONEGOCIO                                                                                       
2008,249,"PROGRAMA DE CIENCIA, TECNOLOGIA E INOVACAO, REDES DE PESQUISA, PUBLICACOES E DIVULGACAO EM CIENCIA E TECNOLOGIA         "
2008,257,PROGRAMA DE CAPTACAO DE RECURSOS EXTERNOS PARA APOIO A PESQUISA NO ESTADO DE MINAS GERAIS                               
2008,259,PROGRAMA DE APOIO A INDUCAO E INOVACAO CIENTIFICA E TECNOLOGICA PARA O DESENVOLVIMENTO DO ESTADO DE MINAS GERAIS        
2008,260,ENERGIA ELETRICA PARA O NOROESTE MINEIRO                                                                                
2008,261,APRIMORAMENTO DA GESTAO PUBLICA                                                                                         
2008,264,FUNDO DE PARCERIAS PUBLICO-PRIVADAS                                                                                     
2008,265,PROGRAMAS DE APOIO A PESQUISA EM EMPRESAS - PAPPE                                                                       
2008,266,GESTAO DA POLITICA DA CRIANCA E DO ADOLESCENTE                                                                          
2008,701,APOIO A ADMINISTRACAO PUBLICA                                                                                           
2008,702,OBRIGACOES ESPECIAIS                                                                                                    
2008,703,PROCESSO JUDICIARIO                                                                                                     
2008,704,COMERCIALIZACAO DO JORNAL MINAS GERAIS                                                                                  
2008,705,ASSISTENCIA SOCIAL E COMPLEMENTAR AO SEGURADO                                                                           
2008,706,ATENCAO A SAUDE                                                                                                         
2008,707,VIGILANCIA EM SAUDE                                                                                                     
2008,708,GESTAO DO SISTEMA UNICO DE SAUDE - SUS                                                                                  
2008,709,COMUNICACAO SOCIAL                                                                                                      
2008,710,COORDENACAO E ASSESSORAMENTO SUPERIOR                                                                                   
2008,711,REPRESENTACAO JURIDICA DO ESTADO                                                                                        
2008,712,ADMINISTRACAO DE PALACIOS                                                                                               
2008,713,JULGAMENTOS ADMINISTRATIVOS                                                                                             
2008,714,"AQUISICAO, CONSTRUCAO, REPAROS DE BENS IMOVEIS                                                                          "
2008,715,ASSISTENCIA A SAUDE DOS SEGURADOS E DOS SEUS DEPENDENTES                                                                
2008,717,REGISTRO PUBLICO DE EMPRESAS MERCANTIS E ATIVIDADES AFINS                                                               
2008,718,ASSISTENCIA A SAUDE DO POLICIAL CIVIL                                                                                   
2008,719,ENSINO MEDIO E FUNDAMENTAL - ESCOLA ESTADUAL ORDEM E PROGRESSO                                                          
2008,720,ADEQUACAO DA INFRA-ESTRUTURA FISICA DA FUNDACAO HEMOMINAS E CETEBIO EM MG                                               
2008,722,EDUCACAO EM SAUDE                                                                                                       
2008,724,ASSISTENCIA AO BOMBEIRO MILITAR                                                                                         
2008,726,ACESSO A JUSTICA                                                                                                        
2008,727,EDIFICACOES PUBLICAS                                                                                                    
2008,728,GESTAO DE PROJETOS                                                                                                      
2008,729,PROCESSO LEGISLATIVO                                                                                                    
2008,730,ESTUDOS E PESQUISAS LEGISLATIVOS                                                                                        
2008,731,REPRESENTACAO E DEFESA DOS INTERESSES DO ESTADO DE MINAS GERAIS NOS ESCRITORIOS REGIONAIS                               
2008,732,SEGURANCA ALIMENTAR                                                                                                     
2008,733,PROGRAMA DE APOIO AO DESENVOLVIMENTO MUNICIPAL - PADEM                                                                  
2008,735,EDICAO E CONFECCAO GRAFICA                                                                                              
2008,736,PROGRAMA DE APOIO HABITACIONAL AOS MILITARES                                                                            
2008,737,MODERNIZACAO INSTITUCIONAL                                                                                              
2008,738,PROTECAO E DEFESA DO CONSUMIDOR                                                                                         
2008,739,ASSISTENCIA PREVIDENCIARIA                                                                                              
2008,741,ACOES DE DEFESA CIVIL NOS MUNICIPIOS MINEIROS                                                                           
2008,742,OPERACIONALIZACAO DE JOGOS                                                                                              
2008,743,SERVICO ESPECIAL DE SEGURANCA                                                                                           
2008,744,CONSTRUCAO E REFORMA DE UNIDADES PREDIAIS DO TRIBUNAL DE JUSTICA DE MINAS GERAIS                                        
2008,745,PROMOCAO DE DEFESA CIVIL                                                                                                
2008,746,FISCALIZACAO DA EXECUCAO DOS RECURSOS PUBLICOS                                                                          
2008,747,ATENCAO A SAUDE DO SEGURADO                                                                                             
2008,749,PREVIDENCIA SOCIAL A SEGURADOS                                                                                          
2008,750,GERENCIAMENTO DE OBRAS E SERVICOS DE ENGENHARIA PUBLICA                                                                 
2008,751,PRESTACAO DE BENEFICIOS PREVIDENCIARIOS                                                                                 
2008,752,DESENVOLVIMENTO DA POLITICA INSTITUCIONAL                                                                               
2008,753,GERACAO DE CONHECIMENTOS CIENTIFICOS E BIOTECNOLOGICOS                                                                  
2008,754,CONSTRUCAO E REFORMA DE UNIDADES PREDIAIS-FUNED                                                                         
2008,755,AUDITORIA INTERNA E CORREICAO ADMINISTRATIVA                                                                            
2008,758,SUPERVISAO E COORDENACAO SUPERIOR                                                                                       
2008,760,MODERNIZACAO DO SISTEMA DE CONTROLE EXTERNO                                                                             
2008,761,MAPEAMENTO GEOLOGICO DO ESTADO DE MINAS GERAIS                                                                          
2008,764,ASSISTENCIA COMPLEMENTAR                                                                                                
2008,765,APOIO HABITACIONAL                                                                                                      
2008,766,BENEFICIOS ASSISTENCIAIS                                                                                                
2008,767,RESERVA DE BENEFICIOS                                                                                                   
2008,772,PROMOCAO DOS DIREITOS DIFUSOS E COLETIVOS                                                                               
2008,773,PROGRAMA PREVENTIVO EM SAUDE OCUPACIONAL                                                                                
2008,774,GESTAO DO SISTEMA CORPORATIVO DE RECURSOS HUMANOS                                                                       
2008,775,FORTALECIMENTO E DIVULGACAO DOS DIREITOS DOS CONSUMIDORES                                                               
2008,776,CONSTRUCAO E REFORMA PREDIAS                                                                                            
2008,777,GESTAO DO SISTEMA INTEGRADO DE ADMINISTRACAO DE MATERIAIS E SERVICOS - SIAD                                             
2008,999,RESERVA DE CONTINGENCIA                                                                                                 
2009,1,"ACELERACAO DA APRENDIZAGEM NA REGIAO DO NORTE DE MINAS, JEQUITINHONHA, MUCURI E RIO DOCE                                "
2009,2,AMPLIACAO DA PROFISSIONALIZACAO DE GESTORES PUBLICOS                                                                    
2009,3,"ARRANJOS PRODUTIVOS EM BIOTECNOLOGIA, BIOCOMBUSTIVEIS, ELETROELETRONICOS E SOFTWARES                                    "
2009,4,ATENDIMENTO  AS  MEDIDAS SOCIOEDUCATIVAS                                                                                
2009,5,AVALIACAO E QUALIDADE DA ATUACAO DOS ORGAOS DE DEFESA SOCIAL                                                            
2009,6,CENTRO ADMINISTRATIVO                                                                                                   
2009,8,CHOQUES SETORIAIS DE GESTAO                                                                                             
2009,9,CIRCUITOS CULTURAIS DE MINAS GERAIS                                                                                     
2009,10,CONSERVACAO DO CERRADO E RECUPERACAO DA MATA ATLANTICA                                                                  
2009,11,CONSOLIDACAO DA GESTAO DE RECURSOS HIDRICOS EM BACIAS HIDROGRAFICAS                                                     
2009,13,DESCOMPLICAR - MELHORIA DO AMBIENTE DE NEGOCIOS                                                                         
2009,14,DESEMPENHO E QUALIFICACAO DE PROFESSORES                                                                                
2009,16,DESTINOS TURISTICOS ESTRATEGICOS                                                                                        
2009,17,EFICIENCIA TRIBUTARIA E SIMPLIFICACAO                                                                                   
2009,18,ENSINO MEDIO PROFISSIONALIZANTE                                                                                         
2009,19,ESCOLA EM TEMPO INTEGRAL                                                                                                
2009,20,"EXPANSAO, MODERNIZACAO E HUMANIZACAO DO SISTEMA PRISIONAL                                                               "
2009,21,GESTAO INTEGRADA DE ACOES E INFORMACOES DE DEFESA SOCIAL                                                                
2009,22,GOVERNO ELETRONICO                                                                                                      
2009,23,IMPLANTACAO DO SUAS                                                                                                     
2009,24,INSERCAO COMPETITIVA DAS EMPRESAS MINEIRAS NO MERCADO INTERNACIONAL                                                     
2009,25,LARES GERAES                                                                                                            
2009,26,MINAS AVANCA                                                                                                            
2009,27,MINAS OLIMPICA                                                                                                          
2009,28,MINAS SEM FOME                                                                                                          
2009,29,FORTALECIMENTO INSTITUCIONAL PARA MODERNIZACAO DA GESTAO FISCAL                                                         
2009,30,NOVOS PADROES DE GESTAO E ATENDIMENTO DA EDUCACAO BASICA                                                                
2009,32,PARCERIAS PARA PROVISAO DE SERVICOS DE INTERESSE PUBLICO                                                                
2009,33,POUPANCA JOVEM                                                                                                          
2009,34,PREVENCAO SOCIAL DA CRIMINALIDADE                                                                                       
2009,35,PRO-ACESSO                                                                                                              
2009,36,PROJETO TRAVESSIA: ATUACAO INTEGRADA EM ESPACOS DEFINIDOS DE CONCENTRACAO DE POBREZA                                    
2009,37,PROMEDIO - MELHORIA DA QUALIDADE E EFICIENCIA DO ENSINO MEDIO                                                           
2009,38,PROMG PLENO - PROGRAMA DE RECUPERACAO E MANUTENCAO RODOVIARIA DO ESTADO DE MINAS GERAIS                                 
2009,39,PROMOCAO DE INVESTIMENTOS E INSERCAO REGIONAL (INCLUSIVE AGRONEGOCIO)                                                   
2009,40,PROMOCAO E ATRACAO DE INVESTIMENTOS ESTRATEGICOS E DESENVOLVIMENTO DAS CADEIAS PRODUTIVAS DAS EMPRESAS-ANCORAS          
2009,41,QUALIDADE E PRODUTIVIDADE DO GASTO SETORIAL                                                                             
2009,42,REDE DE FORMACAO PROFISSIONAL ORIENTADA PELO MERCADO                                                                    
2009,43,REDE DE INOVACAO TECNOLOGICA                                                                                            
2009,44,REGIONALIZACAO - URGENCIA E EMERGENCIA                                                                                  
2009,45,RESIDUOS SOLIDOS                                                                                                        
2009,46,REVITALIZACAO DO RIO DAS VELHAS - META 2010                                                                             
2009,47,RMBH                                                                                                                    
2009,48,SANEAMENTO BASICO: MAIS SAUDE PARA TODOS                                                                                
2009,49,SAUDE EM CASA                                                                                                           
2009,50,CERTIFICA MINAS                                                                                                         
2009,51,SISTEMAS DE AVALIACAO DA QUALIDADE DO ENSINO E DAS ESCOLAS                                                              
2009,52,UNIVERSALIZACAO DO ACESSO A ENERGIA ELETRICA NO CAMPO                                                                   
2009,53,VIDA NO VALE - COPANOR                                                                                                  
2009,54,VIVA VIDA                                                                                                               
2009,55,ESCOLA VIVA E COMUNIDADE ATIVA                                                                                          
2009,56,POTENCIALIZACAO DA INFRA-ESTRUTURA LOGISTICA DA FRONTEIRA AGROINDUSTRIAL                                                
2009,57,PROGRAMA DE AUMENTO DA CAPACIDADE E SEGURANCA DOS CORREDORES DE TRANSPORTE                                              
2009,58,CENTRO DA JUVENTUDE DE MINAS GERAIS                                                                                     
2009,59,CONVIVENCIA COM A SECA E INCLUSAO PRODUTIVA                                                                             
2009,100,ATENDIMENTO HOSPITALAR E AMBULATORIAL                                                                                   
2009,101,DESENVOLVIMENTO DA REGIAO METROPOLITANA DO VALE DO ACO                                                                  
2009,103,APOIO FINANCEIRO AO TURISMO MINEIRO                                                                                     
2009,104,ELABORACAO E IMPLEMENTACAO DA POLITICA ENERGETICA DO ESTADO DE MINAS GERAIS                                             
2009,105,GESTAO AMBIENTAL INTEGRADA                                                                                              
2009,107,"ATENDIMENTO HOSPITALAR, AMBULATORIAL E EMERGENCIAL                                                                      "
2009,108,DESENVOLVIMENTO E FOMENTO DO TURISMO                                                                                    
2009,109,PROTECAO DA BIODIVERSIDADE E UNIDADES DE CONSERVACAO                                                                    
2009,110,MELHORIA DA QUALIDADE AMBIENTAL                                                                                         
2009,112,GOVERNANCA METROPOLITANA                                                                                                
2009,113,DESENVOLVIMENTO SUSTENTAVEL DE RECURSOS HIDRICOS                                                                        
2009,114,PROMOCAO E MARKETING TURISTICO                                                                                          
2009,115,ENSINO SUPERIOR - INSTITUTO SUPERIOR DE EDUCACAO ANISIO TEIXEIRA                                                        
2009,116,CAMINHOS DE MINAS                                                                                                       
2009,117,"POLITICA PUBLICA DE TRABALHO, EMPREGO E RENDA                                                                           "
2009,118,GESTAO E DISSEMINACAO DA INFORMACAO CULTURAL                                                                            
2009,119,PROGRAMA EXTENSAO RURAL PARA RESULTADOS                                                                                 
2009,120,APOIO AO FORTALECIMENTO DA REDE DE CIDADES                                                                              
2009,121,FORMACAO E CAPACITACAO CULTURAL E ARTISTICA                                                                             
2009,122,ENSINO PROFISSIONAL DA UNIMONTES                                                                                        
2009,123,FOMENTO A PRODUCAO CULTURAL                                                                                             
2009,124,PRODUCAO E DIFUSAO CULTURAL                                                                                             
2009,125,INFRA-ESTRUTURA CULTURAL                                                                                                
2009,126,RADIODIFUSAO                                                                                                            
2009,127,INFRA-ESTRUTURA RURAL                                                                                                   
2009,128,PROGRAMA DE MANUTENCAO DA REDE RODOVIARIA                                                                               
2009,129,ENSINO SUPERIOR DA UNIMONTES                                                                                            
2009,130,DESENVOLVIMENTO DE PESQUISA CIENTIFICA                                                                                  
2009,131,PRESERVACAO DO PATRIMONIO CULTURAL                                                                                      
2009,132,O ESTADO PARA OS CIDADAOS                                                                                               
2009,133,CONSTRUCAO E REFORMA DE UNIDADES PREDIAIS - FHEMIG                                                                      
2009,134,FORMACAO DE RECURSOS HUMANOS - FHEMIG                                                                                   
2009,135,TELEFONIA RURAL                                                                                                         
2009,136,EXTENSAO UNIVERSITARIA DA UNIMONTES                                                                                     
2009,138,GERENCIAMENTO E DISSEMINACAO DA INFORMACAO CULTURAL                                                                     
2009,139,PROGRAMA DE APOIO A AMPLIACAO E A MELHORIA DOS SISTEMAS PRISIONAL E SOCIOEDUCATIVO                                      
2009,140,DESENVOLVIMENTO DO ENSINO SUPERIOR NA UEMG                                                                              
2009,141,POLICIA OSTENSIVA                                                                                                       
2009,142,PROGRAMA DOS DIREITOS DO CIDADAO                                                                                        
2009,143,QUALIFICACAO E CAPACITACAO PROFISSIONAL                                                                                 
2009,144,DESENVOLVIMENTO DA REFORMA AGRARIA                                                                                      
2009,145,PROGRAMA DE UNIVERSALIZACAO DO ACESSO A SERVICOS DE TELECOMUNICACAO EM MINAS GERAIS - MINAS COMUNICA                    
2009,146,ATENDIMENTO A EDUCACAO ESPECIAL                                                                                         
2009,147,FOMENTO E INTERIORIZACAO CULTURAL EM MINAS GERAIS                                                                       
2009,148,PROGRAMA DE DESENVOLVIMENTO TURISTICO DO NORDESTE - FASE DOIS - PRODETUR/NE-II                                          
2009,149,INCENTIVO AO DESPORTO                                                                                                   
2009,153,DESENVOLVIMENTO DA EDUCACAO BASICA                                                                                      
2009,154,MINAS JOVEM PROTAGONISTA                                                                                                
2009,155,MANUTENCAO DOS SISTEMAS GERENCIAIS CORPORATIVOS                                                                         
2009,156,COMUNIDADE VIVA                                                                                                         
2009,157,PROMOCAO E DESENVOLVIMENTO DO ARTESANATO EM MINAS GERAIS                                                                
2009,158,GOVERNANCA ELETRONICA                                                                                                   
2009,159,"DESENVOLVIMENTO, PRODUCAO E ENTREGA DE MEDICAMENTOS E IMUNOBIOLOGICOS                                                   "
2009,160,REDE COMPLEMENTAR DE SUPORTE SOCIAL E ATENCAO AO DEPENDENTE QUIMICO                                                     
2009,161,PROGRAMA DE GESTAO DO AGRONEGOCIO                                                                                       
2009,162,DESENVOLVIMENTO DAS POLITICAS DE DIREITOS HUMANOS                                                                       
2009,163,PROGRAMA MINAS MAIS SEGURO                                                                                              
2009,164,PROJETO JAIBA                                                                                                           
2009,165,LEITE PELA VIDA                                                                                                         
2009,166,BARRAGENS DE MINAS                                                                                                      
2009,167,MINAS ALEM-FRONTEIRAS                                                                                                   
2009,168,REDE MINEIRA DO CONHECIMENTO                                                                                            
2009,169,PROGRAMA DE DESENVOLVIMENTO DA ATIVIDADE PRODUTIVA FLORESTAL                                                            
2009,170,DESENVOLVIMENTO DO ENSINO FUNDAMENTAL E MEDIO  - CTPM                                                                   
2009,171,"PLANEJAMENTO, ORCAMENTO E ARTICULACAO DAS ACOES GOVERNAMENTAIS                                                          "
2009,172,ASSISTENCIA AO MILITAR                                                                                                  
2009,173,MODERNIZACAO DA GESTAO AMBIENTAL                                                                                        
2009,174,"ACOLHIMENTO, EDUCACAO E SEMI-PROFISSIONALIZACAO DE CRIANCAS E JOVENS DESAMPARADOS                                       "
2009,175,FARMACIA DE MINAS                                                                                                       
2009,177,PROGRAMA DE GESTAO TECNOLOGICA                                                                                          
2009,178,COORDENACAO E MANUTENCAO DO SISTEMA PRISIONAL                                                                           
2009,179,CIDADAO NOTA DEZ                                                                                                        
2009,180,MELHORIA DO ENSINO MEDIO                                                                                                
2009,181,"GERENCIAMENTO DE ESTADIOS E PROMOCAO DE EVENTOS ESPORTIVOS, RELIGIOSOS E SOCIO-CULTURAIS                                "
2009,182,MONITORAMENTO E FISCALIZACAO AMBIENTAL                                                                                  
2009,183,ADMINISTRACAO DE TRANSITO                                                                                               
2009,184,FORMACAO E CAPACITACAO DE POLICIAIS CIVIS                                                                               
2009,185,PROGRAMA DE DEFESA SANITARIA                                                                                            
2009,186,MELHORIA DA INFRA-ESTRUTURA DOS ACESSOS VIARIOS                                                                         
2009,187,ASSISTENCIA HEMATOLOGICA E HEMOTERAPICA                                                                                 
2009,189,"PRESERVACAO DA ORDEM PUBLICA,  EXERCICIO DA POLICIA JUDICIARIA E INVESTIGACAO CRIMINAL                                  "
2009,191,PROJETO DE COMBATE A POBREZA RURAL - PCPR                                                                               
2009,192,VERIFICACAO E FISCALIZACAO METROLOGICA E DA QUALIDADE                                                                   
2009,193,TURISMO SOLIDARIO                                                                                                       
2009,194,CORREDORES RADIAIS DE INTEGRACAO E DESENVOLVIMENTO                                                                      
2009,195,CONSOLIDACAO DAS CADEIAS PRODUTIVAS - MINAS DO PRINCIPIO AO FIM                                                         
2009,196,"PROMOCAO DO DESENVOLVIMENTO ECONOMICO INDUSTRIAL, COMERCIAL, DE SERVICOS E DO COOPERATIVISMO                            "
2009,197,ORDENAMENTO TERRITORIAL DE MINAS GERAIS                                                                                 
2009,199,INCENTIVO A INOVACAO TECNOLOGICA                                                                                        
2009,200,"PRODUCAO, SISTEMATIZACAO E DISSEMINACAO DE DADOS ESTATISTICOS                                                           "
2009,201,PRODUCAO DE SERVICOS LABORATORIAIS                                                                                      
2009,206,DESENVOLVIMENTO DE EDUCACAO NA SAUDE                                                                                    
2009,208,PESQUISAS EM SAUDE PUBLICA                                                                                              
2009,210,GERACAO DE CONHECIMENTO E DE TECNOLOGIA AGROPECUARIA                                                                    
2009,211,INDUCAO AO DESENVOLVIMENTO CIENTIFICO E TECNOLOGICO                                                                     
2009,213,MODERNIZACAO DA GESTAO E DO PLANEJAMENTO                                                                                
2009,215,GERENCIAMENTO DAS ATIVIDADES DE FISCALIZACAO E DE TRIBUTACAO ESTADUAL                                                   
2009,216,PROGRAMA DE PAVIMENTACAO DE RODOVIAS                                                                                    
2009,217,SEGURANCA DE ALIMENTOS                                                                                                  
2009,219,RECOLHIMENTO E GUARDA DE DETENTOS DO ESTADO                                                                             
2009,223,PROGRAMA DE DUPLICACAO DA RODOVIA FERNAO DIAS (BR381)                                                                   
2009,226,GESTAO ESTRATEGICA DE PESSOAS                                                                                           
2009,227,EDUCACAO PROFISSIONAL DE SEGURANCA PUBLICA                                                                              
2009,228,"PESQUISA, DESENVOLVIMENTO E SERVICOS TECNOLOGICOS                                                                       "
2009,230,ACOES EMERGENCIAIS CONTRA AS SECAS                                                                                      
2009,232,ESCOLA FAMILIA AGRICOLA                                                                                                 
2009,233,COOPERACAO ESTADO E MUNICIPIO                                                                                           
2009,234,ALIMENTACAO ESCOLAR                                                                                                     
2009,235,MELHORIA DO ENSINO FUNDAMENTAL                                                                                          
2009,236,ATENDIMENTO A EDUCACAO DE JOVENS E ADULTOS                                                                              
2009,240,ATENDIMENTO AO ENSINO PROFISSIONAL                                                                                      
2009,241,DESENVOLVIMENTO DA EDUCACAO INFANTIL                                                                                    
2009,242,SUPERVISAO E EXPANSAO DO ENSINO SUPERIOR                                                                                
2009,243,FUNDERUR - APOIO AO PEQUENO  PRODUTOR RURAL                                                                             
2009,244,ENSINO TECNICO PARA O AGRONEGOCIO                                                                                       
2009,257,PROGRAMA DE CAPTACAO DE RECURSOS EXTERNOS PARA APOIO A PESQUISA NO ESTADO DE MINAS GERAIS                               
2009,259,PROGRAMA DE APOIO A INDUCAO E INOVACAO CIENTIFICA E TECNOLOGICA PARA O DESENVOLVIMENTO DO ESTADO DE MINAS GERAIS        
2009,260,ENERGIA ELETRICA PARA O NOROESTE MINEIRO                                                                                
2009,261,APRIMORAMENTO DA GESTAO PUBLICA                                                                                         
2009,264,PROGRAMA DE APOIO FINANCEIRO A IMPLEMENTACAO DE PROJETOS DE PARCERIA PUBLICO-PRIVADA                                    
2009,266,GESTAO DA POLITICA DA CRIANCA E DO ADOLESCENTE                                                                          
2009,701,APOIO A ADMINISTRACAO PUBLICA                                                                                           
2009,702,OBRIGACOES ESPECIAIS                                                                                                    
2009,703,PROCESSO JUDICIARIO                                                                                                     
2009,704,"COMERCIALIZACAO DE ASSINATURA DO JORNAL MINAS GERAIS, IMPRESSOS, FORMULARIOS E SERVICOS GRAFICOS EM GERAL               "
2009,705,ASSISTENCIA SOCIAL E COMPLEMENTAR AO SEGURADO                                                                           
2009,706,ATENCAO A SAUDE                                                                                                         
2009,707,VIGILANCIA EM SAUDE                                                                                                     
2009,708,GESTAO DO SISTEMA UNICO DE SAUDE - SUS                                                                                  
2009,709,COMUNICACAO SOCIAL                                                                                                      
2009,710,COORDENACAO E ASSESSORAMENTO SUPERIOR                                                                                   
2009,711,REPRESENTACAO JURIDICA DO ESTADO                                                                                        
2009,712,ADMINISTRACAO DE PALACIOS                                                                                               
2009,713,JULGAMENTOS ADMINISTRATIVOS                                                                                             
2009,714,"AQUISICAO, CONSTRUCAO, REPAROS DE BENS IMOVEIS                                                                          "
2009,715,ASSISTENCIA A SAUDE DOS SEGURADOS E DOS SEUS DEPENDENTES                                                                
2009,716,DIFUSAO TECNICA DO SETOR MINEROMETALURGICO                                                                              
2009,717,REGISTRO PUBLICO DE EMPRESAS MERCANTIS E ATIVIDADES AFINS                                                               
2009,718,ASSISTENCIA A SAUDE DO POLICIAL CIVIL                                                                                   
2009,719,ENSINO MEDIO E FUNDAMENTAL - ESCOLA ESTADUAL ORDEM E PROGRESSO                                                          
2009,720,ADEQUACAO DA INFRA-ESTRUTURA FISICA DA FUNDACAO HEMOMINAS E CETEBIO EM MG                                               
2009,723,PRESTACAO JURISDICIONAL                                                                                                 
2009,724,ASSISTENCIA AO BOMBEIRO MILITAR                                                                                         
2009,726,ACESSO A JUSTICA                                                                                                        
2009,727,EDIFICACOES PUBLICAS                                                                                                    
2009,728,GESTAO DE PROJETOS                                                                                                      
2009,729,PROCESSO LEGISLATIVO                                                                                                    
2009,730,ESTUDOS E PESQUISAS LEGISLATIVOS                                                                                        
2009,731,REPRESENTACAO E DEFESA DOS INTERESSES DO ESTADO DE MINAS GERAIS NOS ESCRITORIOS REGIONAIS                               
2009,732,SEGURANCA ALIMENTAR                                                                                                     
2009,733,PROGRAMA DE APOIO AO DESENVOLVIMENTO MUNICIPAL - PADEM                                                                  
2009,734,PRESTACAO JURISDICIONAL MILITAR                                                                                         
2009,736,PROGRAMA DE APOIO HABITACIONAL AOS MILITARES                                                                            
2009,737,MODERNIZACAO INSTITUCIONAL                                                                                              
2009,738,PROTECAO E DEFESA DO CONSUMIDOR                                                                                         
2009,739,ASSISTENCIA PREVIDENCIARIA                                                                                              
2009,741,ACOES DE DEFESA CIVIL NOS MUNICIPIOS MINEIROS                                                                           
2009,742,OPERACIONALIZACAO DE JOGOS                                                                                              
2009,743,SERVICO ESPECIAL DE SEGURANCA                                                                                           
2009,745,PROMOCAO DE DEFESA CIVIL                                                                                                
2009,746,FISCALIZACAO DA EXECUCAO DOS RECURSOS PUBLICOS                                                                          
2009,747,ATENCAO A SAUDE DO SEGURADO                                                                                             
2009,749,PREVIDENCIA SOCIAL A SEGURADOS                                                                                          
2009,750,GERENCIAMENTO DE OBRAS E SERVICOS DE ENGENHARIA PUBLICA                                                                 
2009,751,PRESTACAO DE BENEFICIOS PREVIDENCIARIOS                                                                                 
2009,753,GERACAO DE CONHECIMENTOS CIENTIFICOS E BIOTECNOLOGICOS                                                                  
2009,754,CONSTRUCAO E REFORMA DE UNIDADES PREDIAIS-FUNED                                                                         
2009,755,AUDITORIA INTERNA E CORREICAO ADMINISTRATIVA                                                                            
2009,760,MODERNIZACAO DO SISTEMA DE CONTROLE EXTERNO                                                                             
2009,764,ASSISTENCIA COMPLEMENTAR                                                                                                
2009,765,APOIO HABITACIONAL                                                                                                      
2009,766,BENEFICIOS ASSISTENCIAIS                                                                                                
2009,767,RESERVA DE BENEFICIOS                                                                                                   
2009,772,PROMOCAO DOS DIREITOS DIFUSOS E COLETIVOS                                                                               
2009,773,PROGRAMA PREVENTIVO EM SAUDE OCUPACIONAL                                                                                
2009,774,GESTAO DO SISTEMA CORPORATIVO DE RECURSOS HUMANOS                                                                       
2009,775,FORTALECIMENTO E DIVULGACAO DOS DIREITOS DOS CONSUMIDORES                                                               
2009,776,CONSTRUCAO E REFORMA PREDIAS                                                                                            
2009,777,GESTAO DO SISTEMA INTEGRADO DE ADMINISTRACAO DE MATERIAIS E SERVICOS - SIAD                                             
2009,999,RESERVA DE CONTINGENCIA                                                                                                 
2010,1,"ACELERACAO DA APRENDIZAGEM NA REGIAO DO NORTE DE MINAS, JEQUITINHONHA, MUCURI E RIO DOCE                                "
2010,3,"ARRANJOS PRODUTIVOS EM BIOTECNOLOGIA, BIOCOMBUSTIVEIS, ELETROELETRONICOS E SOFTWARES                                    "
2010,4,ATENDIMENTO  AS  MEDIDAS SOCIOEDUCATIVAS                                                                                
2010,5,AVALIACAO E QUALIDADE DA ATUACAO DOS ORGAOS DE DEFESA SOCIAL                                                            
2010,6,CENTRO ADMINISTRATIVO                                                                                                   
2010,7,COPA DO MUNDO 2014                                                                                                      
2010,8,CHOQUES SETORIAIS DE GESTAO                                                                                             
2010,9,CIRCUITOS CULTURAIS DE MINAS GERAIS                                                                                     
2010,10,CONSERVACAO DO CERRADO E RECUPERACAO DA MATA ATLANTICA                                                                  
2010,11,CONSOLIDACAO DA GESTAO DE RECURSOS HIDRICOS EM BACIAS HIDROGRAFICAS                                                     
2010,13,DESCOMPLICAR - MELHORIA DO AMBIENTE DE NEGOCIOS                                                                         
2010,14,DESEMPENHO E QUALIFICACAO DE PROFESSORES                                                                                
2010,16,DESTINOS TURISTICOS ESTRATEGICOS                                                                                        
2010,17,EFICIENCIA TRIBUTARIA E SIMPLIFICACAO                                                                                   
2010,18,ENSINO MEDIO PROFISSIONALIZANTE                                                                                         
2010,19,ESCOLA EM TEMPO INTEGRAL                                                                                                
2010,20,"EXPANSAO, MODERNIZACAO E HUMANIZACAO DO SISTEMA PRISIONAL                                                               "
2010,21,GESTAO INTEGRADA DE ACOES E INFORMACOES DE DEFESA SOCIAL                                                                
2010,22,GOVERNO ELETRONICO                                                                                                      
2010,23,IMPLANTACAO DO SUAS                                                                                                     
2010,24,INSERCAO COMPETITIVA DAS EMPRESAS MINEIRAS NO MERCADO INTERNACIONAL                                                     
2010,25,LARES GERAES                                                                                                            
2010,26,MINAS AVANCA                                                                                                            
2010,27,MINAS OLIMPICA                                                                                                          
2010,28,MINAS SEM FOME                                                                                                          
2010,29,FORTALECIMENTO INSTITUCIONAL PARA MODERNIZACAO DA GESTAO FISCAL                                                         
2010,30,NOVOS PADROES DE GESTAO E ATENDIMENTO DA EDUCACAO BASICA                                                                
2010,32,PARCERIAS PARA PROVISAO DE SERVICOS DE INTERESSE PUBLICO                                                                
2010,33,POUPANCA JOVEM                                                                                                          
2010,34,PREVENCAO SOCIAL DA CRIMINALIDADE                                                                                       
2010,35,PRO-ACESSO                                                                                                              
2010,36,PROJETO TRAVESSIA: ATUACAO INTEGRADA EM ESPACOS DEFINIDOS DE CONCENTRACAO DE POBREZA                                    
2010,37,PROMEDIO - MELHORIA DA QUALIDADE E EFICIENCIA DO ENSINO MEDIO                                                           
2010,38,PROMG PLENO - PROGRAMA DE RECUPERACAO E MANUTENCAO RODOVIARIA DO ESTADO DE MINAS GERAIS                                 
2010,39,PROMOCAO DE INVESTIMENTOS E INSERCAO REGIONAL (INCLUSIVE AGRONEGOCIO)                                                   
2010,40,PROMOCAO E ATRACAO DE INVESTIMENTOS ESTRATEGICOS E DESENVOLVIMENTO DAS CADEIAS PRODUTIVAS DAS EMPRESAS-ANCORAS          
2010,41,QUALIDADE E PRODUTIVIDADE DO GASTO SETORIAL                                                                             
2010,42,REDE DE FORMACAO PROFISSIONAL ORIENTADA PELO MERCADO                                                                    
2010,43,REDE DE INOVACAO TECNOLOGICA                                                                                            
2010,44,REGIONALIZACAO - URGENCIA E EMERGENCIA                                                                                  
2010,45,RESIDUOS SOLIDOS                                                                                                        
2010,46,REVITALIZACAO DO RIO DAS VELHAS - META 2010                                                                             
2010,47,RMBH                                                                                                                    
2010,48,SANEAMENTO BASICO: MAIS SAUDE PARA TODOS                                                                                
2010,49,SAUDE EM CASA                                                                                                           
2010,50,CERTIFICA MINAS                                                                                                         
2010,51,SISTEMAS DE AVALIACAO DA QUALIDADE DO ENSINO E DAS ESCOLAS                                                              
2010,52,UNIVERSALIZACAO DO ACESSO A ENERGIA ELETRICA NO CAMPO                                                                   
2010,53,VIDA NO VALE - COPANOR                                                                                                  
2010,54,VIVA VIDA                                                                                                               
2010,55,ESCOLA VIVA E COMUNIDADE ATIVA                                                                                          
2010,56,POTENCIALIZACAO DA INFRA-ESTRUTURA LOGISTICA DA FRONTEIRA AGROINDUSTRIAL                                                
2010,57,PROGRAMA DE AUMENTO DA CAPACIDADE E SEGURANCA DOS CORREDORES DE TRANSPORTE                                              
2010,58,CENTRO DA JUVENTUDE DE MINAS GERAIS - PLUG MINAS                                                                        
2010,59,CONVIVENCIA COM A SECA E INCLUSAO PRODUTIVA                                                                             
2010,100,ATENDIMENTO HOSPITALAR E AMBULATORIAL                                                                                   
2010,102,ATENDIMENTO PSICOPEDAGOGICO NA FUNDACAO HELENA ANTIPOFF                                                                 
2010,103,APOIO FINANCEIRO AO TURISMO MINEIRO                                                                                     
2010,104,ELABORACAO E IMPLEMENTACAO DA POLITICA ENERGETICA DO ESTADO                                                             
2010,105,GESTAO AMBIENTAL INTEGRADA                                                                                              
2010,106,IMPLANTACAO DO CENTRO DE TECIDOS BIOLOGICOS DE MINAS GERAIS                                                             
2010,107,"ATENDIMENTO HOSPITALAR, AMBULATORIAL E EMERGENCIAL                                                                      "
2010,109,PROTECAO DA BIODIVERSIDADE E UNIDADES DE CONSERVACAO                                                                    
2010,110,MELHORIA DA QUALIDADE AMBIENTAL                                                                                         
2010,111,GERACAO E DIFUSAO DE INFORMACOES DO SETOR MINEROMETALURGICO                                                             
2010,112,GOVERNANCA METROPOLITANA                                                                                                
2010,113,DESENVOLVIMENTO SUSTENTAVEL DE RECURSOS HIDRICOS                                                                        
2010,114,PROMOCAO E MARKETING TURISTICO                                                                                          
2010,115,DESENVOLVIMENTO DO ENSINO SUPERIOR                                                                                      
2010,116,CAMINHOS DE MINAS                                                                                                       
2010,117,"POLITICA PUBLICA DE TRABALHO, EMPREGO E RENDA                                                                           "
2010,118,GESTAO E DISSEMINACAO DA INFORMACAO CULTURAL                                                                            
2010,119,PROGRAMA EXTENSAO RURAL PARA RESULTADOS                                                                                 
2010,120,APOIO AO FORTALECIMENTO DA REDE DE CIDADES                                                                              
2010,121,FORMACAO E CAPACITACAO CULTURAL E ARTISTICA                                                                             
2010,122,ENSINO PROFISSIONAL DA UNIMONTES                                                                                        
2010,123,FOMENTO A PRODUCAO CULTURAL                                                                                             
2010,124,PRODUCAO E DIFUSAO CULTURAL                                                                                             
2010,125,INFRA-ESTRUTURA CULTURAL                                                                                                
2010,126,RADIODIFUSAO                                                                                                            
2010,127,INFRA-ESTRUTURA RURAL                                                                                                   
2010,128,PROGRAMA DE MANUTENCAO DA REDE RODOVIARIA                                                                               
2010,129,ENSINO SUPERIOR DA UNIMONTES                                                                                            
2010,130,DESENVOLVIMENTO DE PESQUISA CIENTIFICA                                                                                  
2010,131,PRESERVACAO DO PATRIMONIO CULTURAL                                                                                      
2010,132,O ESTADO PARA OS CIDADAOS                                                                                               
2010,133,CONSTRUCAO E REFORMA DE UNIDADES PREDIAIS - FHEMIG                                                                      
2010,134,FORMACAO DE RECURSOS HUMANOS - FHEMIG                                                                                   
2010,135,TELEFONIA RURAL                                                                                                         
2010,136,EXTENSAO UNIVERSITARIA DA UNIMONTES                                                                                     
2010,137,PROMOCAO E DESENVOLVIMENTO DO COOPERATIVISMO MINEIRO                                                                    
2010,138,GERENCIAMENTO E DISSEMINACAO DA INFORMACAO CULTURAL                                                                     
2010,139,PROGRAMA DE APOIO A AMPLIACAO E A MELHORIA DOS SISTEMAS PRISIONAL E SOCIOEDUCATIVO                                      
2010,140,DESENVOLVIMENTO DO ENSINO SUPERIOR NA UEMG                                                                              
2010,141,POLICIA OSTENSIVA                                                                                                       
2010,142,PROGRAMA DOS DIREITOS DO CIDADAO                                                                                        
2010,143,QUALIFICACAO E CAPACITACAO PROFISSIONAL                                                                                 
2010,144,DESENVOLVIMENTO DA REFORMA AGRARIA                                                                                      
2010,145,PROGRAMA DE UNIVERSALIZACAO DO ACESSO A SERVICOS DE TELECOMUNICACAO EM MINAS GERAIS - MINAS COMUNICA                    
2010,146,ATENDIMENTO A EDUCACAO ESPECIAL                                                                                         
2010,148,PROGRAMA DE DESENVOLVIMENTO TURISTICO DO NORDESTE - FASE DOIS - PRODETUR/NE-II                                          
2010,149,INCENTIVO AO DESPORTO                                                                                                   
2010,150,PROMOCAO E DESENVOLVIMENTO DO COMERCIO E SERVICOS EM MINAS GERAIS                                                       
2010,153,DESENVOLVIMENTO DA EDUCACAO BASICA                                                                                      
2010,154,MINAS JOVEM PROTAGONISTA                                                                                                
2010,155,MANUTENCAO DOS SISTEMAS GERENCIAIS CORPORATIVOS                                                                         
2010,156,"ACOES SOCIAIS, ECONOMICAS E COMUNITARIAS PARA POPULACOES CARENTES                                                       "
2010,157,PROMOCAO E DESENVOLVIMENTO DO ARTESANATO EM MINAS GERAIS                                                                
2010,158,GOVERNANCA ELETRONICA                                                                                                   
2010,159,"DESENVOLVIMENTO, PRODUCAO E ENTREGA DE MEDICAMENTOS E IMUNOBIOLOGICOS                                                   "
2010,160,REDE COMPLEMENTAR DE SUPORTE SOCIAL E ATENCAO AO DEPENDENTE QUIMICO                                                     
2010,161,PROGRAMA DE GESTAO DO AGRONEGOCIO                                                                                       
2010,162,DESENVOLVIMENTO DAS POLITICAS DE DIREITOS HUMANOS                                                                       
2010,163,PROGRAMA MINAS MAIS SEGURO                                                                                              
2010,164,PROJETO JAIBA                                                                                                           
2010,165,LEITE PELA VIDA                                                                                                         
2010,166,BARRAGENS DE MINAS                                                                                                      
2010,167,MINAS ALEM-FRONTEIRAS                                                                                                   
2010,169,PROGRAMA DE DESENVOLVIMENTO DA ATIVIDADE PRODUTIVA FLORESTAL                                                            
2010,170,DESENVOLVIMENTO DO ENSINO FUNDAMENTAL E MEDIO  - CTPM                                                                   
2010,171,"PLANEJAMENTO, ORCAMENTO E ARTICULACAO DAS ACOES GOVERNAMENTAIS                                                          "
2010,172,ASSISTENCIA AO MILITAR                                                                                                  
2010,173,MODERNIZACAO DA GESTAO AMBIENTAL                                                                                        
2010,174,"ACOLHIMENTO, EDUCACAO E SEMI-PROFISSIONALIZACAO DE ADOLESCENTES E JOVENS DESAMPARADOS                                   "
2010,175,FARMACIA DE MINAS                                                                                                       
2010,177,MODERNIZACAO INSTITUCIONAL                                                                                              
2010,178,COORDENACAO E MANUTENCAO DO SISTEMA PRISIONAL                                                                           
2010,179,CIDADAO NOTA DEZ POR UM BRASIL ALFABETIZADO                                                                             
2010,180,MELHORIA DO ENSINO MEDIO                                                                                                
2010,181,"GERENCIAMENTO DE ESTADIOS E PROMOCAO DE EVENTOS ESPORTIVOS, RELIGIOSOS E SOCIO-CULTURAIS                                "
2010,182,MONITORAMENTO E FISCALIZACAO AMBIENTAL                                                                                  
2010,183,ADMINISTRACAO DE TRANSITO                                                                                               
2010,184,FORMACAO E CAPACITACAO DE POLICIAIS CIVIS                                                                               
2010,185,PROGRAMA DE DEFESA SANITARIA                                                                                            
2010,186,MELHORIA DA INFRA-ESTRUTURA DOS ACESSOS VIARIOS                                                                         
2010,187,ASSISTENCIA HEMATOLOGICA E HEMOTERAPICA                                                                                 
2010,189,"PRESERVACAO DA ORDEM PUBLICA,  EXERCICIO DA POLICIA JUDICIARIA E INVESTIGACAO CRIMINAL                                  "
2010,190,SERVICOS TECNOLOGICOS                                                                                                   
2010,191,PROJETO DE COMBATE A POBREZA RURAL - PCPR                                                                               
2010,192,VERIFICACAO E FISCALIZACAO METROLOGICA E DA QUALIDADE                                                                   
2010,194,CORREDORES RADIAIS DE INTEGRACAO E DESENVOLVIMENTO                                                                      
2010,195,CONSOLIDACAO DAS CADEIAS PRODUTIVAS - MINAS DO PRINCIPIO AO FIM                                                         
2010,197,ORDENAMENTO TERRITORIAL DE MINAS GERAIS                                                                                 
2010,198,PROJOVEM TRABALHADOR - JUVENTUDE CIDADA                                                                                 
2010,199,INCENTIVO A INOVACAO TECNOLOGICA                                                                                        
2010,200,"PRODUCAO, SISTEMATIZACAO E DISSEMINACAO DE DADOS ESTATISTICOS                                                           "
2010,201,PRODUCAO DE SERVICOS LABORATORIAIS                                                                                      
2010,202,PROMOCAO PARA O DESENVOLVIMENTO PRODUTIVO                                                                               
2010,203,FOMENTO DO PLANEJAMENTO HABITACIONAL                                                                                    
2010,205,REGULACAO DA PRESTACAO DOS SERVICOS DE ABASTECIMENTO DE AGUA E ESGOTAMENTO SANITARIO                                    
2010,206,DESENVOLVIMENTO DE EDUCACAO NA SAUDE                                                                                    
2010,210,GERACAO DE CONHECIMENTO E DE TECNOLOGIA AGROPECUARIA                                                                    
2010,211,INDUCAO AO DESENVOLVIMENTO CIENTIFICO E TECNOLOGICO                                                                     
2010,213,MODERNIZACAO DA GESTAO E DO PLANEJAMENTO                                                                                
2010,215,GERENCIAMENTO DAS ATIVIDADES DE FISCALIZACAO E DE TRIBUTACAO ESTADUAL                                                   
2010,216,PROGRAMA DE PAVIMENTACAO DE RODOVIAS                                                                                    
2010,217,SEGURANCA DE ALIMENTOS                                                                                                  
2010,219,RECOLHIMENTO E GUARDA DE DETENTOS DO ESTADO                                                                             
2010,223,PROGRAMA DE DUPLICACAO DA RODOVIA FERNAO DIAS (BR381)                                                                   
2010,226,GESTAO ESTRATEGICA DE PESSOAS                                                                                           
2010,227,EDUCACAO PROFISSIONAL DE SEGURANCA PUBLICA                                                                              
2010,228,"PESQUISA, DESENVOLVIMENTO E INOVACAO                                                                                    "
2010,232,ESCOLA FAMILIA AGRICOLA                                                                                                 
2010,233,COOPERACAO ESTADO E MUNICIPIO                                                                                           
2010,234,ALIMENTACAO ESCOLAR                                                                                                     
2010,235,MELHORIA DO ENSINO FUNDAMENTAL                                                                                          
2010,236,ATENDIMENTO A EDUCACAO DE JOVENS E ADULTOS                                                                              
2010,240,ATENDIMENTO AO ENSINO PROFISSIONAL                                                                                      
2010,241,DESENVOLVIMENTO DA EDUCACAO INFANTIL                                                                                    
2010,242,SUPERVISAO E EXPANSAO DO ENSINO SUPERIOR                                                                                
2010,243,FUNDERUR - APOIO AO PEQUENO  PRODUTOR RURAL                                                                             
2010,244,ENSINO TECNICO PARA O AGRONEGOCIO                                                                                       
2010,257,PROGRAMA DE CAPTACAO DE RECURSOS EXTERNOS PARA APOIO A PESQUISA NO ESTADO DE MINAS GERAIS                               
2010,259,PROGRAMA DE APOIO A INDUCAO E INOVACAO CIENTIFICA E TECNOLOGICA PARA O DESENVOLVIMENTO DO ESTADO DE MINAS GERAIS        
2010,261,APRIMORAMENTO DA GESTAO PUBLICA                                                                                         
2010,264,PROGRAMA DE APOIO FINANCEIRO A IMPLEMENTACAO DE PROJETOS DE PARCERIA PUBLICO-PRIVADA                                    
2010,266,GESTAO DA POLITICA DA CRIANCA E DO ADOLESCENTE                                                                          
2010,701,APOIO A ADMINISTRACAO PUBLICA                                                                                           
2010,702,OBRIGACOES ESPECIAIS                                                                                                    
2010,703,PROCESSO JUDICIARIO                                                                                                     
2010,704,"EDICAO, IMPRESSAO E COMERCIALIZACAO DO JORNAL MINAS GERAIS E DOS  SERVICOS GRAFICOS                                     "
2010,705,ASSISTENCIA SOCIAL E COMPLEMENTAR AO SEGURADO                                                                           
2010,706,ATENCAO ASSISTENCIAL A SAUDE                                                                                            
2010,707,VIGILANCIA EM SAUDE                                                                                                     
2010,708,GESTAO DO SISTEMA UNICO DE SAUDE - SUS                                                                                  
2010,709,COMUNICACAO SOCIAL                                                                                                      
2010,710,COORDENACAO E ASSESSORAMENTO SUPERIOR                                                                                   
2010,711,REPRESENTACAO JURIDICA DO ESTADO                                                                                        
2010,712,ADMINISTRACAO DE PALACIOS                                                                                               
2010,713,JULGAMENTOS ADMINISTRATIVOS                                                                                             
2010,714,"AQUISICAO, CONSTRUCAO, REPAROS DE BENS IMOVEIS                                                                          "
2010,715,ASSISTENCIA A SAUDE DOS SEGURADOS E DOS SEUS DEPENDENTES                                                                
2010,717,REGISTRO PUBLICO DE EMPRESAS MERCANTIS E ATIVIDADES AFINS                                                               
2010,718,ASSISTENCIA A SAUDE DO POLICIAL CIVIL                                                                                   
2010,719,ENSINO MEDIO E FUNDAMENTAL - ESCOLA ESTADUAL ORDEM E PROGRESSO                                                          
2010,723,PRESTACAO JURISDICIONAL                                                                                                 
2010,724,ASSISTENCIA AO BOMBEIRO MILITAR                                                                                         
2010,726,ACESSO A JUSTICA                                                                                                        
2010,727,EDIFICACOES PUBLICAS                                                                                                    
2010,728,GESTAO DE PROJETOS                                                                                                      
2010,729,PROCESSO LEGISLATIVO                                                                                                    
2010,731,REPRESENTACAO E DEFESA DOS INTERESSES DO ESTADO DE MINAS GERAIS NOS ESCRITORIOS REGIONAIS                               
2010,732,SEGURANCA ALIMENTAR                                                                                                     
2010,733,PROGRAMA DE APOIO AO DESENVOLVIMENTO MUNICIPAL - PADEM                                                                  
2010,734,PRESTACAO JURISDICIONAL MILITAR                                                                                         
2010,736,PROGRAMA DE APOIO HABITACIONAL AOS MILITARES                                                                            
2010,737,MODERNIZACAO INSTITUCIONAL                                                                                              
2010,738,PROTECAO E DEFESA DO CONSUMIDOR                                                                                         
2010,739,PRESTACAO DE BENEFICIOS PREVIDENCIARIOS                                                                                 
2010,741,ACOES DE DEFESA CIVIL NOS MUNICIPIOS MINEIROS                                                                           
2010,742,OPERACIONALIZACAO DE JOGOS                                                                                              
2010,743,SERVICO ESPECIAL DE SEGURANCA                                                                                           
2010,745,PROMOCAO DE DEFESA CIVIL                                                                                                
2010,746,FISCALIZACAO DA EXECUCAO DOS RECURSOS PUBLICOS                                                                          
2010,747,ATENCAO A SAUDE DO SEGURADO                                                                                             
2010,749,PREVIDENCIA SOCIAL A SEGURADOS                                                                                          
2010,750,GERENCIAMENTO DE OBRAS E SERVICOS DE ENGENHARIA PUBLICA                                                                 
2010,751,PRESTACAO DE BENEFICIOS PREVIDENCIARIOS                                                                                 
2010,753,GERACAO DE CONHECIMENTOS CIENTIFICOS E BIOTECNOLOGICOS                                                                  
2010,754,CONSTRUCAO E REFORMA DE UNIDADES PREDIAIS-FUNED                                                                         
2010,755,AUDITORIA INTERNA E CORREICAO ADMINISTRATIVA                                                                            
2010,760,MODERNIZACAO DO SISTEMA DE CONTROLE EXTERNO                                                                             
2010,764,ASSISTENCIA COMPLEMENTAR                                                                                                
2010,765,APOIO HABITACIONAL                                                                                                      
2010,766,BENEFICIOS ASSISTENCIAIS                                                                                                
2010,767,RESERVA DE BENEFICIOS                                                                                                   
2010,772,PROMOCAO DOS DIREITOS DIFUSOS E COLETIVOS                                                                               
2010,773,PROGRAMA PREVENTIVO EM SAUDE OCUPACIONAL                                                                                
2010,774,GESTAO DO SISTEMA CORPORATIVO DE RECURSOS HUMANOS                                                                       
2010,775,FORTALECIMENTO E DIVULGACAO DOS DIREITOS DOS CONSUMIDORES                                                               
2010,776,CONSTRUCAO E REFORMA PREDIAS                                                                                            
2010,777,GESTAO DO SISTEMA INTEGRADO DE ADMINISTRACAO DE MATERIAIS E SERVICOS - SIAD                                             
2010,778,PROGRAMA ESTADUAL DE ASSIST NCIA AO PEC LIO DOS SERVIDORES DO ESTADO DE MINAS GERAIS                                    
2010,999,RESERVA DE CONTINGENCIA                                                                                                 
2011,1,"ACELERACAO DA APRENDIZAGEM NA REGIAO DO NORTE DE MINAS, JEQUITINHONHA, MUCURI E RIO DOCE                                "
2011,2,SAUDE INTEGRADA - LOGISTICA E APOIO AS REDES DE ATENCAO                                                                 
2011,3,"ARRANJOS PRODUTIVOS EM BIOTECNOLOGIA, BIOCOMBUSTIVEIS, ELETROELETRONICOS E SOFTWARES                                    "
2011,4,ATENDIMENTO  AS  MEDIDAS SOCIOEDUCATIVAS                                                                                
2011,5,AVALIACAO E QUALIDADE DA ATUACAO DOS ORGAOS DE DEFESA SOCIAL                                                            
2011,6,CIDADE ADMINISTRATIVA                                                                                                   
2011,7,COPA DO MUNDO  2014                                                                                                     
2011,9,CIRCUITOS CULTURAIS DE MINAS GERAIS                                                                                     
2011,10,CONSERVACAO DO CERRADO E RECUPERACAO DA MATA ATLANTICA                                                                  
2011,11,CONSOLIDACAO DA GESTAO DE RECURSOS HIDRICOS EM BACIAS HIDROGRAFICAS                                                     
2011,13,DESCOMPLICAR - MELHORIA DO AMBIENTE DE NEGOCIOS                                                                         
2011,14,DESEMPENHO E QUALIFICACAO DE PROFESSORES                                                                                
2011,16,TURISMO COMPETITIVO EM MINAS GERAIS                                                                                     
2011,17,EFICIENCIA TRIBUTARIA E SIMPLIFICACAO                                                                                   
2011,18,ENSINO MEDIO PROFISSIONALIZANTE                                                                                         
2011,19,ESCOLA EM TEMPO INTEGRAL                                                                                                
2011,20,"EXPANSAO, MODERNIZACAO E HUMANIZACAO DO SISTEMA PRISIONAL                                                               "
2011,21,GESTAO INTEGRADA DE ACOES E INFORMACOES DE DEFESA SOCIAL                                                                
2011,22,GOVERNO ELETRONICO                                                                                                      
2011,23,IMPLANTACAO DO SUAS                                                                                                     
2011,24,INSERCAO COMPETITIVA DAS EMPRESAS MINEIRAS NO MERCADO INTERNACIONAL                                                     
2011,25,LARES GERAES                                                                                                            
2011,26,MINAS AVANCA                                                                                                            
2011,27,MINAS OLIMPICA                                                                                                          
2011,28,MINAS SEM FOME                                                                                                          
2011,29,FORTALECIMENTO INSTITUCIONAL PARA MODERNIZACAO DA GESTAO FISCAL                                                         
2011,30,NOVOS PADROES DE GESTAO E ATENDIMENTO DA EDUCACAO BASICA                                                                
2011,32,PARCERIAS PARA PROVISAO DE SERVICOS DE INTERESSE PUBLICO                                                                
2011,33,POUPANCA JOVEM                                                                                                          
2011,34,PREVENCAO SOCIAL DA CRIMINALIDADE                                                                                       
2011,35,PRO-ACESSO                                                                                                              
2011,36,PROJETO TRAVESSIA: ATUACAO INTEGRADA EM ESPACOS DEFINIDOS DE CONCENTRACAO DE POBREZA                                    
2011,37,PROMEDIO - MELHORIA DA QUALIDADE E EFICIENCIA DO ENSINO MEDIO                                                           
2011,38,PROMG PLENO - PROGRAMA DE RECUPERACAO E MANUTENCAO RODOVIARIA DO ESTADO DE MINAS GERAIS                                 
2011,39,PROMOCAO DE INVESTIMENTOS E INSERCAO REGIONAL (INCLUSIVE AGRONEGOCIO)                                                   
2011,40,PROMOCAO E ATRACAO DE INVESTIMENTOS ESTRATEGICOS E DESENVOLVIMENTO DAS CADEIAS PRODUTIVAS DAS EMPRESAS-ANCORAS          
2011,41,QUALIDADE E PRODUTIVIDADE DO GASTO SETORIAL                                                                             
2011,42,REDE DE FORMACAO PROFISSIONAL ORIENTADA PELO MERCADO                                                                    
2011,43,REDE DE INOVACAO TECNOLOGICA                                                                                            
2011,44,REGIONALIZACAO - REDES DE ATENCAO A SAUDE                                                                               
2011,45,RESIDUOS SOLIDOS                                                                                                        
2011,46,REVITALIZACAO DO RIO DAS VELHAS - META 2010                                                                             
2011,47,RMBH                                                                                                                    
2011,48,SANEAMENTO BASICO: MAIS SAUDE PARA TODOS                                                                                
2011,49,SAUDE EM CASA                                                                                                           
2011,50,CERTIFICA MINAS                                                                                                         
2011,51,SISTEMAS DE AVALIACAO DA QUALIDADE DO ENSINO E DAS ESCOLAS                                                              
2011,52,UNIVERSALIZACAO DO ACESSO A ENERGIA ELETRICA NO CAMPO                                                                   
2011,53,VIDA NO VALE - COPANOR                                                                                                  
2011,55,ESCOLA VIVA E COMUNIDADE ATIVA                                                                                          
2011,56,POTENCIALIZACAO DA INFRA-ESTRUTURA LOGISTICA DA FRONTEIRA AGROINDUSTRIAL                                                
2011,57,PROGRAMA DE AUMENTO DA CAPACIDADE E SEGURANCA DOS CORREDORES DE TRANSPORTE                                              
2011,58,CENTRO DA JUVENTUDE DE MINAS GERAIS - PLUG MINAS                                                                        
2011,59,CONVIVENCIA COM A SECA E INCLUSAO PRODUTIVA                                                                             
2011,100,ATENDIMENTO HOSPITALAR E AMBULATORIAL                                                                                   
2011,102,ATENDIMENTO PSICOPEDAGOGICO NA FUNDACAO HELENA ANTIPOFF                                                                 
2011,103,APOIO FINANCEIRO AO TURISMO MINEIRO                                                                                     
2011,104,ELABORACAO E IMPLEMENTACAO DA POLITICA ENERGETICA DO ESTADO                                                             
2011,105,GESTAO AMBIENTAL INTEGRADA                                                                                              
2011,106,IMPLANTACAO DO CENTRO DE TECIDOS BIOLOGICOS DE MINAS GERAIS                                                             
2011,107,"ATENDIMENTO HOSPITALAR, AMBULATORIAL E EMERGENCIAL                                                                      "
2011,109,PROTECAO DA BIODIVERSIDADE E UNIDADES DE CONSERVACAO                                                                    
2011,110,MELHORIA DA QUALIDADE AMBIENTAL                                                                                         
2011,111,GERACAO E DIFUSAO DE INFORMACOES DO SETOR MINEROMETALURGICO                                                             
2011,112,GOVERNANCA METROPOLITANA                                                                                                
2011,113,DESENVOLVIMENTO SUSTENTAVEL DE RECURSOS HIDRICOS                                                                        
2011,114,"ESTRUTURACAO, DESENVOLVIMENTO E PROMOCAO DO TURISMO MINEIRO                                                             "
2011,115,DESENVOLVIMENTO DA EDUCACAO SUPERIOR NA FUNDACAO HELENA ANTIPOFF                                                        
2011,116,CAMINHOS DE MINAS                                                                                                       
2011,117,"POLITICA PUBLICA DE TRABALHO, EMPREGO E RENDA                                                                           "
2011,118,GESTAO E DISSEMINACAO DA INFORMACAO CULTURAL                                                                            
2011,119,PROGRAMA EXTENSAO RURAL PARA RESULTADOS                                                                                 
2011,120,APOIO AO FORTALECIMENTO DA REDE DE CIDADES                                                                              
2011,121,FORMACAO E CAPACITACAO CULTURAL E ARTISTICA                                                                             
2011,122,ENSINO PROFISSIONAL DA UNIMONTES                                                                                        
2011,123,FOMENTO A PRODUCAO CULTURAL                                                                                             
2011,124,PRODUCAO E DIFUSAO CULTURAL                                                                                             
2011,125,INFRA-ESTRUTURA CULTURAL                                                                                                
2011,126,RADIODIFUSAO                                                                                                            
2011,127,INFRA-ESTRUTURA RURAL                                                                                                   
2011,128,PROGRAMA DE MANUTENCAO DA REDE RODOVIARIA                                                                               
2011,129,ENSINO SUPERIOR DA UNIMONTES                                                                                            
2011,130,DESENVOLVIMENTO DE PESQUISA CIENTIFICA                                                                                  
2011,131,PRESERVACAO DO PATRIMONIO CULTURAL                                                                                      
2011,132,O ESTADO PARA OS CIDADAOS                                                                                               
2011,133,OBRAS PREDIAIS NA REDE FHEMIG                                                                                           
2011,134,RESIDENCIA MEDICA FHEMIG                                                                                                
2011,135,TELEFONIA RURAL                                                                                                         
2011,136,EXTENSAO UNIVERSITARIA DA UNIMONTES                                                                                     
2011,137,PROMOCAO E DESENVOLVIMENTO DO COOPERATIVISMO MINEIRO                                                                    
2011,139,PROGRAMA DE APOIO A AMPLIACAO E A MELHORIA DOS SISTEMAS PRISIONAL E SOCIOEDUCATIVO                                      
2011,140,DESENVOLVIMENTO DO ENSINO SUPERIOR NA UEMG                                                                              
2011,141,POLICIA OSTENSIVA                                                                                                       
2011,142,PROGRAMA DOS DIREITOS DO CIDADAO                                                                                        
2011,143,QUALIFICACAO E CAPACITACAO PROFISSIONAL                                                                                 
2011,144,DESENVOLVIMENTO SUSTENTAVEL AGRARIO                                                                                     
2011,145,PROGRAMA DE UNIVERSALIZACAO DO ACESSO A SERVICOS DE TELECOMUNICACAO EM MINAS GERAIS - MINAS COMUNICA                    
2011,146,ATENDIMENTO A EDUCACAO ESPECIAL                                                                                         
2011,148,PROGRAMA DE DESENVOLVIMENTO TURISTICO DO NORDESTE - FASE DOIS - PRODETUR/NE-II                                          
2011,149,INCENTIVO AO DESPORTO                                                                                                   
2011,150,PROMOCAO E DESENVOLVIMENTO DO COMERCIO E SERVICOS EM MINAS GERAIS                                                       
2011,152,FOMENTO A GESTAO LOCAL DE POLITICAS SOBRE DROGAS                                                                        
2011,153,DESENVOLVIMENTO DA EDUCACAO BASICA                                                                                      
2011,154,MINAS JOVEM PROTAGONISTA                                                                                                
2011,155,MANUTENCAO DOS SISTEMAS GERENCIAIS CORPORATIVOS                                                                         
2011,156,"ACOES SOCIAIS, ECONOMICAS E COMUNITARIAS PARA POPULACOES CARENTES                                                       "
2011,157,PROMOCAO E DESENVOLVIMENTO DO ARTESANATO EM MINAS GERAIS                                                                
2011,158,GOVERNANCA ELETRONICA                                                                                                   
2011,159,"DESENVOLVIMENTO, PRODUCAO E ENTREGA DE MEDICAMENTOS E IMUNOBIOLOGICOS                                                   "
2011,160,REDE COMPLEMENTAR DE SUPORTE SOCIAL E ATENCAO AO DEPENDENTE QUIMICO                                                     
2011,161,GESTAO DO AGRONEGOCIO                                                                                                   
2011,162,DESENVOLVIMENTO DAS POLITICAS DE DIREITOS HUMANOS                                                                       
2011,163,PROGRAMA MINAS MAIS SEGURO                                                                                              
2011,164,PROJETO JAIBA                                                                                                           
2011,165,LEITE PELA VIDA                                                                                                         
2011,166,BARRAGENS DE MINAS                                                                                                      
2011,167,MINAS ALEM-FRONTEIRAS                                                                                                   
2011,168,PROGRAMA NACIONAL DE DESENVOLVIMENTO DO TURISMO  PRODETUR NACIONAL MINAS GERAIS                                        
2011,169,DESENVOLVIMENTO DA ATIVIDADE PRODUTIVA FLORESTAL                                                                        
2011,170,DESENVOLVIMENTO DO ENSINO FUNDAMENTAL E MEDIO  - CTPM                                                                   
2011,171,"PLANEJAMENTO, ORCAMENTO E ARTICULACAO DAS ACOES GOVERNAMENTAIS                                                          "
2011,172,ASSISTENCIA AO MILITAR                                                                                                  
2011,173,MODERNIZACAO DA GESTAO AMBIENTAL                                                                                        
2011,174,"ACOLHIMENTO, EDUCACAO E SEMI-PROFISSIONALIZACAO DE ADOLESCENTES E JOVENS DESAMPARADOS                                   "
2011,175,FARMACIA DE MINAS                                                                                                       
2011,178,COORDENACAO E MANUTENCAO DO SISTEMA PRISIONAL                                                                           
2011,179,CIDADAO NOTA DEZ POR UM BRASIL ALFABETIZADO                                                                             
2011,180,MELHORIA DO ENSINO MEDIO                                                                                                
2011,181,"GERENCIAMENTO DE ESTADIOS E PROMOCAO DE EVENTOS ESPORTIVOS, RELIGIOSOS E SOCIO-CULTURAIS                                "
2011,182,MONITORAMENTO E FISCALIZACAO AMBIENTAL                                                                                  
2011,183,ADMINISTRACAO DE TRANSITO                                                                                               
2011,184,FORMACAO E CAPACITACAO DE POLICIAIS CIVIS                                                                               
2011,185,PROGRAMA DE DEFESA SANITARIA                                                                                            
2011,186,MELHORIA DA INFRA-ESTRUTURA DOS ACESSOS VIARIOS                                                                         
2011,187,ASSISTENCIA HEMATOLOGICA E HEMOTERAPICA                                                                                 
2011,189,"PRESERVACAO DA ORDEM PUBLICA,  EXERCICIO DA POLICIA JUDICIARIA E INVESTIGACAO CRIMINAL                                  "
2011,190,SERVICOS TECNOLOGICOS                                                                                                   
2011,191,PROJETO DE COMBATE A POBREZA RURAL - PCPR                                                                               
2011,192,VERIFICACAO E FISCALIZACAO METROLOGICA E DA QUALIDADE                                                                   
2011,193,GESTAO INTEGRADA DO SISTEMA DE DEFESA SOCIAL                                                                            
2011,194,CORREDORES RADIAIS DE INTEGRACAO E DESENVOLVIMENTO                                                                      
2011,195,CONSOLIDACAO DAS CADEIAS PRODUTIVAS - MINAS DO PRINCIPIO AO FIM                                                         
2011,196,COORDENACAO E GESTAO DO SISTEMA SOCIOEDUCATIVO                                                                          
2011,197,ORDENAMENTO TERRITORIAL DE MINAS GERAIS                                                                                 
2011,198,PROJOVEM TRABALHADOR - JUVENTUDE CIDADA                                                                                 
2011,199,INCENTIVO A INOVACAO TECNOLOGICA                                                                                        
2011,200,"PRODUCAO, SISTEMATIZACAO E DISSEMINACAO DE DADOS ESTATISTICOS                                                           "
2011,201,PRODUCAO DE SERVICOS LABORATORIAIS                                                                                      
2011,202,PROMOCAO PARA O DESENVOLVIMENTO PRODUTIVO                                                                               
2011,203,FOMENTO DO PLANEJAMENTO HABITACIONAL                                                                                    
2011,204,COORDENACAO E GESTAO DAS ACOES DE PREVENCAO A CRIMINALIDADE                                                             
2011,205,REGULACAO DA PRESTACAO DOS SERVICOS DE ABASTECIMENTO DE AGUA E ESGOTAMENTO SANITARIO                                    
2011,206,DESENVOLVIMENTO DE EDUCACAO NA SAUDE                                                                                    
2011,210,GERACAO DE CONHECIMENTO E DE TECNOLOGIA AGROPECUARIA                                                                    
2011,211,INDUCAO AO DESENVOLVIMENTO CIENTIFICO E TECNOLOGICO                                                                     
2011,213,MODERNIZACAO DA GESTAO E DO PLANEJAMENTO                                                                                
2011,215,GERENCIAMENTO DAS ATIVIDADES DE FISCALIZACAO E DE TRIBUTACAO ESTADUAL                                                   
2011,216,PROGRAMA DE PAVIMENTACAO DE RODOVIAS                                                                                    
2011,217,SEGURANCA DE ALIMENTOS                                                                                                  
2011,219,RECOLHIMENTO E GUARDA DE DETENTOS DO ESTADO                                                                             
2011,223,PROGRAMA DE DUPLICACAO DA RODOVIA FERNAO DIAS (BR381)                                                                   
2011,226,GESTAO ESTRATEGICA DE PESSOAS                                                                                           
2011,227,EDUCACAO PROFISSIONAL DE SEGURANCA PUBLICA                                                                              
2011,228,"PESQUISA, DESENVOLVIMENTO E INOVACAO                                                                                    "
2011,232,ESCOLA FAMILIA AGRICOLA                                                                                                 
2011,233,COOPERACAO ESTADO E MUNICIPIO NA AREA EDUCACIONAL                                                                       
2011,234,ALIMENTACAO ESCOLAR                                                                                                     
2011,235,MELHORIA DO ENSINO FUNDAMENTAL                                                                                          
2011,236,ATENDIMENTO A EDUCACAO DE JOVENS E ADULTOS                                                                              
2011,240,ATENDIMENTO AO ENSINO PROFISSIONAL                                                                                      
2011,241,DESENVOLVIMENTO DA EDUCACAO INFANTIL                                                                                    
2011,242,SUPERVISAO E EXPANSAO DO ENSINO SUPERIOR                                                                                
2011,243,FUNDERUR - APOIO AO PEQUENO  PRODUTOR RURAL                                                                             
2011,244,ENSINO TECNICO PARA O AGRONEGOCIO                                                                                       
2011,259,PROGRAMA DE APOIO A INDUCAO E INOVACAO CIENTIFICA E TECNOLOGICA PARA O DESENVOLVIMENTO DO ESTADO DE MINAS GERAIS        
2011,261,APRIMORAMENTO DA GESTAO PUBLICA                                                                                         
2011,264,PROGRAMA DE APOIO FINANCEIRO A IMPLEMENTACAO DE PROJETOS DE PARCERIA PUBLICO-PRIVADA                                    
2011,266,GESTAO DA POLITICA DA CRIANCA E DO ADOLESCENTE                                                                          
2011,701,APOIO A ADMINISTRACAO PUBLICA                                                                                           
2011,702,OBRIGACOES ESPECIAIS                                                                                                    
2011,703,PROCESSO JUDICIARIO                                                                                                     
2011,704,"EDICAO, IMPRESSAO, COMERCIALIZACAO E DIVULGACAO DO JORNAL MINAS GERAIS E DOS  SERVICOS GRAFICOS                         "
2011,705,ASSISTENCIA SOCIAL E COMPLEMENTAR AO SEGURADO                                                                           
2011,706,ATENCAO A SAUDE                                                                                                         
2011,707,VIGILANCIA EM SAUDE                                                                                                     
2011,708,GESTAO DO SISTEMA UNICO DE SAUDE - SUS                                                                                  
2011,709,COMUNICACAO SOCIAL                                                                                                      
2011,710,COORDENACAO E ASSESSORAMENTO SUPERIOR                                                                                   
2011,711,REPRESENTACAO JURIDICA DO ESTADO                                                                                        
2011,712,ADMINISTRACAO DE PALACIOS                                                                                               
2011,713,JULGAMENTOS ADMINISTRATIVOS                                                                                             
2011,714,"AQUISICAO, CONSTRUCAO, REPAROS DE BENS IMOVEIS                                                                          "
2011,715,ASSISTENCIA A SAUDE DOS SEGURADOS E DOS SEUS DEPENDENTES                                                                
2011,716,CASA CIVIL                                                                                                              
2011,717,REGISTRO PUBLICO DE EMPRESAS MERCANTIS E ATIVIDADES AFINS                                                               
2011,718,ASSISTENCIA A SAUDE DO POLICIAL CIVIL                                                                                   
2011,719,ENSINO MEDIO E FUNDAMENTAL - ESCOLA ESTADUAL ORDEM E PROGRESSO                                                          
2011,723,PRESTACAO JURISDICIONAL                                                                                                 
2011,724,ASSISTENCIA AO BOMBEIRO MILITAR                                                                                         
2011,726,ACESSO A JUSTICA                                                                                                        
2011,727,EDIFICACOES PUBLICAS                                                                                                    
2011,728,GESTAO DE PROJETOS                                                                                                      
2011,729,PROCESSO LEGISLATIVO                                                                                                    
2011,731,REPRESENTACAO E DEFESA DOS INTERESSES DO ESTADO DE MINAS GERAIS NOS ESCRITORIOS REGIONAIS                               
2011,732,SEGURANCA ALIMENTAR                                                                                                     
2011,733,PROGRAMA DE APOIO AO DESENVOLVIMENTO MUNICIPAL - PADEM                                                                  
2011,734,PRESTACAO JURISDICIONAL MILITAR                                                                                         
2011,736,PROGRAMA DE APOIO HABITACIONAL AOS MILITARES                                                                            
2011,737,MODERNIZACAO INSTITUCIONAL                                                                                              
2011,738,PROTECAO E DEFESA DO CONSUMIDOR                                                                                         
2011,739,PRESTACAO DE BENEFICIOS PREVIDENCIARIOS                                                                                 
2011,741,ACOES DE DEFESA CIVIL NOS MUNICIPIOS MINEIROS                                                                           
2011,742,OPERACIONALIZACAO DE JOGOS                                                                                              
2011,743,SERVICO ESPECIAL DE SEGURANCA                                                                                           
2011,745,PROMOCAO DE DEFESA CIVIL                                                                                                
2011,746,FISCALIZACAO DA EXECUCAO DOS RECURSOS PUBLICOS                                                                          
2011,747,ATENCAO A SAUDE DO SEGURADO                                                                                             
2011,749,PREVIDENCIA SOCIAL A SEGURADOS                                                                                          
2011,750,GERENCIAMENTO DE OBRAS E SERVICOS DE ENGENHARIA PUBLICA                                                                 
2011,751,PRESTACAO DE BENEFICIOS PREVIDENCIARIOS                                                                                 
2011,753,GERACAO DE CONHECIMENTOS CIENTIFICOS E BIOTECNOLOGICOS                                                                  
2011,755,AUDITORIA INTERNA E CORREICAO ADMINISTRATIVA                                                                            
2011,760,MODERNIZACAO DO SISTEMA DE CONTROLE EXTERNO                                                                             
2011,764,ASSISTENCIA COMPLEMENTAR                                                                                                
2011,765,APOIO HABITACIONAL                                                                                                      
2011,766,BENEFICIOS ASSISTENCIAIS                                                                                                
2011,767,RESERVA DE BENEFICIOS                                                                                                   
2011,772,PROMOCAO DOS DIREITOS DIFUSOS E COLETIVOS                                                                               
2011,773,PROGRAMA PREVENTIVO EM SAUDE OCUPACIONAL                                                                                
2011,774,GESTAO DO SISTEMA CORPORATIVO DE RECURSOS HUMANOS                                                                       
2011,775,FORTALECIMENTO E DIVULGACAO DOS DIREITOS DOS CONSUMIDORES                                                               
2011,777,GESTAO DO SISTEMA INTEGRADO DE ADMINISTRACAO DE MATERIAIS E SERVICOS - SIAD                                             
2011,778,PROGRAMA ESTADUAL DE ASSISTENCIA AO PECULIO DOS SERVIDORES DO ESTADO DE MINAS GERAIS                                    
2011,999,RESERVA DE CONTINGENCIA                                                                                                 
2012,2,SAUDE INTEGRADA                                                                                                         
2012,3,MELHOR EMPREGO                                                                                                          
2012,6,CIDADE ADMINISTRATIVA                                                                                                   
2012,7,COPA DO MUNDO  2014                                                                                                     
2012,8,AVANCA MINAS OLIMPICA                                                                                                   
2012,9,CIRCUITOS CULTURAIS DE MINAS GERAIS                                                                                     
2012,11,ASSISTENCIA SOCIAL E DIREITOS HUMANOS                                                                                   
2012,13,DESCOMPLICAR - MINAS INOVA                                                                                              
2012,15,EDUCACAO PARA CRESCER                                                                                                   
2012,17,PRO-ESCOLA                                                                                                              
2012,20,INFRAESTRUTURA DE DEFESA SOCIAL                                                                                         
2012,21,GESTAO INTEGRADA DE DEFESA SOCIAL                                                                                       
2012,23,JOVENS MINEIROS PROTAGONISTAS                                                                                           
2012,25,"CULTIVAR, NUTRIR E EDUCAR                                                                                               "
2012,27,MOBILIZACAO PARA O DESENVOLVIMENTO MINEIRO                                                                              
2012,28,SUSTENTABILIDADE E INFRAESTRUTURA NO CAMPO                                                                              
2012,29,CIDADES: ESPACOS DE INTEGRACAO                                                                                          
2012,34,MINAS MAIS SEGURA                                                                                                       
2012,35,MINAS LOGISTICA                                                                                                         
2012,36,TRAVESSIA                                                                                                               
2012,40,INVESTIMENTO COMPETITIVO PARA O FORTALECIMENTO E DIVERSIFICACAO DA ECONOMIA MINEIRA                                     
2012,42,DESTINO MINAS                                                                                                           
2012,43,TECNOLOGIA E INOVACAO RUMO A ECONOMIA DO CONHECIMENTO                                                                   
2012,44,REDES INTEGRADAS DE SERVICOS DE SAUDE                                                                                   
2012,45,GOVERNO EFICIENTE                                                                                                       
2012,46,QUALIDADE AMBIENTAL                                                                                                     
2012,49,SAUDE EM CASA                                                                                                           
2012,50,DESENVOLVIMENTO SOCIAL DOS VALES DO JEQUITINHONHA E MUCURI E NORTE DE MINAS                                             
2012,52,ALIANCA PELA VIDA                                                                                                       
2012,53,SANEAMENTO PARA TODOS                                                                                                   
2012,100,ASSISTENCIA HOSPITALAR E AMBULATORIAL                                                                                   
2012,101,"ARRANJOS PRODUTIVOS, POLOS DE EXCELENCIA E POLOS DE INOVACAO                                                            "
2012,102,ATENDIMENTO COMUNITARIO E PSICOPEDAGOGICO NA FUNDACAO HELENA ANTIPOFF                                                   
2012,103,APOIO FINANCEIRO AO TURISMO MINEIRO                                                                                     
2012,104,ACOES ESTRATEGICAS PARA O SETOR ENERGETICO DO ESTADO                                                                    
2012,105,GESTAO AMBIENTAL INTEGRADA                                                                                              
2012,106,DESENVOLVIMENTO DO CENTRO DE TECIDOS BIOLOGICOS DE MINAS GERAIS                                                         
2012,107,REDE DE CAPACITACAO E PROMOCAO DA CULTURA DA PAZ NAS ESCOLAS                                                            
2012,108,REDE DE FORMACAO PROFISSIONAL ORIENTADA PELO MERCADO                                                                    
2012,109,PROTECAO DA BIODIVERSIDADE E UNIDADES DE CONSERVACAO                                                                    
2012,110,MELHORIA DA QUALIDADE AMBIENTAL                                                                                         
2012,111,DIFUSAO DE INFORMACOES DO SETOR MINEROMETALURGICO                                                                       
2012,113,DESENVOLVIMENTO SUSTENTAVEL DE RECURSOS HIDRICOS                                                                        
2012,114,"ESTRUTURACAO, DESENVOLVIMENTO E PROMOCAO DO TURISMO MINEIRO                                                             "
2012,115,DESENVOLVIMENTO DA EDUCACAO SUPERIOR NA FUNDACAO HELENA ANTIPOFF                                                        
2012,116,ESTRADAS VICINAIS DE MINAS                                                                                              
2012,118,GESTAO DA INFORMACAO CULTURAL                                                                                           
2012,119,ASSISTENCIA TECNICA E EXTENSAO RURAL PARA A AGRICULTURA FAMILIAR                                                        
2012,120,PROGRAMA DE SAUDE OCUPACIONAL E EXECUCAO PERICIAL                                                                       
2012,121,FORMACAO E CAPACITACAO CULTURAL E ARTISTICA                                                                             
2012,122,ADMINISTRACAO DE PESSOAL E GESTAO DO SISTEMA CORPORATIVO DE RECURSOS HUMANOS                                            
2012,123,DEMOCRATIZACAO DO ACESSO A CULTURA E AOS SEUS MECANISMOS DE PRODUCAO                                                    
2012,124,PROMOCAO E DIFUSAO CULTURAL                                                                                             
2012,125,MODERNIZACAO E PRESERVACAO DA INFRAESTRUTURA CULTURAL.                                                                  
2012,126,RADIODIFUSAO                                                                                                            
2012,128,"ADMINISTRACAO LOGISTICA, PATRIMONIAL E GESTAO DO SISTEMA CORPORATIVO DE ADMINISTRACAO DE MATERIAIS E SERVICOS           "
2012,129,EXPANSAO DO ENSINO UNIVERSITARIO                                                                                        
2012,130,INFRAESTRUTURA RURAL                                                                                                    
2012,131,PRESERVACAO DO PATRIMONIO CULTURAL                                                                                      
2012,132,DESENVOLVIMENTO DA INFRAESTRUTURA MUNICIPAL                                                                             
2012,133,OBRAS PREDIAIS NA REDE FHEMIG                                                                                           
2012,134,RESIDENCIA MEDICA FHEMIG                                                                                                
2012,135,TELEFONIA RURAL                                                                                                         
2012,137,PROMOCAO E DESENVOLVIMENTO DO COOPERATIVISMO MINEIRO                                                                    
2012,139,PROGRAMA DE APOIO A AMPLIACAO E A MELHORIA DOS SISTEMAS PRISIONAL E SOCIOEDUCATIVO                                      
2012,140,DESENVOLVIMENTO DO ENSINO SUPERIOR NA UEMG                                                                              
2012,141,POLICIA OSTENSIVA                                                                                                       
2012,142,PROGRAMA DOS DIREITOS DO CIDADAO                                                                                        
2012,143,FORMACAO PROFISSIONAL PARA O MERCADO DE TRABALHO                                                                        
2012,144,PROMOCAO E DEFESA DA CIDADANIA                                                                                          
2012,147,"GESTAO FISCAL, CONTABIL E FINANCEIRA DO ESTADO.                                                                         "
2012,148,PROGRAMA DE DESENVOLVIMENTO TURISTICO DO NORDESTE - FASE DOIS - PRODETUR/NE-II                                          
2012,149,INCENTIVO AO ESPORTE                                                                                                    
2012,150,PROMOCAO E DESENVOLVIMENTO DO COMERCIO E SERVICOS EM MINAS GERAIS                                                       
2012,151,GESTAO DO SISTEMA UNICO DE ASSISTENCIA SOCIAL - SUAS                                                                    
2012,152,FOMENTO A GESTAO LOCAL DE POLITICAS SOBRE DROGAS                                                                        
2012,153,DESENVOLVIMENTO DA EDUCACAO BASICA NA FUNDACAO HELENA ANTIPOFF                                                          
2012,154,AGENDA JOVEM                                                                                                            
2012,156,INCENTIVO A CADEIAS PRODUTIVAS REGIONAIS                                                                                
2012,157,FOMENTO AO ARTESANATO DE MINAS GERAIS                                                                                   
2012,158,GOVERNANCA ELETRONICA                                                                                                   
2012,159,"DESENVOLVIMENTO, PRODUCAO E ENTREGA DE IMUNOBIOLOGICOS                                                                  "
2012,160,GESTAO DOS REPASSES VOLUNTARIOS                                                                                         
2012,161,DESENVOLVIMENTO DA AGRICULTURA FAMILIAR E DO AGRONEGOCIO                                                                
2012,162,DESENVOLVIMENTO DAS POLITICAS DE DIREITOS HUMANOS                                                                       
2012,163,MINAS MAIS SEGURO                                                                                                       
2012,164,PROJETO JAIBA                                                                                                           
2012,165,LEITE PELA VIDA                                                                                                         
2012,166,BARRAGENS DE MINAS                                                                                                      
2012,167,FINANCIA MINAS - PROMOCAO DO INVESTIMENTO ESTRATEGICO                                                                   
2012,168,GESTAO E APOIO AS ACOES DA COPA DO MUNDO                                                                                
2012,169,DESENVOLVIMENTO DA ATIVIDADE PRODUTIVA FLORESTAL                                                                        
2012,170,DESENVOLVIMENTO DO ENSINO FUNDAMENTAL E MEDIO  - CTPM                                                                   
2012,171,"PLANEJAMENTO, ORCAMENTO E ARTICULACAO DAS ACOES GOVERNAMENTAIS                                                          "
2012,172,ASSISTENCIA AO MILITAR                                                                                                  
2012,174,PROTAGONISMO JUVENIL                                                                                                    
2012,177,MINAS SEM FOME                                                                                                          
2012,178,FORTALECIMENTO E DIVULGACAO DOS DIREITOS DOS CONSUMIDORES                                                               
2012,179,TRAVESSIA NOTA DEZ                                                                                                      
2012,180,OPERACIONALIZACAO DE JOGOS                                                                                              
2012,181,"GERENCIAMENTO DE ESTADIOS E PROMOCAO DE EVENTOS ESPORTIVOS, RELIGIOSOS E SOCIO-CULTURAIS                                "
2012,182,MONITORAMENTO E FISCALIZACAO AMBIENTAL                                                                                  
2012,183,ADMINISTRACAO DE TRANSITO                                                                                               
2012,184,FORMACAO E CAPACITACAO DE POLICIAIS CIVIS                                                                               
2012,185,DEFESA SANITARIA                                                                                                        
2012,186,MELHORIA DA INFRAESTRUTURA DE TRANSPORTES                                                                               
2012,187,ASSISTENCIA HEMATOLOGICA E HEMOTERAPICA                                                                                 
2012,189,"PRESERVACAO DA ORDEM PUBLICA,  EXERCICIO DA POLICIA JUDICIARIA E INVESTIGACAO CRIMINAL                                  "
2012,190,SERVICOS TECNOLOGICOS                                                                                                   
2012,192,VERIFICACAO E FISCALIZACAO METROLOGICA E DA QUALIDADE                                                                   
2012,195,CONSOLIDACAO DAS CADEIAS PRODUTIVAS - MINAS DO PRINCIPIO AO FIM                                                         
2012,197,ORDENAMENTO TERRITORIAL DE MINAS GERAIS                                                                                 
2012,199,INCENTIVO A INOVACAO TECNOLOGICA                                                                                        
2012,200,"PRODUCAO, SISTEMATIZACAO E DISSEMINACAO DE DADOS ESTATISTICOS                                                           "
2012,201,PRODUCAO DE SERVICOS LABORATORIAIS                                                                                      
2012,202,ESTIMULO AO DESENVOLVIMENTO PRODUTIVO E A INOVACAO                                                                      
2012,205,REGULACAO DA PRESTACAO DOS SERVICOS DE ABASTECIMENTO DE AGUA E ESGOTAMENTO SANITARIO                                    
2012,206,DESENVOLVIMENTO DE EDUCACAO NA SAUDE                                                                                    
2012,207,FORTALECIMENTO INSTITUCIONAL PARA MODERNIZACAO DA GESTAO FISCAL                                                         
2012,208,CERTIFICA MINAS                                                                                                         
2012,209,AUMENTO DA CAPACIDADE E SEGURANCA DOS CORREDORES DE TRANSPORTE                                                          
2012,210,GERACAO DE CONHECIMENTO E DE TECNOLOGIA AGROPECUARIA                                                                    
2012,212,MINAS ESPORTE                                                                                                           
2012,213,MODERNIZACAO DA GESTAO E DO PLANEJAMENTO                                                                                
2012,214,AVALIACAO E QUALIDADE DA ATUACAO DOS ORGAOS DE DEFESA SOCIAL                                                            
2012,215,"GERENCIAMENTO DAS ATIVIDADES DE ARRECADACAO, FISCALIZACAO E DE TRIBUTACAO ESTADUAL                                      "
2012,216,EXPANSAO DA INFRAESTRUTURA RODOVIARIA                                                                                   
2012,217,SEGURANCA DE ALIMENTOS                                                                                                  
2012,219,RECOLHIMENTO E GUARDA DE DETENTOS DO ESTADO                                                                             
2012,221,PLUGMINAS - CENTRO DE FORMACAO E EXPERIMENTACAO DIGITAL                                                                 
2012,222,RESIDUOS SOLIDOS                                                                                                        
2012,226,GESTAO ESTRATEGICA DE PESSOAS                                                                                           
2012,227,EDUCACAO PROFISSIONAL DE SEGURANCA PUBLICA                                                                              
2012,228,"PESQUISA, DESENVOLVIMENTO E INOVACAO                                                                                    "
2012,231,INOVACAO SOCIAL PARA A REDUCAO DA POBREZA NO NORTE E NORDESTE DE MINAS GERAIS.                                          
2012,232,ESCOLA FAMILIA AGRICOLA                                                                                                 
2012,233,COOPERACAO ESTADO E MUNICIPIO NA AREA EDUCACIONAL                                                                       
2012,237,ATENCAO A SAUDE                                                                                                         
2012,238,VIGILANCIA EM SAUDE                                                                                                     
2012,239,GESTAO DO SISTEMA UNICO DE SAUDE                                                                                        
2012,240,ATENDIMENTO AO ENSINO PROFISSIONAL                                                                                      
2012,242,SUPERVISAO E EXPANSAO DO ENSINO SUPERIOR                                                                                
2012,243,FUNDERUR - APOIO AO PEQUENO  PRODUTOR RURAL                                                                             
2012,244,ENSINO TECNICO PARA O AGRONEGOCIO                                                                                       
2012,245,REGISTRO PUBLICO DE EMPRESAS MERCANTIS E ATIVIDADES AFINS                                                               
2012,246,SEGURANCA ALIMENTAR                                                                                                     
2012,251,ASSISTENCIA A SAUDE DO POLICIAL CIVIL                                                                                   
2012,254,GERACAO DE CONHECIMENTOS CIENTIFICOS E BIOTECNOLOGICOS                                                                  
2012,255,AUDITORIA INTERNA E CORREICAO ADMINISTRATIVA                                                                            
2012,258,REGULARIZACAO FUNDIARIA RURAL                                                                                           
2012,259,PROGRAMA DE APOIO A INDUCAO E A INOVACAO CIENTIFICA E TECNOLOGICA PARA O DESENVOLVIMENTO DO ESTADO DE MINAS GERAIS      
2012,260,ELABORACAO DE ESTUDOS E PROJETOS DE POLITICAS PUBLICAS E PESQUISA APLICADA                                              
2012,261,APRIMORAMENTO DA GESTAO PUBLICA                                                                                         
2012,262,"DESENVOLVIMENTO DE ATIVIDADES DE EDUCACAO, CAPACITACAO E PESQUISA APLICADA EM AGUAS                                     "
2012,263,MINAS ABERTA                                                                                                            
2012,264,APOIO FINANCEIRO A IMPLEMENTACAO DE CONTRATOS DE PPP                                                                    
2012,266,GESTAO DA POLITICA DA CRIANCA E DO ADOLESCENTE                                                                          
2012,267,PROGRAMA DE GERACAO DE RENDA E INCLUSAO PRODUTIVA                                                                       
2012,270,APOIO NA REALIZACAO DAS METAS PRIORITARIAS DO GOVERNO DE MINAS GERAIS                                                   
2012,271,MELHORIA DA EDUCACAO BASICA                                                                                             
2012,272,POLITICA DE PROMOCAO DE EMPREGO                                                                                         
2012,273,PRESERVACAO DA MEMORIA TECNICO-CIENTIFICA NO AMBITO DO PODER EXECUTIVO DO ESTADO DE MINAS GERAIS                        
2012,275,INCENTIVO A ESTRUTURACAO DA REDE DE ASSISTENCIA FARMACEUTICA                                                            
2012,276,MORAR EM MINAS                                                                                                          
2012,277,URBANIZE MINAS: PLANEJAMENTO E INFRAESTRUTURA                                                                           
2012,278,ASSOCIATIVISMO MUNICIPAL: FORTALECENDO A REDE DE CIDADES                                                                
2012,279,GESTAO METROPOLITANA                                                                                                    
2012,280,GESTAO DA ESTRATEGIA GOVERNAMENTAL                                                                                      
2012,284,FOMENTO AO CRESCIMENTO DAS MICROEMPRESAS E EMPRESAS DE PEQUENO PORTE DE MINAS GERAIS                                    
2012,289,UNIVERSALIZACAO DO ACESSO A ENERGIA ELETRICA NO CAMPO                                                                   
2012,290,CONVIVENCIA COM A SECA                                                                                                  
2012,291,ENSINO MEDIO E FUNDAMENTAL - ESCOLA ESTADUAL ORDEM E PROGRESSO                                                          
2012,292,DESENVOLVIMENTO DA INFRAESTRUTURA GOVERNAMENTAL                                                                         
2012,293,PLANEJAMENTO E GERENCIAMENTO DE SERVICOS E INFRAESTRUTURA DE TRANSPORTES E OBRAS PUBLICAS                               
2012,294,PROMOCAO DE DEFESA CIVIL                                                                                                
2012,295,GERENCIAMENTO E EXECUCAO DE OBRAS E SERVICOS DE ENGENHARIA PUBLICA                                                      
2012,296,ATENDIMENTO DO SERVIDOR DO SISTEMA DE DEFESA SOCIAL                                                                     
2012,297,ENSINO E TREINAMENTO DOS SERVIDORES DO SISTEMA DE DEFESA SOCIAL                                                         
2012,298,APOIO AS POLITICAS DE DESENVOLVIMENTO SOCIAL                                                                            
2012,299,PROGRAMA DE ERRADICACAO DA MISERIA E DA EXTREMA POBREZA                                                                 
2012,701,APOIO A ADMINISTRACAO PUBLICA                                                                                           
2012,702,OBRIGACOES ESPECIAIS                                                                                                    
2012,703,PROCESSO JUDICIARIO                                                                                                     
2012,704,"EDICAO, IMPRESSAO, COMERCIALIZACAO E DIVULGACAO DO JORNAL MINAS GERAIS E DOS  SERVICOS GRAFICOS                         "
2012,705,ASSISTENCIA SOCIAL E COMPLEMENTAR AO SEGURADO                                                                           
2012,707,AMPLIACAO DA EFICIENCIA NA GESTAO PROCESSUAL                                                                            
2012,709,COMUNICACAO SOCIAL                                                                                                      
2012,710,ASSESSORAMENTO SUPERIOR                                                                                                 
2012,711,REPRESENTACAO JURIDICA DO ESTADO                                                                                        
2012,712,ADMINISTRACAO DE PALACIOS                                                                                               
2012,714,"AQUISICAO, CONSTRUCAO, REPAROS DE BENS IMOVEIS                                                                          "
2012,715,ASSISTENCIA A SAUDE DOS SEGURADOS E DOS SEUS DEPENDENTES                                                                
2012,720,PLANO DE ATENCAO A SAUDE                                                                                                
2012,723,PRESTACAO JURISDICIONAL                                                                                                 
2012,724,ASSISTENCIA AO BOMBEIRO MILITAR                                                                                         
2012,726,ACESSO A JUSTICA                                                                                                        
2012,729,PROCESSO LEGISLATIVO                                                                                                    
2012,730,APOIO E ASSESSORAMENTO ESTRATEGICO AO GOVERNADOR                                                                        
2012,731,REPRESENTACAO E DEFESA DOS INTERESSES DO ESTADO DE MINAS GERAIS NOS ESCRITORIOS REGIONAIS                               
2012,732,SERVICOS PROPRIOS DE ATENCAO A SAUDE DOS BENEFICIARIOS                                                                  
2012,734,PRESTACAO JURISDICIONAL MILITAR                                                                                         
2012,736,PROGRAMA DE APOIO HABITACIONAL AOS MILITARES                                                                            
2012,737,MODERNIZACAO INSTITUCIONAL                                                                                              
2012,738,PROTECAO E DEFESA DO CONSUMIDOR                                                                                         
2012,741,ACOES DE DEFESA CIVIL NOS MUNICIPIOS MINEIROS                                                                           
2012,743,SERVICO ESPECIAL DE SEGURANCA                                                                                           
2012,746,CONTROLE EXTERNO DOS RECURSOS PUBLICOS                                                                                  
2012,749,REGIME PROPRIO DE PREVIDENCIA SOCIAL                                                                                    
2012,751,PRESTACAO DE BENEFICIOS PREVIDENCIARIOS                                                                                 
2012,760,MODERNIZACAO DO SISTEMA DE CONTROLE EXTERNO                                                                             
2012,764,ASSISTENCIA COMPLEMENTAR                                                                                                
2012,765,APOIO HABITACIONAL                                                                                                      
2012,766,BENEFICIOS ASSISTENCIAIS                                                                                                
2012,767,RESERVA DE BENEFICIOS                                                                                                   
2012,772,PROMOCAO DOS DIREITOS DIFUSOS E COLETIVOS                                                                               
2012,778,PROGRAMA ESTADUAL DE ASSISTENCIA AO PECULIO DOS SERVIDORES DO ESTADO DE MINAS GERAIS                                    
2012,999,RESERVA DE CONTINGENCIA                                                                                                 
2013,2,SAUDE INTEGRADA
2013,3,MELHOR EMPREGO
2013,6,CIDADE ADMINISTRATIVA
2013,7,COPA DO MUNDO  2014
2013,8,AVANCA MINAS OLIMPICA
2013,9,CIRCUITOS CULTURAIS DE MINAS GERAIS
2013,11,ASSISTENCIA SOCIAL E DIREITOS HUMANOS
2013,13,DESCOMPLICAR - MINAS INOVA
2013,15,EDUCACAO PARA CRESCER
2013,17,PRO-ESCOLA
2013,20,INFRAESTRUTURA DE DEFESA SOCIAL
2013,21,GESTAO INTEGRADA DE DEFESA SOCIAL
2013,23,JOVENS MINEIROS PROTAGONISTAS
2013,25,"CULTIVAR, NUTRIR E EDUCAR"
2013,27,MOBILIZACAO PARA O DESENVOLVIMENTO MINEIRO
2013,28,SUSTENTABILIDADE E INFRAESTRUTURA NO CAMPO
2013,29,CIDADES: ESPACOS DE INTEGRACAO
2013,34,MINAS MAIS SEGURA
2013,35,MINAS LOGISTICA
2013,36,TRAVESSIA
2013,40,INVESTIMENTO COMPETITIVO PARA O FORTALECIMENTO E DIVERSIFICACAO DA ECONOMIA MINEIRA
2013,42,DESTINO MINAS
2013,43,TECNOLOGIA E INOVACAO RUMO A ECONOMIA DO CONHECIMENTO
2013,44,REDES INTEGRADAS DE SERVICOS DE SAUDE
2013,45,GOVERNO EFICIENTE
2013,46,QUALIDADE AMBIENTAL
2013,49,SAUDE EM CASA
2013,50,DESENVOLVIMENTO SOCIAL DOS VALES DO JEQUITINHONHA E MUCURI E NORTE DE MINAS
2013,52,ALIANCA PELA VIDA
2013,53,SANEAMENTO PARA TODOS
2013,100,ASSISTENCIA HOSPITALAR E AMBULATORIAL
2013,101,"ARRANJOS PRODUTIVOS, POLOS DE EXCELENCIA E POLOS DE INOVACAO"
2013,102,ATENDIMENTO COMUNITARIO E PSICOPEDAGOGICO NA FUNDACAO HELENA ANTIPOFF
2013,103,APOIO FINANCEIRO AO TURISMO MINEIRO
2013,104,ACOES ESTRATEGICAS PARA O SETOR ENERGETICO DO ESTADO
2013,105,GESTAO AMBIENTAL INTEGRADA
2013,106,DESENVOLVIMENTO DO CENTRO DE TECIDOS BIOLOGICOS DE MINAS GERAIS
2013,108,REDE DE FORMACAO PROFISSIONAL ORIENTADA PELO MERCADO
2013,109,PROTECAO DA BIODIVERSIDADE E UNIDADES DE CONSERVACAO
2013,110,MELHORIA DA QUALIDADE AMBIENTAL
2013,111,DIFUSAO DE INFORMACOES DO SETOR MINEROMETALURGICO
2013,112,VIABILIZACAO DA INFRAESTRUTURA E LOGISTICA RURAL
2013,113,DESENVOLVIMENTO SUSTENTAVEL DE RECURSOS HIDRICOS
2013,114,"ESTRUTURACAO, DESENVOLVIMENTO E PROMOCAO DO TURISMO MINEIRO"
2013,115,DESENVOLVIMENTO DA EDUCACAO SUPERIOR NA FUNDACAO HELENA ANTIPOFF
2013,116,ESTRADAS VICINAIS DE MINAS
2013,117,FORTALECIMENTO INSTITUCIONAL PARA MODERNIZACAO DA GESTAO FISCAL - SEGUNDA ETAPA
2013,118,GESTAO DA INFORMACAO CULTURAL
2013,119,ASSISTENCIA TECNICA E EXTENSAO RURAL PARA A AGRICULTURA FAMILIAR
2013,120,PROGRAMA DE SAUDE OCUPACIONAL E EXECUCAO PERICIAL
2013,121,FORMACAO E CAPACITACAO CULTURAL E ARTISTICA
2013,122,ADMINISTRACAO DE PESSOAL E GESTAO DOS SISTEMAS DE PESSOAL
2013,123,DEMOCRATIZACAO DO ACESSO A CULTURA E AOS SEUS MECANISMOS DE PRODUCAO
2013,124,PROMOCAO E DIFUSAO CULTURAL
2013,125,MODERNIZACAO E PRESERVACAO DA INFRAESTRUTURA CULTURAL.
2013,126,RADIODIFUSAO
2013,127,DESENVOLVIMENTO TECNOLOGICO DO PARQUE INDUSTRIAL MINEIRO
2013,128,"ADMINISTRACAO LOGISTICA, PATRIMONIAL E GESTAO DO SISTEMA CORPORATIVO DE ADMINISTRACAO DE MATERIAIS E SERVICOS"
2013,129,EXPANSAO DO ENSINO UNIVERSITARIO
2013,130,INFRAESTRUTURA RURAL
2013,131,PRESERVACAO DO PATRIMONIO CULTURAL
2013,132,DESENVOLVIMENTO DA INFRAESTRUTURA MUNICIPAL
2013,133,OBRAS PREDIAIS NA REDE FHEMIG
2013,134,RESIDENCIA MEDICA FHEMIG
2013,135,TELEFONIA RURAL
2013,137,PROMOCAO E DESENVOLVIMENTO DO COOPERATIVISMO MINEIRO
2013,138,FORTALECIMENTO DA GESTAO DAS UNIDADES ADMINISTRATIVAS
2013,139,PROGRAMA DE APOIO A AMPLIACAO E A MELHORIA DOS SISTEMAS PRISIONAL E SOCIOEDUCATIVO
2013,140,DESENVOLVIMENTO DO ENSINO SUPERIOR NA UEMG
2013,141,POLICIA OSTENSIVA
2013,142,PROGRAMA DOS DIREITOS DO CIDADAO
2013,143,FORMACAO PROFISSIONAL PARA O MERCADO DE TRABALHO
2013,144,PROMOCAO E DEFESA DA CIDADANIA
2013,145,CAMINHOS DA ROCA
2013,146,MINAS MUNDO
2013,147,"GESTAO FISCAL, CONTABIL E FINANCEIRA DO ESTADO."
2013,148,PROGRAMA DE DESENVOLVIMENTO TURISTICO DO NORDESTE - FASE DOIS - PRODETUR/NE-II
2013,149,INCENTIVO AO ESPORTE
2013,150,PROMOCAO E DESENVOLVIMENTO DO COMERCIO E SERVICOS EM MINAS GERAIS
2013,151,GESTAO DO SISTEMA UNICO DE ASSISTENCIA SOCIAL - SUAS
2013,152,FOMENTO A GESTAO LOCAL DE POLITICAS SOBRE DROGAS
2013,153,DESENVOLVIMENTO DA EDUCACAO BASICA NA FUNDACAO HELENA ANTIPOFF
2013,154,AGENDA JOVEM
2013,155,INOVACAO PARA A CIDADANIA
2013,156,INCENTIVO A CADEIAS PRODUTIVAS REGIONAIS
2013,157,FOMENTO AO ARTESANATO DE MINAS GERAIS
2013,158,GOVERNANCA ELETRONICA
2013,159,"DESENVOLVIMENTO, PRODUCAO E ENTREGA DE IMUNOBIOLOGICOS"
2013,160,APOIO PARA O DESENVOLVIMENTO MUNICIPAL GESTAO E TRANSFERENCIAS DE RECURSOS
2013,161,DESENVOLVIMENTO SUSTENTAVEL DA AGRICULTURA FAMILIAR
2013,162,DESENVOLVIMENTO DAS POLITICAS DE DIREITOS HUMANOS
2013,164,PROJETO JAIBA
2013,165,LEITE PELA VIDA
2013,166,BARRAGENS DE MINAS
2013,167,FINANCIA MINAS - PROMOCAO DO INVESTIMENTO ESTRATEGICO
2013,168,GESTAO E APOIO AS ACOES DA COPA DO MUNDO
2013,169,DESENVOLVIMENTO DO AGRONEGOCIO MINEIRO
2013,170,DESENVOLVIMENTO DO ENSINO FUNDAMENTAL E MEDIO  - CTPM
2013,171,"PLANEJAMENTO, ORCAMENTO E ARTICULACAO DAS ACOES GOVERNAMENTAIS"
2013,172,ASSISTENCIA AO MILITAR
2013,173,PROGRAMA DE UNIVERSALIZACAO DO ACESSO A SERVICOS DE TELECOMUNICACAO EM MINAS GERAIS - MINAS COMUNICA
2013,174,PROTAGONISMO JUVENIL
2013,175,QUALIDADE E PRODUTIVIDADE DO GASTO
2013,177,MINAS SEM FOME
2013,178,FORTALECIMENTO E DIVULGACAO DOS DIREITOS DOS CONSUMIDORES
2013,179,TRAVESSIA NOTA DEZ POR UM BRASIL ALFABETIZADO
2013,180,OPERACIONALIZACAO DE JOGOS
2013,181,"GERENCIAMENTO DE ESTADIOS E PROMOCAO DE EVENTOS ESPORTIVOS, RELIGIOSOS E SOCIO-CULTURAIS"
2013,182,MONITORAMENTO E FISCALIZACAO AMBIENTAL
2013,183,ADMINISTRACAO DE TRANSITO
2013,184,FORMACAO E CAPACITACAO DE POLICIAIS CIVIS
2013,185,DEFESA SANITARIA
2013,186,MELHORIA DA INFRAESTRUTURA DE TRANSPORTES
2013,187,ASSISTENCIA HEMATOLOGICA E HEMOTERAPICA
2013,189,"PRESERVACAO DA ORDEM PUBLICA,  EXERCICIO DA POLICIA JUDICIARIA E INVESTIGACAO CRIMINAL"
2013,190,SERVICOS TECNOLOGICOS
2013,192,VERIFICACAO E FISCALIZACAO METROLOGICA E DA QUALIDADE
2013,193,APOIO A CADEIA PRODUTIVA DO CAFE
2013,195,CONSOLIDACAO DAS CADEIAS PRODUTIVAS - MINAS DO PRINCIPIO AO FIM
2013,197,ORDENAMENTO TERRITORIAL DE MINAS GERAIS
2013,198,REDE DE CAPACITACAO E PROMOCAO DA CULTURA DA PAZ NAS ESCOLAS
2013,199,INCENTIVO A INOVACAO TECNOLOGICA
2013,200,"PRODUCAO, SISTEMATIZACAO E DISSEMINACAO DE DADOS ESTATISTICOS"
2013,201,PRODUCAO DE SERVICOS LABORATORIAIS
2013,202,ESTIMULO AO DESENVOLVIMENTO PRODUTIVO E A INOVACAO
2013,205,REGULACAO DA PRESTACAO DOS SERVICOS DE ABASTECIMENTO DE AGUA E ESGOTAMENTO SANITARIO
2013,206,DESENVOLVIMENTO DE EDUCACAO NA SAUDE
2013,207,FORTALECIMENTO INSTITUCIONAL PARA MODERNIZACAO DA GESTAO FISCAL
2013,208,CERTIFICA MINAS
2013,209,AUMENTO DA CAPACIDADE E SEGURANCA DOS CORREDORES DE TRANSPORTE
2013,210,GERACAO DE CONHECIMENTO E DE TECNOLOGIA AGROPECUARIA
2013,212,MINAS OLIMPICA
2013,213,MODERNIZACAO DA GESTAO E DO PLANEJAMENTO
2013,214,AVALIACAO E QUALIDADE DA ATUACAO DOS ORGAOS DE DEFESA SOCIAL
2013,215,"GERENCIAMENTO DAS ATIVIDADES DE ARRECADACAO, FISCALIZACAO E DE TRIBUTACAO ESTADUAL"
2013,216,EXPANSAO DA INFRAESTRUTURA RODOVIARIA
2013,217,SEGURANCA DE ALIMENTOS
2013,219,RECOLHIMENTO E GUARDA DE DETENTOS DO ESTADO
2013,221,PLUGMINAS - CENTRO DE FORMACAO E EXPERIMENTACAO DIGITAL
2013,226,GESTAO ESTRATEGICA DE PESSOAS
2013,227,EDUCACAO PROFISSIONAL DE SEGURANCA PUBLICA
2013,228,"PESQUISA, DESENVOLVIMENTO E INOVACAO"
2013,231,INOVACAO SOCIAL PARA A REDUCAO DA POBREZA NO NORTE E NORDESTE DE MINAS GERAIS.
2013,232,ESCOLA FAMILIA AGRICOLA
2013,233,COOPERACAO ESTADO E MUNICIPIO NA AREA EDUCACIONAL
2013,237,ATENCAO A SAUDE
2013,238,VIGILANCIA EM SAUDE
2013,239,GESTAO DO SISTEMA UNICO DE SAUDE
2013,240,ATENDIMENTO AO ENSINO PROFISSIONAL
2013,242,SUPERVISAO E EXPANSAO DO ENSINO SUPERIOR
2013,243,FUNDERUR - APOIO AO PEQUENO  PRODUTOR RURAL
2013,244,ENSINO TECNICO PARA O AGRONEGOCIO
2013,245,REGISTRO PUBLICO DE EMPRESAS MERCANTIS E ATIVIDADES AFINS
2013,246,SEGURANCA ALIMENTAR
2013,251,ASSISTENCIA A SAUDE DO POLICIAL CIVIL
2013,254,GERACAO DE CONHECIMENTOS CIENTIFICOS E BIOTECNOLOGICOS
2013,255,AUDITORIA GOVERNAMENTAL E CORREICAO ADMINISTRATIVA
2013,258,REGULARIZACAO FUNDIARIA
2013,259,PROGRAMA DE APOIO A INDUCAO E A INOVACAO CIENTIFICA E TECNOLOGICA PARA O DESENVOLVIMENTO DO ESTADO DE MINAS GERAIS
2013,260,ELABORACAO DE ESTUDOS E PROJETOS DE POLITICAS PUBLICAS E PESQUISA APLICADA
2013,261,APRIMORAMENTO DA GESTAO PUBLICA
2013,262,"DESENVOLVIMENTO DE ATIVIDADES DE EDUCACAO, CAPACITACAO E PESQUISA APLICADA EM AGUAS"
2013,263,MINAS ABERTA
2013,264,APOIO FINANCEIRO A IMPLEMENTACAO DE CONTRATOS DE PPP
2013,266,GESTAO DA POLITICA DA CRIANCA E DO ADOLESCENTE
2013,267,PROGRAMA DE GERACAO DE RENDA E INCLUSAO PRODUTIVA
2013,270,APOIO NA REALIZACAO DAS METAS PRIORITARIAS DO GOVERNO DE MINAS GERAIS
2013,271,MELHORIA DA EDUCACAO BASICA
2013,272,POLITICA DE PROMOCAO DE EMPREGO
2013,273,PRESERVACAO DA MEMORIA TECNICO-CIENTIFICA NO AMBITO DO PODER EXECUTIVO DO ESTADO DE MINAS GERAIS
2013,275,INCENTIVO A ESTRUTURACAO DA REDE DE ASSISTENCIA FARMACEUTICA
2013,276,MORAR EM MINAS
2013,277,PLANEJAMENTO E INFRAESTRUTURA URBANA EM MINAS GERAIS
2013,278,ASSOCIATIVISMO MUNICIPAL: FORTALECENDO A REDE DE CIDADES
2013,279,GESTAO METROPOLITANA
2013,280,GESTAO DA ESTRATEGIA GOVERNAMENTAL
2013,284,FOMENTO AO CRESCIMENTO DAS MICROEMPRESAS E EMPRESAS DE PEQUENO PORTE DE MINAS GERAIS
2013,289,UNIVERSALIZACAO DO ACESSO A ENERGIA ELETRICA NO CAMPO
2013,290,CONVIVENCIA COM A SECA
2013,291,ENSINO MEDIO E FUNDAMENTAL - ESCOLA ESTADUAL ORDEM E PROGRESSO
2013,292,DESENVOLVIMENTO DA INFRAESTRUTURA GOVERNAMENTAL
2013,293,PLANEJAMENTO E GERENCIAMENTO DE SERVICOS E INFRAESTRUTURA DE TRANSPORTES E OBRAS PUBLICAS
2013,294,PROMOCAO DE DEFESA CIVIL
2013,295,GERENCIAMENTO E EXECUCAO DE OBRAS E SERVICOS DE ENGENHARIA PUBLICA
2013,296,ATENDIMENTO DO SERVIDOR DO SISTEMA DE DEFESA SOCIAL
2013,297,ENSINO E TREINAMENTO DOS SERVIDORES DO SISTEMA DE DEFESA SOCIAL
2013,298,APOIO AS POLITICAS DE DESENVOLVIMENTO SOCIAL
2013,701,APOIO A ADMINISTRACAO PUBLICA
2013,702,OBRIGACOES ESPECIAIS
2013,703,PROCESSO JUDICIARIO
2013,704,"EDICAO, IMPRESSAO, COMERCIALIZACAO E DIVULGACAO DO JORNAL MINAS GERAIS E DOS  SERVICOS GRAFICOS"
2013,705,ASSISTENCIA SOCIAL E COMPLEMENTAR AO SEGURADO
2013,706,PRESTACAO JURISDICIONAL
2013,707,AMPLIACAO DA EFICIENCIA NA GESTAO PROCESSUAL
2013,709,COMUNICACAO SOCIAL
2013,710,ASSESSORAMENTO SUPERIOR
2013,711,REPRESENTACAO JURIDICA DO ESTADO
2013,712,ADMINISTRACAO DE PALACIOS
2013,714,"AQUISICAO, CONSTRUCAO, REPAROS DE BENS IMOVEIS"
2013,715,ASSISTENCIA A SAUDE DOS SEGURADOS E DOS SEUS DEPENDENTES
2013,720,PLANO DE ATENCAO A SAUDE
2013,723,PRESTACAO JURISDICIONAL
2013,724,ASSISTENCIA AO BOMBEIRO MILITAR
2013,726,ACESSO A JUSTICA
2013,729,PROCESSO LEGISLATIVO
2013,730,APOIO E ASSESSORAMENTO ESTRATEGICO AO GOVERNADOR
2013,731,REPRESENTACAO E DEFESA DOS INTERESSES DO ESTADO DE MINAS GERAIS NOS ESCRITORIOS REGIONAIS
2013,732,SERVICOS PROPRIOS DE ATENCAO A SAUDE DOS BENEFICIARIOS
2013,734,PRESTACAO JURISDICIONAL MILITAR
2013,736,PROGRAMA DE APOIO HABITACIONAL AOS MILITARES
2013,737,MODERNIZACAO INSTITUCIONAL
2013,738,PROTECAO E DEFESA DO CONSUMIDOR
2013,741,ACOES DE DEFESA CIVIL NOS MUNICIPIOS MINEIROS
2013,743,SERVICO ESPECIAL DE SEGURANCA
2013,746,CONTROLE EXTERNO DOS RECURSOS PUBLICOS
2013,749,REGIME PROPRIO DE PREVIDENCIA SOCIAL
2013,751,PRESTACAO DE BENEFICIOS PREVIDENCIARIOS
2013,760,MODERNIZACAO DO SISTEMA DE CONTROLE EXTERNO
2013,764,ASSISTENCIA COMPLEMENTAR
2013,765,APOIO HABITACIONAL
2013,766,BENEFICIOS ASSISTENCIAIS
2013,767,RESERVA DE BENEFICIOS
2013,772,PROMOCAO DOS DIREITOS DIFUSOS E COLETIVOS
2013,778,PROGRAMA ESTADUAL DE ASSISTENCIA AO PECULIO DOS SERVIDORES DO ESTADO DE MINAS GERAIS
2013,999,RESERVA DE CONTINGENCIA
2014,1,GESTAO DOS COMPLEXOS HOSPITALARES DA FHEMIG
2014,2,SAUDE INTEGRADA
2014,3,MELHOR EMPREGO
2014,6,CIDADE ADMINISTRATIVA
2014,7,COPA DO MUNDO  2014
2014,8,AVANCA MINAS OLIMPICA
2014,9,CIRCUITOS CULTURAIS DE MINAS GERAIS
2014,11,ASSISTENCIA SOCIAL E DIREITOS HUMANOS
2014,13,DESCOMPLICAR - MINAS INOVA
2014,15,EDUCACAO PARA CRESCER
2014,17,PRO-ESCOLA
2014,20,INFRAESTRUTURA DE DEFESA SOCIAL
2014,21,GESTAO INTEGRADA DE DEFESA SOCIAL
2014,23,JOVENS MINEIROS PROTAGONISTAS
2014,25,"CULTIVAR, NUTRIR E EDUCAR"
2014,27,MOBILIZACAO PARA O DESENVOLVIMENTO MINEIRO
2014,28,SUSTENTABILIDADE E INFRAESTRUTURA NO CAMPO
2014,29,CIDADES: ESPACOS DE INTEGRACAO
2014,34,MINAS MAIS SEGURA
2014,35,MINAS LOGISTICA
2014,36,TRAVESSIA
2014,40,INVESTIMENTO COMPETITIVO PARA O FORTALECIMENTO E DIVERSIFICACAO DA ECONOMIA MINEIRA
2014,42,DESTINO MINAS
2014,43,TECNOLOGIA E INOVACAO RUMO A ECONOMIA DO CONHECIMENTO
2014,44,REDES INTEGRADAS DE SERVICOS DE SAUDE
2014,45,GOVERNO EFICIENTE
2014,46,QUALIDADE AMBIENTAL
2014,49,SAUDE EM CASA
2014,50,DESENVOLVIMENTO SOCIAL DOS VALES DO JEQUITINHONHA E MUCURI E NORTE DE MINAS
2014,52,ALIANCA PELA VIDA
2014,53,SANEAMENTO PARA TODOS
2014,100,ASSISTENCIA HOSPITALAR E AMBULATORIAL
2014,101,"ARRANJOS PRODUTIVOS, POLOS DE EXCELENCIA E POLOS DE INOVACAO"
2014,102,ATENDIMENTO COMUNITARIO E PSICOPEDAGOGICO NA FUNDACAO HELENA ANTIPOFF
2014,103,APOIO FINANCEIRO AO TURISMO MINEIRO
2014,104,ACOES ESTRATEGICAS PARA O SETOR ENERGETICO DO ESTADO
2014,105,GESTAO AMBIENTAL INTEGRADA
2014,107,OBRAS PREDIAIS - FUNED
2014,108,REDE DE FORMACAO PROFISSIONAL ORIENTADA PELO MERCADO
2014,109,PROTECAO DA BIODIVERSIDADE E UNIDADES DE CONSERVACAO
2014,110,MELHORIA DA QUALIDADE AMBIENTAL
2014,111,DIFUSAO DE INFORMACOES DO SETOR MINEROMETALURGICO
2014,112,VIABILIZACAO DA INFRAESTRUTURA E LOGISTICA RURAL
2014,113,DESENVOLVIMENTO SUSTENTAVEL DE RECURSOS HIDRICOS
2014,114,"ESTRUTURACAO, DESENVOLVIMENTO E PROMOCAO DO TURISMO MINEIRO"
2014,115,DESENVOLVIMENTO DA EDUCACAO SUPERIOR NA FUNDACAO HELENA ANTIPOFF
2014,116,ESTRADAS VICINAIS DE MINAS
2014,117,FORTALECIMENTO INSTITUCIONAL PARA MODERNIZACAO DA GESTAO FISCAL - SEGUNDA ETAPA
2014,118,GESTAO DA INFORMACAO CULTURAL
2014,119,ASSISTENCIA TECNICA E EXTENSAO RURAL PARA A AGRICULTURA FAMILIAR
2014,120,PROGRAMA DE SAUDE OCUPACIONAL E EXECUCAO PERICIAL
2014,121,FORMACAO E CAPACITACAO CULTURAL E ARTISTICA
2014,122,ADMINISTRACAO DE PESSOAL E GESTAO DOS SISTEMAS DE PESSOAL
2014,123,DEMOCRATIZACAO DO ACESSO A CULTURA E AOS SEUS MECANISMOS DE PRODUCAO
2014,124,PROMOCAO E DIFUSAO CULTURAL
2014,125,MODERNIZACAO E PRESERVACAO DA INFRAESTRUTURA CULTURAL.
2014,126,RADIODIFUSAO
2014,127,DESENVOLVIMENTO TECNOLOGICO DO PARQUE INDUSTRIAL MINEIRO
2014,129,EXPANSAO DO ENSINO UNIVERSITARIO
2014,130,INFRAESTRUTURA RURAL
2014,131,PRESERVACAO DO PATRIMONIO CULTURAL
2014,132,DESENVOLVIMENTO DA INFRAESTRUTURA MUNICIPAL
2014,133,OBRAS PREDIAIS NA REDE FHEMIG
2014,134,RESIDENCIA MEDICA FHEMIG
2014,135,TELEFONIA RURAL
2014,137,PROMOCAO E DESENVOLVIMENTO DO COOPERATIVISMO MINEIRO
2014,138,FORTALECIMENTO DA GESTAO DAS UNIDADES ADMINISTRATIVAS
2014,139,PROGRAMA DE APOIO A AMPLIACAO E A MELHORIA DOS SISTEMAS PRISIONAL E SOCIOEDUCATIVO
2014,140,DESENVOLVIMENTO DO ENSINO SUPERIOR NA UEMG
2014,141,POLICIA OSTENSIVA
2014,142,PROGRAMA DOS DIREITOS DO CIDADAO
2014,143,FORMACAO PROFISSIONAL PARA O MERCADO DE TRABALHO
2014,144,PROMOCAO E DEFESA DA CIDADANIA
2014,146,MINAS MUNDO
2014,147,"GESTAO FISCAL, CONTABIL E FINANCEIRA DO ESTADO."
2014,149,INCENTIVO AO ESPORTE
2014,150,PROMOCAO E DESENVOLVIMENTO DO COMERCIO E SERVICOS EM MINAS GERAIS
2014,152,FOMENTO A GESTAO LOCAL DE POLITICAS SOBRE DROGAS
2014,153,DESENVOLVIMENTO DA EDUCACAO BASICA NA FUNDACAO HELENA ANTIPOFF
2014,154,AGENDA JOVEM
2014,155,INOVACAO PARA A CIDADANIA
2014,156,INCENTIVO A CADEIAS PRODUTIVAS REGIONAIS
2014,157,FOMENTO AO ARTESANATO DE MINAS GERAIS
2014,158,GOVERNANCA ELETRONICA
2014,159,"DESENVOLVIMENTO, PRODUCAO E ENTREGA DE IMUNOBIOLOGICOS"
2014,160,APOIO PARA O DESENVOLVIMENTO MUNICIPAL GESTAO E TRANSFERENCIAS DE RECURSOS
2014,161,DESENVOLVIMENTO SUSTENTAVEL DA AGRICULTURA FAMILIAR
2014,162,DESENVOLVIMENTO DAS POLITICAS DE DIREITOS HUMANOS
2014,163,PLUGMINAS - CENTRO DE FORMACAO E EXPERIMENTACAO DIGITAL
2014,164,PROJETO JAIBA
2014,165,LEITE PELA VIDA
2014,166,BARRAGENS DE MINAS
2014,167,FINANCIA MINAS - PROMOCAO DO INVESTIMENTO ESTRATEGICO
2014,169,DESENVOLVIMENTO DO AGRONEGOCIO MINEIRO
2014,170,DESENVOLVIMENTO DO ENSINO FUNDAMENTAL E MEDIO  - CTPM
2014,172,ASSISTENCIA AO MILITAR
2014,173,PROGRAMA DE UNIVERSALIZACAO DO ACESSO A SERVICOS DE TELECOMUNICACAO EM MINAS GERAIS - MINAS COMUNICA
2014,174,PROTAGONISMO JUVENIL
2014,175,QUALIDADE E PRODUTIVIDADE DO GASTO
2014,177,MINAS SEM FOME
2014,178,FORTALECIMENTO E DIVULGACAO DOS DIREITOS DOS CONSUMIDORES
2014,179,TRAVESSIA NOTA DEZ POR UM BRASIL ALFABETIZADO
2014,180,OPERACIONALIZACAO DE JOGOS
2014,181,"GERENCIAMENTO DE ESTADIOS E PROMOCAO DE EVENTOS ESPORTIVOS, RELIGIOSOS E SOCIO-CULTURAIS"
2014,182,MONITORAMENTO E FISCALIZACAO AMBIENTAL
2014,183,ADMINISTRACAO DE TRANSITO
2014,184,FORMACAO E CAPACITACAO DE POLICIAIS CIVIS
2014,185,DEFESA SANITARIA
2014,186,MELHORIA DA INFRAESTRUTURA DE TRANSPORTES
2014,187,ASSISTENCIA HEMATOLOGICA E HEMOTERAPICA
2014,189,"PRESERVACAO DA ORDEM PUBLICA,  EXERCICIO DA POLICIA JUDICIARIA E INVESTIGACAO CRIMINAL"
2014,190,SERVICOS TECNOLOGICOS
2014,191,GESTAO DA ESCOLA DE SAUDE PUBLICA
2014,192,VERIFICACAO E FISCALIZACAO METROLOGICA E DA QUALIDADE
2014,193,APOIO A CADEIA PRODUTIVA DO CAFE
2014,194,GESTAO DA SECRETARIA DE ESTADO DE SAUDE
2014,195,CONSOLIDACAO DAS CADEIAS PRODUTIVAS - MINAS DO PRINCIPIO AO FIM
2014,196,GESTAO DA FUNDACAO HOSPITALAR DE MINAS GERAIS
2014,197,ORDENAMENTO TERRITORIAL DE MINAS GERAIS
2014,198,REDE DE CAPACITACAO E PROMOCAO DA CULTURA DA PAZ NAS ESCOLAS
2014,199,INCENTIVO A INOVACAO TECNOLOGICA
2014,200,"PRODUCAO, SISTEMATIZACAO E DISSEMINACAO DE DADOS ESTATISTICOS"
2014,201,PRODUCAO DE SERVICOS LABORATORIAIS
2014,202,ESTIMULO AO DESENVOLVIMENTO PRODUTIVO E A INOVACAO
2014,203,GESTAO DA HEMOMINAS
2014,204,GESTAO DA FUNED
2014,205,REGULACAO E FISCALIZACAO DA PRESTACAO DOS SERVICOS DE ABASTECIMENTO DE AGUA E ESGOTAMENTO SANITARIO DE MINAS GERAIS
2014,206,DESENVOLVIMENTO DE EDUCACAO NA SAUDE
2014,207,FORTALECIMENTO INSTITUCIONAL PARA MODERNIZACAO DA GESTAO FISCAL
2014,208,CERTIFICA MINAS
2014,209,AUMENTO DA CAPACIDADE E SEGURANCA DOS CORREDORES DE TRANSPORTE
2014,210,GERACAO DE CONHECIMENTO E DE TECNOLOGIA AGROPECUARIA
2014,212,MINAS OLIMPICA
2014,214,AVALIACAO E QUALIDADE DA ATUACAO DOS ORGAOS DE DEFESA SOCIAL
2014,215,"GERENCIAMENTO DAS ATIVIDADES DE ARRECADACAO, FISCALIZACAO E DE TRIBUTACAO ESTADUAL"
2014,216,EXPANSAO DA INFRAESTRUTURA RODOVIARIA
2014,217,SEGURANCA DE ALIMENTOS
2014,219,RECOLHIMENTO E GUARDA DE DETENTOS DO ESTADO
2014,226,GESTAO ESTRATEGICA DE PESSOAS
2014,227,EDUCACAO PROFISSIONAL DE SEGURANCA PUBLICA
2014,228,"PESQUISA, DESENVOLVIMENTO E INOVACAO"
2014,232,ESCOLA FAMILIA AGRICOLA
2014,233,COOPERACAO ESTADO E MUNICIPIO NA AREA EDUCACIONAL
2014,237,ATENCAO A SAUDE
2014,238,VIGILANCIA EM SAUDE
2014,239,GESTAO DO SISTEMA UNICO DE SAUDE
2014,240,ATENDIMENTO AO ENSINO PROFISSIONAL
2014,242,SUPERVISAO E EXPANSAO DO ENSINO SUPERIOR
2014,243,FUNDERUR - APOIO AO PEQUENO  PRODUTOR RURAL
2014,244,ENSINO TECNICO PARA O AGRONEGOCIO
2014,245,REGISTRO PUBLICO DE EMPRESAS MERCANTIS E ATIVIDADES AFINS
2014,246,SEGURANCA ALIMENTAR
2014,251,ASSISTENCIA A SAUDE DO POLICIAL CIVIL
2014,254,GERACAO DE CONHECIMENTOS CIENTIFICOS E BIOTECNOLOGICOS
2014,255,AUDITORIA GOVERNAMENTAL E CORREICAO ADMINISTRATIVA
2014,258,REGULARIZACAO FUNDIARIA
2014,259,PROGRAMA DE APOIO A INDUCAO E A INOVACAO CIENTIFICA E TECNOLOGICA
2014,260,ELABORACAO DE ESTUDOS E PROJETOS DE POLITICAS PUBLICAS E PESQUISA APLICADA
2014,261,APRIMORAMENTO DA GESTAO PUBLICA
2014,262,"DESENVOLVIMENTO DE ATIVIDADES DE EDUCACAO, CAPACITACAO E PESQUISA APLICADA EM AGUAS"
2014,263,MINAS ABERTA
2014,264,APOIO FINANCEIRO A IMPLEMENTACAO DE CONTRATOS DE PPP
2014,266,GESTAO DA POLITICA DA CRIANCA E DO ADOLESCENTE
2014,267,PROGRAMA DE GERACAO DE RENDA E INCLUSAO PRODUTIVA
2014,270,APOIO NA REALIZACAO DAS METAS PRIORITARIAS DO GOVERNO DE MINAS GERAIS
2014,271,MELHORIA DA EDUCACAO BASICA
2014,272,POLITICA DE PROMOCAO DE EMPREGO
2014,273,PRESERVACAO DA MEMORIA TECNICO-CIENTIFICA NO AMBITO DO PODER EXECUTIVO DO ESTADO DE MINAS GERAIS
2014,275,ESTRUTURACAO DA REDE ESTADUAL DE ASSISTENCIA FARMACEUTICA.
2014,276,MORAR EM MINAS
2014,277,PLANEJAMENTO E INFRAESTRUTURA URBANA EM MINAS GERAIS
2014,278,ASSOCIATIVISMO MUNICIPAL: FORTALECENDO A REDE DE CIDADES
2014,279,GESTAO METROPOLITANA
2014,280,GESTAO DA ESTRATEGIA GOVERNAMENTAL
2014,284,FOMENTO AO CRESCIMENTO DAS MICROEMPRESAS E EMPRESAS DE PEQUENO PORTE DE MINAS GERAIS
2014,289,UNIVERSALIZACAO DO ACESSO A ENERGIA ELETRICA NO CAMPO
2014,290,CONVIVENCIA COM A SECA
2014,291,ENSINO MEDIO E FUNDAMENTAL - ESCOLA ESTADUAL ORDEM E PROGRESSO
2014,292,DESENVOLVIMENTO DA INFRAESTRUTURA GOVERNAMENTAL
2014,293,PLANEJAMENTO E GERENCIAMENTO DE SERVICOS E INFRAESTRUTURA DE TRANSPORTES E OBRAS PUBLICAS
2014,294,PROMOCAO DE DEFESA CIVIL
2014,295,GERENCIAMENTO E EXECUCAO DE OBRAS E SERVICOS DE ENGENHARIA PUBLICA
2014,296,ATENDIMENTO DO SERVIDOR DO SISTEMA DE DEFESA SOCIAL
2014,297,ENSINO E TREINAMENTO DOS PROFISSIONAIS DO SISTEMA DE DEFESA SOCIAL
2014,298,APOIO AS POLITICAS DE DESENVOLVIMENTO SOCIAL
2014,701,APOIO A ADMINISTRACAO PUBLICA
2014,702,OBRIGACOES ESPECIAIS
2014,703,PROCESSO JUDICIARIO
2014,704,"EDICAO, IMPRESSAO, COMERCIALIZACAO E DIVULGACAO DO JORNAL MINAS GERAIS E DOS  SERVICOS GRAFICOS"
2014,705,ASSISTENCIA SOCIAL E COMPLEMENTAR AO SEGURADO
2014,706,PRESTACAO JURISDICIONAL
2014,707,AMPLIACAO DA EFICIENCIA NA GESTAO PROCESSUAL
2014,709,COMUNICACAO SOCIAL
2014,710,ASSESSORAMENTO SUPERIOR
2014,711,REPRESENTACAO JURIDICA DO ESTADO
2014,712,ADMINISTRACAO DE PALACIOS
2014,714,"AQUISICAO, CONSTRUCAO, REPAROS DE BENS IMOVEIS"
2014,715,ASSISTENCIA A SAUDE DOS SEGURADOS E DOS SEUS DEPENDENTES
2014,720,PLANO DE ATENCAO A SAUDE
2014,724,ASSISTENCIA AO BOMBEIRO MILITAR
2014,726,ACESSO A JUSTICA
2014,729,PROCESSO LEGISLATIVO
2014,730,APOIO E ASSESSORAMENTO ESTRATEGICO AO GOVERNADOR
2014,731,REPRESENTACAO E DEFESA DOS INTERESSES DO ESTADO DE MINAS GERAIS NOS ESCRITORIOS REGIONAIS
2014,732,SERVICOS PROPRIOS DE ATENCAO A SAUDE DOS BENEFICIARIOS
2014,734,PRESTACAO JURISDICIONAL MILITAR
2014,736,PROGRAMA DE APOIO HABITACIONAL AOS MILITARES
2014,737,MODERNIZACAO INSTITUCIONAL
2014,738,PROTECAO E DEFESA DO CONSUMIDOR
2014,741,ACOES DE DEFESA CIVIL NOS MUNICIPIOS MINEIROS
2014,743,SERVICO ESPECIAL DE SEGURANCA
2014,746,CONTROLE EXTERNO DA GESTAO DOS RECURSOS PUBLICOS
2014,749,REGIME PROPRIO DE PREVIDENCIA SOCIAL
2014,751,PRESTACAO DE BENEFICIOS PREVIDENCIARIOS
2014,760,MODERNIZACAO DO SISTEMA DE CONTROLE EXTERNO
2014,764,ASSISTENCIA COMPLEMENTAR
2014,765,APOIO HABITACIONAL
2014,766,BENEFICIOS ASSISTENCIAIS
2014,767,RESERVA DE BENEFICIOS
2014,772,PROMOCAO DOS DIREITOS DIFUSOS E COLETIVOS
2014,778,PROGRAMA ESTADUAL DE ASSISTENCIA AO PECULIO DOS SERVIDORES DO ESTADO DE MINAS GERAIS
2014,999,RESERVA DE CONTINGENCIA
2015,2,SAUDE INTEGRADA
2015,3,MELHOR EMPREGO
2015,8,AVANCA MINAS OLIMPICA
2015,9,CIRCUITOS CULTURAIS DE MINAS GERAIS
2015,11,ASSISTENCIA SOCIAL E DIREITOS HUMANOS
2015,13,DESCOMPLICAR - MINAS INOVA
2015,15,EDUCACAO PARA CRESCER
2015,17,PRO-ESCOLA
2015,20,INFRAESTRUTURA DE DEFESA SOCIAL
2015,21,GESTAO INTEGRADA DE DEFESA SOCIAL
2015,23,JOVENS MINEIROS PROTAGONISTAS
2015,25,"CULTIVAR, NUTRIR E EDUCAR"
2015,28,SUSTENTABILIDADE E INFRAESTRUTURA NO CAMPO
2015,29,CIDADES: ESPACOS DE INTEGRACAO
2015,34,MINAS MAIS SEGURA
2015,35,MINAS LOGISTICA
2015,36,TRAVESSIA
2015,40,INVESTIMENTO COMPETITIVO PARA O FORTALECIMENTO E DIVERSIFICACAO DA ECONOMIA MINEIRA
2015,42,DESTINO MINAS
2015,43,TECNOLOGIA E INOVACAO RUMO A ECONOMIA DO CONHECIMENTO
2015,44,REDES INTEGRADAS DE SERVICOS DE SAUDE
2015,45,GOVERNO EFICIENTE
2015,46,QUALIDADE AMBIENTAL
2015,49,SAUDE EM CASA
2015,50,MELHORIA DA INFRAESTRUTURA HIDRICA NO NORTE E NORDESTE DE MINAS GERAIS
2015,52,ALIANCA PELA VIDA
2015,53,SANEAMENTO PARA TODOS
2015,100,ASSISTENCIA HOSPITALAR E AMBULATORIAL
2015,101,"ARRANJOS PRODUTIVOS, POLOS DE EXCELENCIA E POLOS DE INOVACAO"
2015,102,ATENDIMENTO COMUNITARIO E PSICOPEDAGOGICO NA FUNDACAO HELENA ANTIPOFF
2015,103,APOIO FINANCEIRO AO TURISMO MINEIRO
2015,104,ACOES ESTRATEGICAS PARA O SETOR ENERGETICO DO ESTADO
2015,105,GESTAO AMBIENTAL INTEGRADA
2015,106,DESENVOLVIMENTO DA INFRAESTRUTURA GOVERNAMENTAL
2015,107,INOVACAO E PRODUCAO DE INSUMOS ESTRATEGICOS PARA SAUDE - INFRAESTRUTURA
2015,108,REDE DE FORMACAO PROFISSIONAL ORIENTADA PELO MERCADO
2015,109,PROTECAO DA BIODIVERSIDADE E UNIDADES DE CONSERVACAO
2015,110,MELHORIA DA QUALIDADE AMBIENTAL
2015,111,DIFUSAO DE INFORMACOES DO SETOR MINEROMETALURGICO
2015,112,VIABILIZACAO DA INFRAESTRUTURA E LOGISTICA RURAL
2015,113,DESENVOLVIMENTO SUSTENTAVEL DE RECURSOS HIDRICOS
2015,114,"ESTRUTURACAO, DESENVOLVIMENTO E PROMOCAO DO TURISMO MINEIRO"
2015,116,ESTRADAS VICINAIS DE MINAS
2015,117,FORTALECIMENTO INSTITUCIONAL PARA MODERNIZACAO DA GESTAO FISCAL - SEGUNDA ETAPA
2015,118,GESTAO DA INFORMACAO CULTURAL
2015,119,ASSISTENCIA TECNICA E EXTENSAO RURAL PARA A AGRICULTURA FAMILIAR
2015,120,PROGRAMA DE SAUDE OCUPACIONAL E EXECUCAO PERICIAL
2015,121,FORMACAO E CAPACITACAO CULTURAL E ARTISTICA
2015,122,ADMINISTRACAO DE PESSOAL E GESTAO DOS SISTEMAS DE PESSOAL
2015,123,DEMOCRATIZACAO DO ACESSO A CULTURA E AOS SEUS MECANISMOS DE PRODUCAO
2015,124,PROMOCAO E DIFUSAO CULTURAL
2015,125,MODERNIZACAO E PRESERVACAO DA INFRAESTRUTURA CULTURAL.
2015,126,RADIODIFUSAO
2015,128,MODERNIZACAO FISCAL
2015,129,EXPANSAO DO ENSINO UNIVERSITARIO
2015,130,INFRAESTRUTURA RURAL
2015,131,PRESERVACAO DO PATRIMONIO CULTURAL
2015,132,DESENVOLVIMENTO DA INFRAESTRUTURA MUNICIPAL
2015,133,OBRAS PREDIAIS NA REDE FHEMIG
2015,134,RESIDENCIA MEDICA FHEMIG
2015,135,TELEFONIA RURAL
2015,136,DESENVOLVIMENTO E CONSOLIDACAO DE SEGMENTOS DA ECONOMIA MINEIRA
2015,139,PROGRAMA DE APOIO A AMPLIACAO E A MELHORIA DOS SISTEMAS PRISIONAL E SOCIOEDUCATIVO
2015,140,DESENVOLVIMENTO DO ENSINO SUPERIOR NA UEMG
2015,141,POLICIA OSTENSIVA
2015,142,PROGRAMA DOS DIREITOS DO CIDADAO
2015,143,FORMACAO PROFISSIONAL PARA O MERCADO DE TRABALHO
2015,144,"PROMOCAO, DEFESA DA CIDADANIA NO CAMPO E ACESSO AO CREDITO FUNDIARIO"
2015,145,APOIO A EXECUCAO DE ACOES E SERVICOS PUBLICOS DE SAUDE
2015,146,MINAS MUNDO
2015,147,"GESTAO FISCAL, CONTABIL E FINANCEIRA DO ESTADO."
2015,148,CORREICAO ADMINISTRATIVA
2015,149,INCENTIVO AO ESPORTE
2015,151,EDUCACAO PROFISSIONAL PARA INSERCAO NO MUNDO DO TRABALHO
2015,152,FOMENTO A GESTAO LOCAL DE POLITICAS SOBRE DROGAS
2015,153,DESENVOLVIMENTO DA EDUCACAO BASICA NA FUNDACAO HELENA ANTIPOFF
2015,154,AGENDA JOVEM
2015,155,INOVACAO PARA A CIDADANIA
2015,156,INCENTIVO A GERACAO DE RENDA NO NORTE E NORDESTE DE MINAS GERAIS
2015,158,GOVERNANCA ELETRONICA
2015,159,"DESENVOLVIMENTO, PRODUCAO E ENTREGA DE IMUNOBIOLOGICOS"
2015,160,APOIO PARA O DESENVOLVIMENTO MUNICIPAL GESTAO E TRANSFERENCIAS DE RECURSOS
2015,161,DESENVOLVIMENTO SUSTENTAVEL DA AGRICULTURA FAMILIAR
2015,162,DESENVOLVIMENTO DAS POLITICAS DE DIREITOS HUMANOS
2015,164,PROJETO JAIBA
2015,165,LEITE PELA VIDA
2015,166,BARRAGENS DE MINAS
2015,167,FINANCIA MINAS - PROMOCAO DO INVESTIMENTO ESTRATEGICO
2015,169,DESENVOLVIMENTO DO AGRONEGOCIO MINEIRO
2015,170,DESENVOLVIMENTO DO ENSINO FUNDAMENTAL E MEDIO  - CTPM
2015,172,ASSISTENCIA AO MILITAR
2015,174,PROTAGONISMO JUVENIL
2015,175,QUALIDADE E PRODUTIVIDADE DO GASTO
2015,177,MINAS SEM FOME
2015,178,FORTALECIMENTO E DIVULGACAO DOS DIREITOS DOS CONSUMIDORES
2015,179,TRAVESSIA NOTA DEZ POR UM BRASIL ALFABETIZADO
2015,180,OPERACIONALIZACAO DE JOGOS
2015,181,"GERENCIAMENTO DE ESTADIOS E PROMOCAO DE EVENTOS ESPORTIVOS, RELIGIOSOS E SOCIO-CULTURAIS"
2015,182,MONITORAMENTO E FISCALIZACAO AMBIENTAL
2015,183,ADMINISTRACAO DE TRANSITO
2015,184,FORMACAO E CAPACITACAO
2015,185,DEFESA SANITARIA
2015,186,MELHORIA DA INFRAESTRUTURA DE TRANSPORTES
2015,187,ASSISTENCIA HEMATOLOGICA E HEMOTERAPICA
2015,189,EXERCICIO DA POLICIA JUDICIARIA E INVESTIGACAO CRIMINAL
2015,192,VERIFICACAO E FISCALIZACAO METROLOGICA E DA QUALIDADE
2015,193,APOIO A CADEIA PRODUTIVA DO CAFE
2015,194,GESTAO DA SECRETARIA DE ESTADO DE SAUDE
2015,195,CONSOLIDACAO DAS CADEIAS PRODUTIVAS - MINAS DO PRINCIPIO AO FIM
2015,197,ORDENAMENTO TERRITORIAL DE MINAS GERAIS
2015,198,REDE DE CAPACITACAO E PROMOCAO DA CULTURA DA PAZ NAS ESCOLAS
2015,199,INCENTIVO A INOVACAO TECNOLOGICA
2015,200,"PRODUCAO, SISTEMATIZACAO E DISSEMINACAO DE DADOS ESTATISTICOS"
2015,201,VIGILANCIA LABORATORIAL EM SAUDE PUBLICA
2015,202,ESTIMULO AO DESENVOLVIMENTO PRODUTIVO E A INOVACAO
2015,205,REGULACAO E FISCALIZACAO DA PRESTACAO DOS SERVICOS DE ABASTECIMENTO DE AGUA E ESGOTAMENTO SANITARIO DE MINAS GERAIS
2015,206,DESENVOLVIMENTO DE EDUCACAO NA SAUDE
2015,208,CERTIFICA MINAS
2015,209,AUMENTO DA CAPACIDADE E SEGURANCA DOS CORREDORES DE TRANSPORTE
2015,210,GERACAO DE CONHECIMENTO E DE TECNOLOGIA AGROPECUARIA
2015,211,GESTAO DA POLITICA DO IDOSO
2015,212,MINAS OLIMPICA
2015,214,AVALIACAO E QUALIDADE DA ATUACAO DOS ORGAOS DE DEFESA SOCIAL
2015,215,"GERENCIAMENTO DAS ATIVIDADES DE ARRECADACAO, FISCALIZACAO E DE TRIBUTACAO ESTADUAL"
2015,216,EXPANSAO DA INFRAESTRUTURA RODOVIARIA
2015,217,SEGURANCA DE ALIMENTOS
2015,219,RECOLHIMENTO E GUARDA DE DETENTOS DO ESTADO
2015,226,GESTAO ESTRATEGICA DE PESSOAS
2015,227,EDUCACAO PROFISSIONAL DE SEGURANCA PUBLICA
2015,228,"PESQUISA, DESENVOLVIMENTO E INOVACAO"
2015,232,ESCOLA FAMILIA AGRICOLA
2015,233,COOPERACAO ESTADO E MUNICIPIO NA AREA EDUCACIONAL
2015,237,ATENCAO A SAUDE
2015,238,VIGILANCIA EM SAUDE
2015,239,GESTAO DO SISTEMA UNICO DE SAUDE
2015,240,ATENDIMENTO AO ENSINO PROFISSIONAL
2015,242,SUPERVISAO E EXPANSAO DO ENSINO SUPERIOR
2015,243,FUNDERUR - APOIO AO PEQUENO  PRODUTOR RURAL
2015,244,ENSINO TECNICO PARA O AGRONEGOCIO
2015,245,REGISTRO PUBLICO DE EMPRESAS MERCANTIS E ATIVIDADES AFINS
2015,246,SEGURANCA ALIMENTAR
2015,251,ASSISTENCIA A SAUDE DO POLICIAL CIVIL
2015,254,GERACAO DE CONHECIMENTOS CIENTIFICOS E BIOTECNOLOGICOS
2015,255,AUDITORIA INTERNA GOVERNAMENTAL
2015,258,REGULARIZACAO FUNDIARIA
2015,259,PROGRAMA DE APOIO A INDUCAO E A INOVACAO CIENTIFICA E TECNOLOGICA
2015,260,ELABORACAO DE ESTUDOS E PROJETOS DE POLITICAS PUBLICAS E PESQUISA APLICADA
2015,261,APRIMORAMENTO DA GESTAO PUBLICA
2015,262,"DESENVOLVIMENTO DE ATIVIDADES DE EDUCACAO, CAPACITACAO E PESQUISA APLICADA EM AGUAS"
2015,263,MINAS ABERTA
2015,264,APOIO FINANCEIRO A IMPLEMENTACAO DE CONTRATOS DE PPP
2015,266,GESTAO DA POLITICA DA CRIANCA E DO ADOLESCENTE
2015,267,PROGRAMA DE GERACAO DE RENDA
2015,270,APOIO NA REALIZACAO DAS METAS PRIORITARIAS DO GOVERNO DE MINAS GERAIS
2015,271,MELHORIA DA EDUCACAO BASICA
2015,272,POLITICA DE PROMOCAO DE EMPREGO
2015,273,PRESERVACAO DA MEMORIA TECNICO-CIENTIFICA NO AMBITO DO PODER EXECUTIVO DO ESTADO DE MINAS GERAIS
2015,275,ESTRUTURACAO DA REDE ESTADUAL DE ASSISTENCIA FARMACEUTICA.
2015,276,MORAR EM MINAS
2015,277,PLANEJAMENTO E INFRAESTRUTURA URBANA EM MINAS GERAIS
2015,278,ASSOCIATIVISMO MUNICIPAL: FORTALECENDO A REDE DE CIDADES
2015,279,GESTAO METROPOLITANA
2015,280,GESTAO DA ESTRATEGIA GOVERNAMENTAL
2015,284,FOMENTO AO CRESCIMENTO DAS MICROEMPRESAS E EMPRESAS DE PEQUENO PORTE DE MINAS GERAIS
2015,289,UNIVERSALIZACAO DO ACESSO A ENERGIA ELETRICA NO CAMPO
2015,291,COLEGIO  ESTADUAL ORDEM E PROGRESSO
2015,293,PLANEJAMENTO E GERENCIAMENTO DE SERVICOS E INFRAESTRUTURA DE TRANSPORTES E OBRAS PUBLICAS
2015,294,PROMOCAO DE DEFESA CIVIL
2015,295,GERENCIAMENTO E EXECUCAO DE OBRAS E SERVICOS DE ENGENHARIA PUBLICA
2015,296,ATENDIMENTO DO SERVIDOR DO SISTEMA DE DEFESA SOCIAL
2015,297,ENSINO E TREINAMENTO DOS PROFISSIONAIS DO SISTEMA DE DEFESA SOCIAL
2015,298,APOIO AS POLITICAS DE DESENVOLVIMENTO SOCIAL
2015,701,APOIO A ADMINISTRACAO PUBLICA
2015,702,OBRIGACOES ESPECIAIS
2015,703,PROCESSO JUDICIARIO
2015,704,"EDICAO, IMPRESSAO, COMERCIALIZACAO E DIVULGACAO DO JORNAL MINAS GERAIS E DOS  SERVICOS GRAFICOS"
2015,705,AUXILIO FINANCEIRO AO SEGURADO
2015,706,PRESTACAO JURISDICIONAL
2015,707,AMPLIACAO DA EFICIENCIA NA GESTAO PROCESSUAL
2015,709,COMUNICACAO SOCIAL
2015,710,ASSESSORAMENTO SUPERIOR
2015,711,REPRESENTACAO JURIDICA DO ESTADO
2015,712,ADMINISTRACAO DE PALACIOS
2015,714,"AQUISICAO, CONSTRUCAO, REPAROS DE BENS IMOVEIS"
2015,715,ASSISTENCIA A SAUDE DOS SEGURADOS E DOS SEUS DEPENDENTES
2015,720,PLANO DE ATENCAO A SAUDE
2015,724,ASSISTENCIA AO BOMBEIRO MILITAR
2015,726,ACESSO A JUSTICA
2015,729,PROCESSO LEGISLATIVO
2015,730,ASSESSORAMENTO ESTRATEGICO AO GOVERNADOR
2015,731,REPRESENTACAO E DEFESA DOS INTERESSES DO ESTADO DE MINAS GERAIS NOS ESCRITORIOS REGIONAIS
2015,732,SERVICOS PROPRIOS DE ATENCAO A SAUDE DOS BENEFICIARIOS
2015,734,PRESTACAO JURISDICIONAL MILITAR
2015,736,PROGRAMA DE APOIO HABITACIONAL AOS MILITARES
2015,737,MODERNIZACAO INSTITUCIONAL
2015,738,PROTECAO E DEFESA DO CONSUMIDOR
2015,741,ACOES DE DEFESA CIVIL NOS MUNICIPIOS MINEIROS
2015,743,SERVICO ESPECIAL DE SEGURANCA
2015,746,CONTROLE EXTERNO DA GESTAO DOS RECURSOS PUBLICOS
2015,751,PRESTACAO DE BENEFICIOS PREVIDENCIARIOS
2015,760,CAPACITACAO E ORIENTACAO NA GESTAO DOS RECURSOS PUBLICOS
2015,764,ASSISTENCIA COMPLEMENTAR
2015,765,APOIO HABITACIONAL
2015,766,BENEFICIOS ASSISTENCIAIS
2015,767,RESERVA DE BENEFICIOS
2015,772,PROMOCAO DOS DIREITOS DIFUSOS E COLETIVOS
2015,778,PROGRAMA ESTADUAL DE ASSISTENCIA AO PECULIO DOS SERVIDORES DO ESTADO DE MINAS GERAIS
2015,999,RESERVA DE CONTINGENCIA
2016,1,ASSISTENCIA A SAUDE DOS SEGURADOS E DOS SEUS DEPENDENTES
2016,2,ESCOLA ESTADUAL ORDEM E PROGRESSO
2016,3,FUNCOES E SERVICOS FINALISTICOS DA POLICIA CIVIL
2016,4,INFRAESTRUTURA E LOGISTICA DA POLICIA CIVIL
2016,5,"EDICAO, IMPRESSAO, COMERCIALIZACAO E DIVULGACAO DO JORNAL MINAS GERAIS E DOS SERVICOS GRAFICOS"
2016,6,ACADEMIA DE POLICIA CIVIL
2016,7,PROGRAMA DE APOIO HABITACIONAL AOS MILITARES DO ESTADO DE MINAS GERAIS
2016,8,PRESTACAO DE SERVICOS PREVIDENCIARIOS
2016,9,ASSISTENCIA A SAUDE NA POLICIA CIVIL
2016,10,DIVERSIDADE E INCLUSAO
2016,12,ENSINO TECNICO PARA O AGRONEGOCIO
2016,14,"GESTAO FISCAL, CONTABIL E FINANCEIRA DO ESTADO"
2016,15,GESTAO EFETIVA DA ADMINISTRACAO TRIBUTARIA ESTADUAL
2016,16,DESENVOLVIMENTO DA INFRAESTRUTURA GOVERNAMENTAL
2016,18,ASSISTENCIA HEMATOLOGICA E HEMOTERAPICA
2016,19,PROMOCAO SOCIAL DE JOVENS NO CAMPO E PERIFERIAS URBANAS
2016,21,DIREITOS DO CIDADAO
2016,22,POLITICAS DE PROTECAO DE DIREITOS HUMANOS
2016,23,MELHORIA DA QUALIDADE DOS SERVICOS PUBLICOS ESTADUAIS
2016,24,"DESENVOLVIMENTO DE ATIVIDADES DE EDUCACAO, CAPACITACAO E PESQUISA APLICADA EM AGUAS"
2016,25,GERACAO DE CONHECIMENTO E DE TECNOLOGIA AGROPECUARIA
2016,26,DESENVOLVIMENTO DA INFRAESTRUTURA MUNICIPAL E REGIONAL
2016,27,PROMOCAO DA COMPETITIVIDADE DOS PRODUTOS DA INDUSTRIA MINEIRA
2016,29,MINAS MAIS RESILIENTE
2016,30,VIGILANCIA LABORATORIAL EM SAUDE PUBLICA
2016,31,AUXILIO FINANCEIRO AO SEGURADO
2016,32,PROGRAMA ESTADUAL DE ASSISTENCIA AO PECULIO DOS SERVIDORES DO ESTADO DE MINAS GERAIS
2016,33,SERVICO ESPECIAL DE SEGURANCA GOVERNAMENTAL
2016,34,TURISMO COMO FATOR DE SUSTENTABILIDADE REGIONAL
2016,35,IDENTIDADE TURISTICA DE MINAS GERAIS
2016,36,PROMOCAO DA CIDADANIA E PARTICIPACAO SOCIAL
2016,37,DESENVOLVIMENTO DA EDUCACAO SUPERIOR
2016,38,REGULACAO E FISCALIZACAO DA PRESTACAO DOS SERVICOS DE ABASTECIMENTO DE AGUA E ESGOTAMENTO SANITARIO DE MINAS GERAIS
2016,41,ASSISTENCIA HOSPITALAR ESPECIALIZADA
2016,42,PRESERVACAO DA MEMORIA TECNICO-CIENTIFICA DO ESTADO DE MINAS GERAIS
2016,43,"AMPLIACAO, MANUTENCAO E MODERNIZACAO DA INFRAESTRUTURA DA FUNDACAO EZEQUIEL DIAS"
2016,44,ASSESSORAMENTO SUPERIOR
2016,45,FINANCIAMENTO AO DESENVOLVIMENTO
2016,46,REGULARIZACAO FUNDIARIA E ACESSO A TERRA
2016,47,MODERNIZACAO DOS ESTABELECIMENTOS ASSISTENCIAIS DE SAUDE E GESTAO DA FHEMIG
2016,49,RESIDENCIA MEDICA
2016,50,APOIO A INDUCAO E A INOVACAO CIENTIFICA E TECNOLOGICA
2016,51,PLANO DE ATENCAO A SAUDE
2016,52,REPRESENTACAO E DEFESA DOS INTERESSES DO ESTADO DE MINAS GERAIS NOS ESCRITORIOS REGIONAIS
2016,53,ALEM DA PORTEIRA
2016,54,FORUNS REGIONAIS DE GOVERNO
2016,55,CERTIFICA MINAS CAFE
2016,56,GESTAO METROPOLITANA DO NUCLEO E COLAR DO VALE DO ACO
2016,57,MINAS PECUARIA - COMPETITIVIDADE DA PECUARIA BOVINA
2016,58,CIDADANIA NO CAMPO:CONSTRUINDO O DESENVOLVIMENTO SUSTENTAVEL
2016,59,"APOIO A PRODUCAO SUSTENTAVEL, AGREGACAO DE VALOR E COMERCIALIZACAO - DO CAMPO A MESA"
2016,61,ESTRADAS VICINAIS DE MINAS
2016,62,INFRAESTRUTURA RURAL
2016,63,PROJETO JAIBA
2016,64,BARRAGENS DE MINAS
2016,65,APOIO AOS MUNICIPIOS E AO DESENVOLVIMENTO REGIONAL DE MINAS GERAIS
2016,66,DESENVOLVIMENTO E INTEGRACAO DA INFRAESTRUTURA DE TRANSPORTES
2016,67,"PLANEJAMENTO, GERENCIAMENTO E FISCALIZACAO DE SERVICOS E INFRAESTRUTURA DE TRANSPORTES"
2016,68,ASSISTENCIA TECNICA E EXTENSAO RURAL PARA O ESTADO DE MINAS GERAIS
2016,69,FORTALECIMENTO DAS RELACOES ENTRE O PODER LEGISLATIVO E EXECUTIVO
2016,70,COMUNICACAO SOCIAL
2016,71,SERVICOS PRESTADOS PELO IPSEMG NA REDE PROPRIA
2016,72,ADMINISTRACAO DE PALACIOS
2016,73,MINAS SEM FOME
2016,74,RADIODIFUSAO
2016,75,DESENVOLVIMENTO E PRODUCAO DE MEDICAMENTOS PARA O SISTEMA UNICO DE SAUDE (SUS).
2016,76,GERENCIAMENTO E EXECUCAO DE OBRAS E SERVICOS DE ENGENHARIA PUBLICA
2016,77,ATENDIMENTO COMUNITARIO E PSICOPEDAGOGICO NA FUNDACAO HELENA ANTIPOFF
2016,78,OPERACIONALIZACAO DE JOGOS
2016,79,ESTRADAS DE MINAS: INFRAESTRUTURA LOGISTICA
2016,80,PROMOCAO DE DEFESA CIVIL
2016,83,TELEFONIA RURAL
2016,84,OPERACAO E SEGURANCA DOS CORREDORES DE TRANSPORTE
2016,87,PROGRAMA DE APOIO A AMPLIACAO E A MELHORIA DOS SISTEMAS PRISIONAL E SOCIEDUCATIVO
2016,88,PROGRAMA DE INTERNACIONALIZACAO DE MINAS GERAIS
2016,89,APOIO A EXECUCAO DE ACOES E SERVICOS PUBLICOS EM METROLOGIA E QUALIDADE
2016,91,QUALIFICA SUAS
2016,92,APOIO FINANCEIRO AO TURISMO MINEIRO
2016,93,PROMOCAO DA QUALIDADE E CONFORMIDADE DOS PRODUTOS CIRCULANTES NO MERCADO MINEIRO
2016,95,PROMOCAO DE JUSTICA METROLOGICA NAS RELACOES DE CONSUMO
2016,96,FINANCIAMENTO RURAL E FLORESTAL
2016,97,DESENVOLVIMENTO DA EDUCACAO BASICA.
2016,99,PRESERVACAO DO PATRIMONIO CULTURAL
2016,102,DEFESA SANITARIA
2016,103,EXECUCAO DESCENTRALIZADA E AUTONOMA DAS ACOES E SERVICOS DE SAUDE
2016,104,SEGURANCA DE ALIMENTOS
2016,106,DESENVOLVIMENTO DO ENSINO SUPERIOR NA UEMG
2016,107,SALVAGUARDA E PROMOCAO DO PATRIMONIO CULTURAL
2016,108,"APOIO AO DESENVOLVIMENTO MUNICIPAL, A CAPTACAO E COORDENACAO DA TRANSFERENCIA DE RECURSOS"
2016,109,QUALIFICACAO DO USO E AMPLIACAO DO ACESSO AO PATRIMONIO CULTURAL
2016,110,POLICIA OSTENSIVA
2016,112,ESPORTE PARA TODOS
2016,113,ORDENAMENTO TERRITORIAL DE MINAS GERAIS
2016,114,OFERTA DE PROTECAO SOCIOASSISTENCIAL
2016,115,APOIO AO CONTROLE SOCIAL E A GESTAO COMPARTILHADA DO SUAS
2016,116,MINAS DIGITAL
2016,117,"PESQUISA, DESENVOLVIMENTO E INOVACAO"
2016,118,MEMORIA VIVA: DIFUSAO CULTURAL PATRIMONIO MATERIAL E IMATERIAL
2016,120,GESTAO E DESENVOLVIMENTO SUSTENTAVEL DE RECURSOS HIDRICOS
2016,121,GESTAO AMBIENTAL INTEGRADA
2016,122,AGUA PARA TODOS - UNIVERSALIZACAO DO ACESSO E USO DA AGUA
2016,123,EDUCACAO PROFISSIONAL DE SEGURANCA PUBLICA
2016,124,REGISTRO PUBLICO DE EMPRESAS MERCANTIS E ATIVIDADES AFINS
2016,125,CONSOLIDACAO DA POLITICA DE ECONOMIA SOLIDARIA
2016,126,POLITICAS DE EDUCACAO PROFISSIONAL
2016,127,AMPLIACAO E MELHORIA DA QUALIDADE DOS SERVICOS DE ATENDIMENTO AO TRABALHADOR
2016,128,SEGURANCA ALIMENTAR NUTRICIONAL SUSTENTAVEL
2016,129,LEITE PELA VIDA
2016,130,PROMOCAO E DIFUSAO CULTURAL
2016,131,INOVACAO CIENTIFICA E TECNOLOGICA
2016,132,GESTAO DA INFORMACAO CULTURAL
2016,133,ASSISTENCIA AO MILITAR
2016,135,DEMOCRATIZACAO DO ACESSO A CULTURA
2016,137,DESENVOLVIMENTO DO ENSINO FUNDAMENTAL E MEDIO - CTPM
2016,138,MODERNIZACAO E PRESERVACAO DA INFRAESTRUTURA CULTURAL
2016,139,BRASIL ALFABETIZADO
2016,140,FOMENTO E INCENTIVO A CULTURA
2016,141,DESENVOLVIMENTO DE ACOES DE EDUCACAO E PESQUISA PARA O SISTEMA UNICO DE SAUDE
2016,142,"3 A - ALIMENTO, AGUA E AMBIENTE"
2016,143,"PROTECAO DAS AREAS AMBIENTALMENTE CONSERVADAS, A FAUNA, E A BIODIVERSIDADE FLORESTAL."
2016,144,ESCOLA INTEGRAL NA FUNDACAO HELENA ANTIPOFF
2016,145,SANEAMENTO E VIDA
2016,146,MINAS INTEGRADA
2016,147,NOSSA CIDADE MELHOR
2016,148,COORDENACAO DA ACAO GOVERNAMENTAL
2016,149,ATENDIMENTO AO CIDADAO
2016,150,TECNOCAMPO
2016,151,APOIO AS POLITICAS DE DESENVOLVIMENTO SOCIAL
2016,152,PROGRAMA DE DESENVOLVIMENTO DO NORTE E NORDESTE
2016,153,"PRODUCAO, SISTEMATIZACAO E DISSEMINACAO DE DADOS ESTATISTICOS"
2016,154,MINAS 2016
2016,155,GOVERNANCA ELETRONICA
2016,156,APRIMORAMENTO DA GESTAO PUBLICA
2016,157,ENERGIA COMPETITIVA E SUSTENTAVEL
2016,158,FORTALECIMENTO E DESENVOLVIMENTO DA INDUSTRIA DE MINERACAO E TRANSFORMACAO
2016,159,MINAS AS CLARAS
2016,160,PREVENCAO E REPRESSAO DE ILICITOS NA ADMINISTRACAO PUBLICA
2016,161,AUDITORIA GOVERNAMENTAL
2016,162,INVESTIGACAO MODELO
2016,163,APOIO A INOVACAO E MELHORIA DA PRODUTIVIDADE INDUSTRIAL DE MINAS GERAIS
2016,164,EXPANSAO E CONSOLIDACAO DO ENSINO PROFISSIONALIZANTE E SUPERIOR
2016,165,"ELABORACAO DE ESTUDOS, PESQUISAS E PROJETOS EM POLITICAS PUBLICAS"
2016,166,"MONITORAMENTO, CONTROLE E FISCALIZACAO AMBIENTAL"
2016,167,FORMACAO PROFISSIONAL PARA O MERCADO DE TRABALHO
2016,169,REGULARIZACAO AMBIENTAL
2016,170,"PROMOCAO E FOMENTO DA INDUSTRIA, COMERCIO E SERVICOS DE MINAS GERAIS"
2016,171,MODERNIZACAO DA GESTAO DO PATRIMONIO IMOBILIARIO ESTADUAL
2016,172,GESTAO DE COMPRAS E LOGISTICA CORPORATIVA
2016,173,VIGILANCIA EM SAUDE
2016,174,POLITICA ESTADUAL DE ATENCAO HOSPITALAR
2016,175,ASSISTENCIA FARMACEUTICA
2016,176,LOGISTICA E APOIO AS REDES
2016,178,MINAS ESPORTIVA
2016,179,REDES DE ATENCAO A SAUDE
2016,180,GESTAO DO SISTEMA UNICO DE SAUDE
2016,181,DISTRIBUICAO DE ENERGIA ELETRICA
2016,183,REGULACAO
2016,184,AVANCA MINAS
2016,185,APOIO FINANCEIRO A IMPLEMENTACAO DE CONTRATOS DE PPP
2016,186,CIDADE ADMINISTRATIVA
2016,189,INCENTIVO AO ESPORTE
2016,190,GESTAO ESTRATEGICA DE PESSOAS
2016,191,MELHORIA DA QUALIDADE AMBIENTAL
2016,192,ATENCAO BASICA A SAUDE
2016,193,DESENVOLVIMENTO DA EDUCACAO PROFISSONAL E TECNOLOGICA
2016,194,POLITICAS SOBRE DROGAS
2016,195,DIVERSIFICACAO PRODUTIVA E DESENVOLVIMENTO TECNOLOGICO SUSTENTAVEL DO TERRITORIO METROPOLITANO
2016,198,MODERNIZACAO DOS SISTEMA DE INFORMACAO DE CASA CIVIL E RELACOES INSTITUCIONAIS
2016,200,EXCELENCIA EM SAUDE NO HOSPITAL UNIVERSITARIO
2016,203,PREVENCAO SOCIAL A CRIMINALIDADE
2016,204,ROMPIMENTO DA TRAJETORIA INFRACIONAL DOS ADOLESCENTES DO ESTADO
2016,205,GESTAO INTEGRADA DE SEGURANCA PUBLICA
2016,206,CULTIVANDO AGUA BOA
2016,208,INFRAESTRUTURA DO SISTEMA PRISIONAL
2016,210,COOPERACAO ESTADO MUNICIPIO NA AREA EDUCACIONAL
2016,211,"INFRAESTRUTURA, CUSTEIO E ORGANIZACAO ESCOLAR"
2016,212,VALORIZACAO E FORMACAO DOS PROFISSIONAIS DA EDUCACAO
2016,213,CONVIVENCIA DEMOCRATICA
2016,214,DESENVOLVIMENTO DA EDUCACAO BASICA
2016,215,INCENTIVO A INOVACAO TECNOLOGICA
2016,218,APOIO A CADEIA PRODUTIVA DO CAFE
2016,219,GESTAO E MANUTENCAO DOS SISTEMAS CORPORATIVOS DO ESTADO
2016,220,"INTEGRACAO, COORDENACAO E AMPLIACAO DA OFERTA DE SERVICOS E ACOES PARA A JUVENTUDE"
2016,701,APOIO A ADMINISTRACAO PUBLICA
2016,702,OBRIGACOES ESPECIAIS
2016,703,PROCESSO JUDICIARIO
2016,706,PRESTACAO JURISDICIONAL
2016,711,REPRESENTACAO JURIDICA DO ESTADO
2016,714,"AQUISICAO, CONSTRUCAO, REPAROS DE BENS IMOVEIS"
2016,726,ACESSO A JUSTICA
2016,729,PROCESSO LEGISLATIVO
2016,734,PRESTACAO JURISDICIONAL MILITAR
2016,737,MODERNIZACAO INSTITUCIONAL
2016,738,PROTECAO E DEFESA DO CONSUMIDOR
2016,746,CONTROLE EXTERNO DA GESTAO DOS RECURSOS PUBLICOS
2016,760,CAPACITACAO E ORIENTACAO NA GESTAO DOS RECURSOS PUBLICOS
2016,764,ASSISTENCIA COMPLEMENTAR
2016,765,APOIO HABITACIONAL
2016,766,BENEFICIOS ASSISTENCIAIS
2016,767,RESERVA DE BENEFICIOS
2016,999,RESERVA DE CONTINGENCIA
2017,1,ASSISTENCIA A SAUDE DOS SEGURADOS E DOS SEUS DEPENDENTES
2017,3,GESTAO ESTRATEGICA DA INVESTIGACAO CRIMINAL
2017,4,INFRAESTRUTURA E LOGISTICA DA POLICIA CIVIL
2017,5,"EDICAO, IMPRESSAO, COMERCIALIZACAO E DIVULGACAO DO JORNAL MINAS GERAIS E DOS SERVICOS GRAFICOS"
2017,6,VALORIZACAO E CAPACITACAO DO SERVIDOR DA POLICIA CIVIL
2017,7,PROGRAMA DE APOIO HABITACIONAL AOS MILITARES DO ESTADO DE MINAS GERAIS
2017,8,PRESTACAO DE SERVICOS PREVIDENCIARIOS
2017,11,GESTAO DE TRANSITO
2017,12,ENSINO TECNICO PARA O AGRONEGOCIO
2017,14,"GESTAO FISCAL, CONTABIL E FINANCEIRA DO ESTADO"
2017,15,GESTAO EFETIVA DA ADMINISTRACAO TRIBUTARIA ESTADUAL
2017,18,ASSISTENCIA HEMATOLOGICA E HEMOTERAPICA
2017,19,PROMOCAO SOCIAL DE JOVENS NO CAMPO E PERIFERIAS URBANAS
2017,21,DIREITOS DO CIDADAO
2017,22,POLITICAS DE PROTECAO DE DIREITOS HUMANOS
2017,23,MELHORIA DA QUALIDADE DOS SERVICOS PUBLICOS ESTADUAIS
2017,24,"DESENVOLVIMENTO DE ATIVIDADES DE EDUCACAO, CAPACITACAO E PESQUISA APLICADA EM AGUAS"
2017,25,GERACAO DE CONHECIMENTO E DE TECNOLOGIA AGROPECUARIA
2017,26,"DESENVOLVIMENTO DA INFRAESTRUTURA ESTADUAL, MUNICIPAL E REGIONAL"
2017,27,PROMOCAO DA COMPETITIVIDADE DOS PRODUTOS DA INDUSTRIA MINEIRA
2017,29,MINAS MAIS RESILIENTE
2017,30,VIGILANCIA LABORATORIAL EM SAUDE PUBLICA
2017,31,AUXILIO FINANCEIRO AO SEGURADO
2017,32,PROGRAMA ESTADUAL DE ASSISTENCIA AO PECULIO DOS SERVIDORES DO ESTADO DE MINAS GERAIS
2017,33,SERVICO ESPECIAL DE SEGURANCA GOVERNAMENTAL
2017,34,TURISMO COMO FATOR DE SUSTENTABILIDADE REGIONAL
2017,35,IDENTIDADE TURISTICA DE MINAS GERAIS
2017,36,PROMOCAO DA CIDADANIA E PARTICIPACAO SOCIAL
2017,37,DESENVOLVIMENTO DA EDUCACAO SUPERIOR
2017,38,REGULACAO E FISCALIZACAO DA PRESTACAO DOS SERVICOS DE ABASTECIMENTO DE AGUA E ESGOTAMENTO SANITARIO DE MINAS GERAIS
2017,41,ASSISTENCIA HOSPITALAR ESPECIALIZADA
2017,42,PRESERVACAO DA MEMORIA TECNICO-CIENTIFICA DO ESTADO DE MINAS GERAIS
2017,43,"AMPLIACAO, MANUTENCAO E MODERNIZACAO DA INFRAESTRUTURA DA FUNDACAO EZEQUIEL DIAS"
2017,44,ASSESSORAMENTO SUPERIOR
2017,45,FINANCIAMENTO AO DESENVOLVIMENTO
2017,46,REGULARIZACAO FUNDIARIA E ACESSO A TERRA
2017,47,MODERNIZACAO DOS ESTABELECIMENTOS ASSISTENCIAIS DE SAUDE E GESTAO DA FHEMIG
2017,49,RESIDENCIA MEDICA
2017,50,APOIO A INDUCAO E A INOVACAO CIENTIFICA E TECNOLOGICA
2017,51,PLANO DE ATENCAO A SAUDE
2017,52,REPRESENTACAO E DEFESA DOS INTERESSES DO ESTADO DE MINAS GERAIS NOS ESCRITORIOS REGIONAIS
2017,53,ALEM DA PORTEIRA
2017,54,FORUNS REGIONAIS DE GOVERNO
2017,55,CERTIFICA MINAS CAFE
2017,56,GESTAO METROPOLITANA DO NUCLEO E COLAR DO VALE DO ACO
2017,57,MINAS PECUARIA
2017,59,"APOIO A PRODUCAO SUSTENTAVEL, AGREGACAO DE VALOR E COMERCIALIZACAO - DO CAMPO A MESA"
2017,60,PROJETO HORIZONTE
2017,61,ESTRADAS VICINAIS DE MINAS
2017,62,INFRAESTRUTURA RURAL
2017,63,PROJETO JAIBA
2017,64,BARRAGENS DE MINAS
2017,65,APOIO AOS MUNICIPIOS E AO DESENVOLVIMENTO REGIONAL DE MINAS GERAIS
2017,66,DESENVOLVIMENTO E INTEGRACAO DA INFRAESTRUTURA DE TRANSPORTES
2017,67,"PLANEJAMENTO, GERENCIAMENTO E FISCALIZACAO DE SERVICOS E INFRAESTRUTURA DE TRANSPORTES"
2017,68,ASSISTENCIA TECNICA E EXTENSAO RURAL PARA O ESTADO DE MINAS GERAIS
2017,69,FORTALECIMENTO DAS RELACOES ENTRE O PODER LEGISLATIVO E EXECUTIVO
2017,70,COMUNICACAO SOCIAL
2017,71,SERVICOS PRESTADOS PELO IPSEMG NA REDE PROPRIA
2017,72,ADMINISTRACAO DE PALACIOS
2017,73,MINAS SEM FOME
2017,74,RADIODIFUSAO
2017,75,DESENVOLVIMENTO E PRODUCAO DE MEDICAMENTOS PARA O SISTEMA UNICO DE SAUDE (SUS).
2017,77,ATENDIMENTO COMUNITARIO E PSICOPEDAGOGICO NA FUNDACAO HELENA ANTIPOFF
2017,78,OPERACIONALIZACAO DE JOGOS
2017,79,ESTRADAS DE MINAS: INFRAESTRUTURA LOGISTICA
2017,80,PROMOCAO DE DEFESA CIVIL
2017,81,EDUCACAO PARA A JUVENTUDE
2017,82,"EDUCACAO DO CAMPO, INDIGENA E QUILOMBOLA"
2017,84,OPERACAO E SEGURANCA DOS CORREDORES DE TRANSPORTE
2017,86,"GARANTIA DOS DIREITOS HUMANOS, DIVERSIDADE E INCLUSAO SOCIAL"
2017,87,PROGRAMA DE APOIO A AMPLIACAO E A MELHORIA DO SISTEMA PRISIONAL
2017,88,PROGRAMA DE INTERNACIONALIZACAO DE MINAS GERAIS
2017,89,APOIO A EXECUCAO DE ACOES E SERVICOS PUBLICOS EM METROLOGIA E QUALIDADE
2017,91,QUALIFICA SUAS
2017,92,APOIO FINANCEIRO AO TURISMO MINEIRO
2017,93,PROMOCAO DA QUALIDADE E CONFORMIDADE DOS PRODUTOS CIRCULANTES NO MERCADO MINEIRO
2017,95,PROMOCAO DE JUSTICA METROLOGICA NAS RELACOES DE CONSUMO
2017,96,FINANCIAMENTO RURAL E FLORESTAL
2017,97,DESENVOLVIMENTO DA EDUCACAO BASICA.
2017,99,PRESERVACAO DO PATRIMONIO CULTURAL
2017,102,DEFESA SANITARIA
2017,103,EXECUCAO DESCENTRALIZADA E AUTONOMA DAS ACOES E SERVICOS DE SAUDE
2017,104,SEGURANCA DE ALIMENTOS
2017,106,DESENVOLVIMENTO DO ENSINO SUPERIOR NA UEMG
2017,107,SALVAGUARDA E PROMOCAO DO PATRIMONIO CULTURAL
2017,108,"APOIO AO DESENVOLVIMENTO MUNICIPAL, A CAPTACAO E COORDENACAO DA TRANSFERENCIA DE RECURSOS"
2017,109,QUALIFICACAO DO USO E AMPLIACAO DO ACESSO AO PATRIMONIO CULTURAL
2017,110,POLICIA OSTENSIVA
2017,112,ESPORTE PARA TODOS
2017,113,ORDENAMENTO TERRITORIAL DE MINAS GERAIS
2017,114,OFERTA DE PROTECAO SOCIOASSISTENCIAL
2017,115,APOIO AO CONTROLE SOCIAL E A GESTAO COMPARTILHADA DO SUAS
2017,116,MINAS DIGITAL
2017,117,"PESQUISA, DESENVOLVIMENTO E INOVACAO"
2017,118,MEMORIA VIVA: DIFUSAO CULTURAL PATRIMONIO MATERIAL E IMATERIAL
2017,120,GESTAO E DESENVOLVIMENTO SUSTENTAVEL DE RECURSOS HIDRICOS
2017,121,GESTAO AMBIENTAL INTEGRADA
2017,122,AGUA PARA TODOS - UNIVERSALIZACAO DO ACESSO E USO DA AGUA
2017,123,EDUCACAO PROFISSIONAL DE SEGURANCA PUBLICA
2017,124,REGISTRO PUBLICO DE EMPRESAS MERCANTIS E ATIVIDADES AFINS
2017,125,CONSOLIDACAO DA POLITICA DE ECONOMIA SOLIDARIA
2017,127,INCLUSAO PRODUTIVA PARA O MUNDO DO TRABALHO
2017,128,SEGURANCA ALIMENTAR NUTRICIONAL SUSTENTAVEL
2017,129,LEITE PELA VIDA
2017,130,PROMOCAO E DIFUSAO CULTURAL
2017,131,INOVACAO CIENTIFICA E TECNOLOGICA
2017,132,GESTAO DA INFORMACAO CULTURAL
2017,133,ASSISTENCIA AO MILITAR
2017,135,DEMOCRATIZACAO DO ACESSO A CULTURA
2017,137,DESENVOLVIMENTO DO ENSINO FUNDAMENTAL E MEDIO - CTPM
2017,138,MODERNIZACAO E PRESERVACAO DA INFRAESTRUTURA CULTURAL
2017,139,BRASIL ALFABETIZADO
2017,140,FOMENTO E INCENTIVO A CULTURA
2017,141,DESENVOLVIMENTO DE ACOES DE EDUCACAO E PESQUISA PARA O SISTEMA UNICO DE SAUDE
2017,142,"3 A - ALIMENTO, AGUA E AMBIENTE"
2017,143,"PROTECAO DAS AREAS AMBIENTALMENTE CONSERVADAS, A FAUNA, E A BIODIVERSIDADE FLORESTAL."
2017,144,ESCOLA INTEGRAL NA FUNDACAO HELENA ANTIPOFF
2017,145,SANEAMENTO E VIDA
2017,146,MINAS INTEGRADA
2017,147,NOSSA CIDADE MELHOR
2017,148,COORDENACAO DA ACAO GOVERNAMENTAL
2017,149,ATENDIMENTO AO CIDADAO
2017,150,TECNOCAMPO
2017,151,APOIO AS POLITICAS DE DESENVOLVIMENTO SOCIAL
2017,152,PROGRAMA DE DESENVOLVIMENTO DO NORTE E NORDESTE
2017,153,"PRODUCAO, SISTEMATIZACAO E DISSEMINACAO DE DADOS ESTATISTICOS"
2017,155,GOVERNANCA ELETRONICA
2017,156,APRIMORAMENTO DA GESTAO PUBLICA
2017,157,ENERGIA COMPETITIVA E SUSTENTAVEL
2017,158,FORTALECIMENTO E DESENVOLVIMENTO DA INDUSTRIA DE MINERACAO E TRANSFORMACAO
2017,159,MINAS AS CLARAS
2017,160,PREVENCAO E REPRESSAO DE ILICITOS NA ADMINISTRACAO PUBLICA
2017,161,AUDITORIA GOVERNAMENTAL
2017,164,EXPANSAO E CONSOLIDACAO DO ENSINO PROFISSIONALIZANTE E SUPERIOR
2017,165,"ELABORACAO DE ESTUDOS, PESQUISAS E PROJETOS EM POLITICAS PUBLICAS"
2017,166,"MONITORAMENTO, CONTROLE E FISCALIZACAO AMBIENTAL"
2017,167,FORMACAO PROFISSIONAL PARA O MERCADO DE TRABALHO E GERACAO DE RENDA
2017,169,REGULARIZACAO AMBIENTAL
2017,170,"PROMOCAO E FOMENTO DA INDUSTRIA, COMERCIO E SERVICOS DE MINAS GERAIS"
2017,171,MODERNIZACAO DA GESTAO DO PATRIMONIO IMOBILIARIO ESTADUAL
2017,172,GESTAO DE COMPRAS E LOGISTICA CORPORATIVA
2017,173,VIGILANCIA EM SAUDE
2017,174,POLITICA ESTADUAL DE ATENCAO HOSPITALAR
2017,175,ASSISTENCIA FARMACEUTICA
2017,178,MINAS ESPORTIVA
2017,179,REDES DE ATENCAO A SAUDE
2017,180,GESTAO DO SISTEMA UNICO DE SAUDE
2017,181,DISTRIBUICAO DE ENERGIA ELETRICA
2017,183,REGULACAO
2017,185,APOIO FINANCEIRO A IMPLEMENTACAO DE CONTRATOS DE PPP
2017,186,CIDADE ADMINISTRATIVA
2017,189,INCENTIVO AO ESPORTE
2017,190,GESTAO ESTRATEGICA DE PESSOAS
2017,191,MELHORIA DA QUALIDADE AMBIENTAL
2017,192,ATENCAO PRIMARIA A SAUDE
2017,193,DESENVOLVIMENTO DA EDUCACAO PROFISSONAL E TECNOLOGICA
2017,194,POLITICAS SOBRE DROGAS
2017,198,MODERNIZACAO DOS SISTEMA DE INFORMACAO DE CASA CIVIL E RELACOES INSTITUCIONAIS
2017,200,EXCELENCIA EM SAUDE NO HOSPITAL UNIVERSITARIO
2017,203,PREVENCAO SOCIAL A CRIMINALIDADE
2017,204,ROMPIMENTO DA TRAJETORIA INFRACIONAL DOS ADOLESCENTES DO ESTADO
2017,205,GESTAO INTEGRADA DE SEGURANCA PUBLICA
2017,206,CULTIVANDO AGUA BOA
2017,208,INFRAESTRUTURA DO SISTEMA PRISIONAL
2017,210,COOPERACAO ESTADO MUNICIPIOS NA AREA EDUCACIONAL
2017,211,ESCOLAS SUSTENTAVEIS
2017,212,VALORIZACAO E FORMACAO DOS PROFISSIONAIS DA EDUCACAO
2017,214,EDUCACAO INTEGRAL E INTEGRADA
2017,215,INCENTIVO A INOVACAO TECNOLOGICA
2017,218,APOIO A CADEIA PRODUTIVA DO CAFE
2017,219,GESTAO E MANUTENCAO DOS SISTEMAS CORPORATIVOS DO ESTADO
2017,220,INCLUSAO SOCIAL DE JOVENS EM SITUACAO DE VULNERABILIDADE SOCIAL
2017,701,APOIO A ADMINISTRACAO PUBLICA
2017,702,OBRIGACOES ESPECIAIS
2017,703,PROCESSO JUDICIARIO
2017,706,PRESTACAO JURISDICIONAL
2017,711,REPRESENTACAO JURIDICA DO ESTADO
2017,714,"AQUISICAO, CONSTRUCAO, REPAROS DE BENS IMOVEIS"
2017,726,ACESSO A JUSTICA
2017,729,PROCESSO LEGISLATIVO
2017,734,PRESTACAO JURISDICIONAL MILITAR
2017,737,MODERNIZACAO INSTITUCIONAL
2017,738,PROTECAO E DEFESA DO CONSUMIDOR
2017,746,CONTROLE EXTERNO DA GESTAO DOS RECURSOS PUBLICOS
2017,760,CAPACITACAO E ORIENTACAO NA GESTAO DOS RECURSOS PUBLICOS
2017,764,ASSISTENCIA COMPLEMENTAR
2017,765,APOIO HABITACIONAL
2017,766,BENEFICIOS ASSISTENCIAIS
2017,767,RESERVA DE BENEFICIOS
2017,999,RESERVA DE CONTINGENCIA
2018,1,ASSISTENCIA A SAUDE DOS SEGURADOS E DOS SEUS DEPENDENTES
2018,2,REDE CUIDAR - APRIMORAMENTO DA REDE SOCIOASSISTENCIAL
2018,3,GESTAO ESTRATEGICA DA INVESTIGACAO CRIMINAL
2018,4,INFRAESTRUTURA E LOGISTICA DA POLICIA CIVIL
2018,5,"EDICAO, IMPRESSAO, COMERCIALIZACAO E DIVULGACAO DO JORNAL MINAS GERAIS E DOS SERVICOS GRAFICOS"
2018,6,VALORIZACAO E CAPACITACAO DO SERVIDOR DA POLICIA CIVIL
2018,7,PROGRAMA DE APOIO HABITACIONAL AOS MILITARES DO ESTADO DE MINAS GERAIS
2018,8,PRESTACAO DE SERVICOS PREVIDENCIARIOS
2018,9,PROGRAMA ESTADUAL DE COOPERATIVISMO DA AGRICULTURA FAMILIAR E AGROINDUSTRIA FAMILIAR
2018,11,GESTAO DE TRANSITO
2018,12,ENSINO TECNICO PARA O AGRONEGOCIO
2018,14,"GESTAO FISCAL, CONTABIL E FINANCEIRA DO ESTADO"
2018,15,GESTAO EFETIVA DA ADMINISTRACAO TRIBUTARIA ESTADUAL
2018,16,MINAS EM DIALOGO
2018,18,ASSISTENCIA HEMATOLOGICA E HEMOTERAPICA
2018,19,PROMOCAO SOCIAL DE JOVENS NO CAMPO E PERIFERIAS URBANAS
2018,21,DIREITOS DO CIDADAO
2018,22,POLITICAS DE PROTECAO DE DIREITOS HUMANOS
2018,23,MELHORIA DA QUALIDADE DOS SERVICOS PUBLICOS ESTADUAIS
2018,24,"DESENVOLVIMENTO DE ATIVIDADES DE EDUCACAO, CAPACITACAO E PESQUISA APLICADA EM AGUAS"
2018,25,GERACAO DE CONHECIMENTO E DE TECNOLOGIA AGROPECUARIA
2018,26,"DESENVOLVIMENTO DA INFRAESTRUTURA ESTADUAL, MUNICIPAL E REGIONAL"
2018,27,PROMOCAO DA COMPETITIVIDADE DOS PRODUTOS DA INDUSTRIA MINEIRA
2018,29,MINAS MAIS RESILIENTE
2018,30,VIGILANCIA LABORATORIAL EM SAUDE PUBLICA
2018,31,AUXILIO FINANCEIRO AO SEGURADO
2018,32,PROGRAMA ESTADUAL DE ASSISTENCIA AO PECULIO DOS SERVIDORES DO ESTADO DE MINAS GERAIS
2018,33,SERVICO ESPECIAL DE SEGURANCA GOVERNAMENTAL
2018,34,TURISMO COMO FATOR DE SUSTENTABILIDADE REGIONAL
2018,35,IDENTIDADE TURISTICA DE MINAS GERAIS
2018,36,PROMOCAO DA CIDADANIA E PARTICIPACAO SOCIAL
2018,37,DESENVOLVIMENTO DA EDUCACAO SUPERIOR
2018,38,REGULACAO E FISCALIZACAO DA PRESTACAO DOS SERVICOS DE ABASTECIMENTO DE AGUA E ESGOTAMENTO SANITARIO DE MINAS GERAIS
2018,40,"ESTUDOS, PESQUISAS, INFORMACOES E DADOS ESTATISTICOS PRODUZIDOS PELA FJP"
2018,41,ASSISTENCIA HOSPITALAR ESPECIALIZADA
2018,42,PRESERVACAO DA MEMORIA TECNICO-CIENTIFICA DO ESTADO DE MINAS GERAIS
2018,43,"AMPLIACAO, MANUTENCAO E MODERNIZACAO DA INFRAESTRUTURA DA FUNDACAO EZEQUIEL DIAS"
2018,44,ASSESSORAMENTO SUPERIOR
2018,45,FINANCIAMENTO AO DESENVOLVIMENTO
2018,46,REGULARIZACAO FUNDIARIA E ACESSO A TERRA
2018,47,MODERNIZACAO DOS ESTABELECIMENTOS ASSISTENCIAIS DE SAUDE E GESTAO DA FHEMIG
2018,49,RESIDENCIA MEDICA
2018,50,APOIO A INDUCAO E A INOVACAO CIENTIFICA E TECNOLOGICA
2018,51,PLANO DE ATENCAO A SAUDE
2018,52,REPRESENTACAO E DEFESA DOS INTERESSES DO ESTADO DE MINAS GERAIS NOS ESCRITORIOS REGIONAIS
2018,53,ALEM DA PORTEIRA
2018,54,FORUNS REGIONAIS DE GOVERNO
2018,55,CERTIFICA MINAS
2018,56,GESTAO METROPOLITANA DO NUCLEO E COLAR DO VALE DO ACO
2018,57,MINAS PECUARIA
2018,58,FOMENTO E INCENTIVO DE INVESTIMENTOS
2018,59,"APOIO A PRODUCAO SUSTENTAVEL, AGREGACAO DE VALOR E COMERCIALIZACAO - DO CAMPO A MESA"
2018,60,PROJETO HORIZONTE
2018,62,INFRAESTRUTURA RURAL
2018,63,PROJETO JAIBA
2018,64,BARRAGENS DE MINAS
2018,65,APOIO AOS MUNICIPIOS E AO DESENVOLVIMENTO REGIONAL DE MINAS GERAIS
2018,66,DESENVOLVIMENTO E INTEGRACAO DA INFRAESTRUTURA DE TRANSPORTES
2018,67,"PLANEJAMENTO, GERENCIAMENTO E FISCALIZACAO DE SERVICOS E INFRAESTRUTURA DE TRANSPORTES"
2018,68,ASSISTENCIA TECNICA E EXTENSAO RURAL PARA O ESTADO DE MINAS GERAIS
2018,69,FORTALECIMENTO DAS RELACOES ENTRE O PODER LEGISLATIVO E EXECUTIVO
2018,70,COMUNICACAO SOCIAL
2018,71,SERVICOS PRESTADOS PELO IPSEMG NA REDE PROPRIA
2018,72,ADMINISTRACAO DE PALACIOS
2018,73,MINAS SEM FOME
2018,74,RADIODIFUSAO
2018,75,DESENVOLVIMENTO E PRODUCAO DE MEDICAMENTOS PARA O SISTEMA UNICO DE SAUDE (SUS).
2018,76,APERFEICOAMENTO DO CONTROLE INTERNO
2018,77,ATENDIMENTO COMUNITARIO E PSICOPEDAGOGICO NA FUNDACAO HELENA ANTIPOFF
2018,78,OPERACIONALIZACAO DE JOGOS
2018,79,ESTRADAS DE MINAS: INFRAESTRUTURA LOGISTICA
2018,80,PROMOCAO DE DEFESA CIVIL
2018,81,EDUCACAO PARA A JUVENTUDE
2018,82,"EDUCACAO DO CAMPO, INDIGENA E QUILOMBOLA"
2018,83,ATENDIMENTO PRE-HOSPITALAR
2018,84,OPERACAO E SEGURANCA DOS CORREDORES DE TRANSPORTE
2018,86,"GARANTIA DOS DIREITOS HUMANOS, DIVERSIDADE E INCLUSAO SOCIAL"
2018,87,PROGRAMA DE APOIO A AMPLIACAO E A MELHORIA DOS SISTEMAS PRISIONAL E SOCIEDUCATIVO
2018,88,PROGRAMA DE INTERNACIONALIZACAO DE MINAS GERAIS
2018,89,APOIO A EXECUCAO DE ACOES E SERVICOS PUBLICOS EM METROLOGIA E QUALIDADE
2018,91,QUALIFICA SUAS
2018,92,APOIO FINANCEIRO AO TURISMO MINEIRO
2018,93,PROMOCAO DA QUALIDADE E CONFORMIDADE DOS PRODUTOS CIRCULANTES NO MERCADO MINEIRO
2018,95,PROMOCAO DE JUSTICA METROLOGICA NAS RELACOES DE CONSUMO
2018,97,DESENVOLVIMENTO DA EDUCACAO BASICA.
2018,99,PRESERVACAO DO PATRIMONIO CULTURAL
2018,102,DEFESA SANITARIA
2018,103,EXECUCAO DESCENTRALIZADA E AUTONOMA DAS ACOES E SERVICOS DE SAUDE
2018,104,SEGURANCA DE ALIMENTOS
2018,106,DESENVOLVIMENTO DO ENSINO SUPERIOR NA UEMG
2018,107,SALVAGUARDA E PROMOCAO DO PATRIMONIO CULTURAL
2018,108,"APOIO AO DESENVOLVIMENTO MUNICIPAL, A CAPTACAO E COORDENACAO DA TRANSFERENCIA DE RECURSOS"
2018,109,QUALIFICACAO DO USO E AMPLIACAO DO ACESSO AO PATRIMONIO CULTURAL
2018,110,POLICIA OSTENSIVA
2018,114,OFERTA DE PROTECAO SOCIOASSISTENCIAL
2018,115,APOIO AO CONTROLE SOCIAL E A GESTAO COMPARTILHADA DO SUAS
2018,116,MINAS DIGITAL
2018,120,GESTAO E DESENVOLVIMENTO SUSTENTAVEL DE RECURSOS HIDRICOS
2018,121,GESTAO AMBIENTAL INTEGRADA
2018,122,AGUA PARA TODOS - UNIVERSALIZACAO DO ACESSO E USO DA AGUA
2018,123,EDUCACAO PROFISSIONAL DE SEGURANCA PUBLICA
2018,124,REGISTRO PUBLICO DE EMPRESAS MERCANTIS E ATIVIDADES AFINS
2018,125,CONSOLIDACAO DA POLITICA DE ECONOMIA SOLIDARIA
2018,127,INCLUSAO PRODUTIVA PARA O MUNDO DO TRABALHO
2018,128,SEGURANCA ALIMENTAR NUTRICIONAL SUSTENTAVEL
2018,129,LEITE PELA VIDA
2018,130,PROMOCAO E DIFUSAO CULTURAL
2018,131,INOVACAO CIENTIFICA E TECNOLOGICA
2018,132,GESTAO DA INFORMACAO CULTURAL
2018,133,ASSISTENCIA AO MILITAR
2018,135,DEMOCRATIZACAO DO ACESSO A CULTURA
2018,137,DESENVOLVIMENTO DO ENSINO FUNDAMENTAL E MEDIO - CTPM
2018,138,MODERNIZACAO E PRESERVACAO DA INFRAESTRUTURA CULTURAL
2018,139,BRASIL ALFABETIZADO
2018,140,FOMENTO E INCENTIVO A CULTURA
2018,141,DESENVOLVIMENTO DE ACOES DE EDUCACAO E PESQUISA PARA O SISTEMA UNICO DE SAUDE
2018,143,"PROTECAO DAS AREAS AMBIENTALMENTE CONSERVADAS, DA FAUNA, E DA BIODIVERSIDADE FLORESTAL."
2018,144,ESCOLA INTEGRAL NA FUNDACAO HELENA ANTIPOFF
2018,145,SANEAMENTO E VIDA
2018,146,MINAS INTEGRADA
2018,147,NOSSA CIDADE MELHOR
2018,148,COORDENACAO DA ACAO GOVERNAMENTAL
2018,149,ATENDIMENTO AO CIDADAO
2018,150,TECNOCAMPO
2018,151,APOIO AS POLITICAS DE DESENVOLVIMENTO SOCIAL
2018,152,PROGRAMA DE DESENVOLVIMENTO DO NORTE E NORDESTE
2018,155,GOVERNANCA ELETRONICA
2018,156,APRIMORAMENTO DA GESTAO PUBLICA
2018,157,ENERGIA COMPETITIVA E SUSTENTAVEL
2018,158,FORTALECIMENTO E DESENVOLVIMENTO DA INDUSTRIA DE MINERACAO E TRANSFORMACAO
2018,159,MINAS AS CLARAS
2018,160,PREVENCAO E REPRESSAO DE ILICITOS NA ADMINISTRACAO PUBLICA
2018,161,AUDITORIA GOVERNAMENTAL
2018,164,"EXPANSAO, CONSOLIDACAO E INTERNACIONALIZACAO DAS INSTITUICOES DE ENSINO E PESQUISA"
2018,166,"MONITORAMENTO, CONTROLE E FISCALIZACAO AMBIENTAL"
2018,167,FORMACAO PROFISSIONAL PARA O MERCADO DE TRABALHO E GERACAO DE RENDA
2018,169,REGULARIZACAO AMBIENTAL
2018,170,"PROMOCAO E FOMENTO DA INDUSTRIA, COMERCIO E SERVICOS DE MINAS GERAIS"
2018,172,GESTAO DE COMPRAS E LOGISTICA CORPORATIVA
2018,173,VIGILANCIA EM SAUDE
2018,174,POLITICA ESTADUAL DE ATENCAO HOSPITALAR
2018,175,ASSISTENCIA FARMACEUTICA
2018,178,MINAS ESPORTIVA
2018,179,REDES DE ATENCAO A SAUDE
2018,180,GESTAO DO SISTEMA UNICO DE SAUDE
2018,181,DISTRIBUICAO DE ENERGIA ELETRICA
2018,183,REGULACAO
2018,186,CIDADE ADMINISTRATIVA
2018,189,INCENTIVO AO ESPORTE
2018,190,GESTAO ESTRATEGICA DE PESSOAS
2018,191,MELHORIA DA QUALIDADE AMBIENTAL
2018,192,ATENCAO PRIMARIA A SAUDE
2018,193,DESENVOLVIMENTO DA EDUCACAO PROFISSONAL E TECNOLOGICA
2018,194,POLITICAS SOBRE DROGAS
2018,198,MODERNIZACAO DOS SISTEMA DE INFORMACAO DE CASA CIVIL E RELACOES INSTITUCIONAIS
2018,200,EXCELENCIA EM SAUDE NO HOSPITAL UNIVERSITARIO
2018,203,PREVENCAO SOCIAL A CRIMINALIDADE
2018,204,ROMPIMENTO DA TRAJETORIA INFRACIONAL DOS ADOLESCENTES DO ESTADO
2018,205,GESTAO INTEGRADA DE SEGURANCA PUBLICA
2018,206,CULTIVANDO AGUA BOA
2018,208,INFRAESTRUTURA DO SISTEMA PRISIONAL
2018,210,COOPERACAO ESTADO MUNICIPIOS NA AREA EDUCACIONAL
2018,211,ESCOLAS SUSTENTAVEIS
2018,212,VALORIZACAO E FORMACAO DOS PROFISSIONAIS DA EDUCACAO
2018,214,EDUCACAO INTEGRAL E INTEGRADA
2018,215,INCENTIVO A INOVACAO TECNOLOGICA
2018,218,APOIO A CADEIA PRODUTIVA DO CAFE
2018,219,GESTAO E MANUTENCAO DOS SISTEMAS CORPORATIVOS DO ESTADO
2018,220,INCLUSAO SOCIAL DE JOVENS EM SITUACAO DE VULNERABILIDADE SOCIAL
2018,701,APOIO A ADMINISTRACAO PUBLICA
2018,702,OBRIGACOES ESPECIAIS
2018,703,PROCESSO JUDICIARIO
2018,704,MODERNIZACAO INSTITUCIONAL
2018,706,PRESTACAO JURISDICIONAL
2018,711,REPRESENTACAO JURIDICA DO ESTADO
2018,714,"AQUISICAO, CONSTRUCAO, REPAROS DE BENS IMOVEIS"
2018,726,ACESSO A JUSTICA
2018,729,PROCESSO LEGISLATIVO
2018,734,PRESTACAO JURISDICIONAL MILITAR
2018,737,MODERNIZACAO INSTITUCIONAL
2018,738,PROTECAO E DEFESA DO CONSUMIDOR
2018,746,CONTROLE EXTERNO DA GESTAO DOS RECURSOS PUBLICOS
2018,760,CAPACITACAO E ORIENTACAO NA GESTAO DOS RECURSOS PUBLICOS
2018,764,ASSISTENCIA COMPLEMENTAR
2018,765,APOIO HABITACIONAL
2018,766,BENEFICIOS ASSISTENCIAIS
2018,767,RESERVA DE BENEFICIOS
2018,999,RESERVA DE CONTINGENCIA
2019,1,ASSISTENCIA A SAUDE DOS SEGURADOS E DOS SEUS DEPENDENTES
2019,3,GESTAO ESTRATEGICA DA INVESTIGACAO CRIMINAL
2019,4,INFRAESTRUTURA E LOGISTICA DA POLICIA CIVIL
2019,5,"EDICAO, IMPRESSAO, COMERCIALIZACAO E DIVULGACAO DO JORNAL MINAS GERAIS E DOS SERVICOS GRAFICOS"
2019,6,VALORIZACAO E CAPACITACAO DO SERVIDOR DA POLICIA CIVIL
2019,7,PROGRAMA DE APOIO HABITACIONAL AOS MILITARES DO ESTADO DE MINAS GERAIS
2019,8,PRESTACAO DE SERVICOS PREVIDENCIARIOS
2019,9,PROGRAMA ESTADUAL DE COOPERATIVISMO DA AGRICULTURA FAMILIAR E AGROINDUSTRIA FAMILIAR
2019,11,GESTAO DE TRANSITO
2019,12,ENSINO TECNICO PARA O AGRONEGOCIO
2019,14,"GESTAO FISCAL, CONTABIL E FINANCEIRA DO ESTADO"
2019,15,GESTAO EFETIVA DA ADMINISTRACAO TRIBUTARIA ESTADUAL
2019,17,COOPERACAO INTERNACIONAL
2019,18,ASSISTENCIA HEMATOLOGICA E HEMOTERAPICA
2019,19,PROMOCAO SOCIAL DE JOVENS NO CAMPO E PERIFERIAS URBANAS
2019,21,DIREITOS E PARTICIPACAO DOS USUARIOS DOS SERVICOS PUBLICOS
2019,22,POLITICAS DE PROTECAO DE DIREITOS HUMANOS
2019,23,MELHORIA DA QUALIDADE DOS SERVICOS PUBLICOS ESTADUAIS
2019,24,"DESENVOLVIMENTO DE ATIVIDADES DE EDUCACAO, CAPACITACAO E PESQUISA APLICADA EM AGUAS"
2019,25,GERACAO DE CONHECIMENTO E DE TECNOLOGIA AGROPECUARIA
2019,26,"DESENVOLVIMENTO DA INFRAESTRUTURA ESTADUAL, MUNICIPAL E REGIONAL"
2019,27,PROMOCAO DA COMPETITIVIDADE DOS PRODUTOS DA INDUSTRIA MINEIRA
2019,29,MINAS MAIS RESILIENTE
2019,30,VIGILANCIA LABORATORIAL EM SAUDE PUBLICA
2019,31,AUXILIO FINANCEIRO AO SEGURADO
2019,32,PROGRAMA ESTADUAL DE ASSISTENCIA AO PECULIO DOS SERVIDORES DO ESTADO DE MINAS GERAIS
2019,33,SERVICO ESPECIAL DE SEGURANCA GOVERNAMENTAL
2019,34,TURISMO COMO FATOR DE SUSTENTABILIDADE REGIONAL
2019,35,IDENTIDADE TURISTICA DE MINAS GERAIS
2019,36,PROMOCAO DA CIDADANIA E PARTICIPACAO SOCIAL
2019,37,DESENVOLVIMENTO DA EDUCACAO SUPERIOR
2019,38,REGULACAO E FISCALIZACAO DA PRESTACAO DOS SERVICOS DE ABASTECIMENTO DE AGUA E ESGOTAMENTO SANITARIO DE MINAS GERAIS
2019,40,"ESTUDOS, PESQUISAS, INFORMACOES E DADOS ESTATISTICOS PRODUZIDOS PELA FJP"
2019,41,ASSISTENCIA HOSPITALAR ESPECIALIZADA
2019,42,PRESERVACAO DA MEMORIA TECNICO-CIENTIFICA DO ESTADO DE MINAS GERAIS
2019,43,"AMPLIACAO, MANUTENCAO E MODERNIZACAO DA INFRAESTRUTURA DA FUNDACAO EZEQUIEL DIAS"
2019,44,ASSESSORAMENTO SUPERIOR
2019,45,FINANCIAMENTO AO DESENVOLVIMENTO
2019,46,REGULARIZACAO FUNDIARIA E ACESSO A TERRA
2019,47,MODERNIZACAO DOS ESTABELECIMENTOS ASSISTENCIAIS DE SAUDE E GESTAO DA FHEMIG
2019,49,RESIDENCIA MEDICA
2019,50,APOIO A INDUCAO E A INOVACAO CIENTIFICA E TECNOLOGICA
2019,51,PLANO DE ATENCAO A SAUDE
2019,52,REPRESENTACAO E DEFESA DOS INTERESSES DO ESTADO DE MINAS GERAIS NOS ESCRITORIOS REGIONAIS
2019,53,ALEM DA PORTEIRA
2019,54,FORUNS REGIONAIS DE GOVERNO
2019,55,CERTIFICA MINAS
2019,56,GESTAO METROPOLITANA DO NUCLEO E COLAR DO VALE DO ACO
2019,57,MINAS PECUARIA
2019,58,FOMENTO E INCENTIVO DE INVESTIMENTOS
2019,59,"APOIO A PRODUCAO SUSTENTAVEL, AGREGACAO DE VALOR E COMERCIALIZACAO - DO CAMPO A MESA"
2019,61,SUPORTE AEREO AOS SERVICOS PUBLICOS ESTADUAIS
2019,62,INFRAESTRUTURA RURAL
2019,63,PROJETO JAIBA
2019,64,BARRAGENS DE MINAS
2019,65,APOIO AOS MUNICIPIOS E AO DESENVOLVIMENTO REGIONAL DE MINAS GERAIS
2019,66,DESENVOLVIMENTO E INTEGRACAO DA INFRAESTRUTURA DE TRANSPORTES
2019,67,"PLANEJAMENTO, GERENCIAMENTO E FISCALIZACAO DE SERVICOS E INFRAESTRUTURA DE TRANSPORTES"
2019,68,ASSISTENCIA TECNICA E EXTENSAO RURAL PARA O ESTADO DE MINAS GERAIS
2019,69,FORTALECIMENTO DAS RELACOES ENTRE O PODER LEGISLATIVO E EXECUTIVO
2019,70,COMUNICACAO SOCIAL
2019,71,SERVICOS PRESTADOS PELO IPSEMG NA REDE PROPRIA
2019,72,ADMINISTRACAO DE PALACIOS
2019,73,MINAS SEM FOME
2019,74,RADIODIFUSAO E TELECOMUNICACOES
2019,75,DESENVOLVIMENTO E PRODUCAO DE MEDICAMENTOS PARA O SISTEMA UNICO DE SAUDE (SUS).
2019,76,APERFEICOAMENTO DO CONTROLE INTERNO
2019,77,ATENDIMENTO COMUNITARIO E PSICOPEDAGOGICO NA FUNDACAO HELENA ANTIPOFF
2019,78,OPERACIONALIZACAO DE JOGOS
2019,79,ESTRADAS DE MINAS: INFRAESTRUTURA LOGISTICA
2019,80,PROMOCAO DE DEFESA CIVIL
2019,81,EDUCACAO PARA A JUVENTUDE
2019,82,"EDUCACAO DO CAMPO, INDIGENA E QUILOMBOLA"
2019,83,ATENDIMENTO PRE-HOSPITALAR
2019,84,OPERACAO E SEGURANCA DOS CORREDORES DE TRANSPORTE
2019,86,"GARANTIA DOS DIREITOS HUMANOS, DIVERSIDADE E INCLUSAO SOCIAL"
2019,87,PROGRAMA DE APOIO A AMPLIACAO E A MELHORIA DOS SISTEMAS PRISIONAL E SOCIEDUCATIVO
2019,88,PROGRAMA DE INTERNACIONALIZACAO DE MINAS GERAIS
2019,89,APOIO A EXECUCAO DE ACOES E SERVICOS PUBLICOS EM METROLOGIA E QUALIDADE
2019,91,QUALIFICA SUAS
2019,92,APOIO FINANCEIRO AO TURISMO MINEIRO
2019,93,PROMOCAO DA QUALIDADE E CONFORMIDADE DOS PRODUTOS CIRCULANTES NO MERCADO MINEIRO
2019,95,PROMOCAO DE JUSTICA METROLOGICA NAS RELACOES DE CONSUMO
2019,97,DESENVOLVIMENTO DA EDUCACAO BASICA.
2019,99,PRESERVACAO DO PATRIMONIO CULTURAL
2019,102,DEFESA SANITARIA
2019,103,EXECUCAO DESCENTRALIZADA E AUTONOMA DAS ACOES E SERVICOS DE SAUDE
2019,104,SEGURANCA DE ALIMENTOS
2019,106,DESENVOLVIMENTO DO ENSINO SUPERIOR NA UEMG
2019,107,SALVAGUARDA E PROMOCAO DO PATRIMONIO CULTURAL
2019,108,"APOIO AO DESENVOLVIMENTO MUNICIPAL, A CAPTACAO E COORDENACAO DA TRANSFERENCIA DE RECURSOS"
2019,109,QUALIFICACAO DO USO E AMPLIACAO DO ACESSO AO PATRIMONIO CULTURAL
2019,110,POLICIA OSTENSIVA
2019,114,OFERTA DE PROTECAO SOCIOASSISTENCIAL E APRIMORAMENTO DA REDE SOCIOASSISTENCIAL
2019,115,APOIO AO CONTROLE SOCIAL E A GESTAO COMPARTILHADA DO SUAS
2019,116,MINAS DIGITAL
2019,120,GESTAO E DESENVOLVIMENTO SUSTENTAVEL DE RECURSOS HIDRICOS
2019,121,GESTAO AMBIENTAL INTEGRADA
2019,122,AGUA PARA TODOS - UNIVERSALIZACAO DO ACESSO E USO DA AGUA
2019,123,EDUCACAO PROFISSIONAL DE SEGURANCA PUBLICA
2019,124,REGISTRO PUBLICO DE EMPRESAS MERCANTIS E ATIVIDADES AFINS
2019,125,CONSOLIDACAO DA POLITICA DE ECONOMIA SOLIDARIA
2019,127,INCLUSAO PRODUTIVA PARA O MUNDO DO TRABALHO
2019,128,SEGURANCA ALIMENTAR NUTRICIONAL SUSTENTAVEL
2019,129,LEITE PELA VIDA
2019,130,PROMOCAO E DIFUSAO CULTURAL
2019,131,INOVACAO CIENTIFICA E TECNOLOGICA
2019,132,GESTAO DA INFORMACAO CULTURAL
2019,133,ASSISTENCIA AO MILITAR
2019,135,DEMOCRATIZACAO DO ACESSO A CULTURA
2019,137,DESENVOLVIMENTO DO ENSINO FUNDAMENTAL E MEDIO - CTPM
2019,138,MODERNIZACAO E PRESERVACAO DA INFRAESTRUTURA CULTURAL
2019,139,BRASIL ALFABETIZADO
2019,140,FOMENTO E INCENTIVO A CULTURA
2019,141,DESENVOLVIMENTO DE ACOES DE EDUCACAO E PESQUISA PARA O SISTEMA UNICO DE SAUDE
2019,143,"PROTECAO DAS AREAS AMBIENTALMENTE CONSERVADAS, DA FAUNA E DA BIODIVERSIDADE FLORESTAL."
2019,144,ESCOLA INTEGRAL NA FUNDACAO HELENA ANTIPOFF
2019,145,SANEAMENTO E VIDA
2019,146,MINAS INTEGRADA
2019,147,NOSSA CIDADE MELHOR
2019,148,COORDENACAO DA ACAO GOVERNAMENTAL
2019,149,ATENDIMENTO AO CIDADAO
2019,150,TECNOCAMPO
2019,151,APOIO AS POLITICAS DE DESENVOLVIMENTO SOCIAL
2019,152,PROGRAMA DE DESENVOLVIMENTO DO NORTE E NORDESTE
2019,155,GOVERNANCA ELETRONICA
2019,156,APRIMORAMENTO DA GESTAO PUBLICA
2019,157,ENERGIA COMPETITIVA E SUSTENTAVEL
2019,158,FORTALECIMENTO E DESENVOLVIMENTO DA INDUSTRIA DE MINERACAO E TRANSFORMACAO
2019,159,MINAS AS CLARAS
2019,160,PREVENCAO E REPRESSAO DE ILICITOS NA ADMINISTRACAO PUBLICA
2019,161,AUDITORIA GOVERNAMENTAL
2019,164,"EXPANSAO, CONSOLIDACAO E INTERNACIONALIZACAO DAS INSTITUICOES DE ENSINO E PESQUISA"
2019,166,"MONITORAMENTO, CONTROLE E FISCALIZACAO AMBIENTAL"
2019,167,FORMACAO PROFISSIONAL PARA O MERCADO DE TRABALHO E GERACAO DE RENDA
2019,169,REGULARIZACAO AMBIENTAL
2019,170,"PROMOCAO E FOMENTO DA INDUSTRIA, COMERCIO E SERVICOS DE MINAS GERAIS"
2019,172,GESTAO DE COMPRAS E LOGISTICA CORPORATIVA
2019,173,VIGILANCIA EM SAUDE
2019,174,POLITICA ESTADUAL DE ATENCAO HOSPITALAR
2019,175,ASSISTENCIA FARMACEUTICA
2019,178,MINAS ESPORTIVA
2019,179,REDES DE ATENCAO A SAUDE
2019,180,GESTAO DO SISTEMA UNICO DE SAUDE
2019,181,DISTRIBUICAO DE ENERGIA ELETRICA
2019,183,REGULACAO
2019,186,CIDADE ADMINISTRATIVA
2019,189,INCENTIVO AO ESPORTE
2019,190,GESTAO ESTRATEGICA DE PESSOAS
2019,191,MELHORIA DA QUALIDADE AMBIENTAL
2019,192,ATENCAO PRIMARIA A SAUDE
2019,193,DESENVOLVIMENTO DA EDUCACAO PROFISSONAL E TECNOLOGICA
2019,194,POLITICAS SOBRE DROGAS
2019,198,MODERNIZACAO DOS SISTEMAS DE INFORMACAO DE CASA CIVIL E RELACOES INSTITUCIONAIS
2019,200,EXCELENCIA EM SAUDE NO HOSPITAL UNIVERSITARIO
2019,203,PREVENCAO SOCIAL A CRIMINALIDADE
2019,204,ROMPIMENTO DA TRAJETORIA INFRACIONAL DOS ADOLESCENTES DO ESTADO
2019,205,GESTAO INTEGRADA DE SEGURANCA PUBLICA
2019,206,CULTIVANDO AGUA BOA
2019,208,INFRAESTRUTURA DO SISTEMA PRISIONAL
2019,210,COOPERACAO ESTADO MUNICIPIOS NA AREA EDUCACIONAL
2019,211,ESCOLAS SUSTENTAVEIS
2019,212,VALORIZACAO E FORMACAO DOS PROFISSIONAIS DA EDUCACAO
2019,214,EDUCACAO INTEGRAL E INTEGRADA
2019,215,INCENTIVO A INOVACAO TECNOLOGICA
2019,218,APOIO A CADEIA PRODUTIVA DO CAFE
2019,219,GESTAO E MANUTENCAO DOS SISTEMAS CORPORATIVOS DO ESTADO
2019,220,INCLUSAO SOCIAL DE JOVENS EM SITUACAO DE VULNERABILIDADE SOCIAL
2019,701,APOIO A ADMINISTRACAO PUBLICA
2019,702,OBRIGACOES ESPECIAIS
2019,703,PROCESSO JUDICIARIO
2019,704,MODERNIZACAO INSTITUCIONAL
2019,706,PRESTACAO JURISDICIONAL
2019,711,REPRESENTACAO JURIDICA DO ESTADO
2019,714,"AQUISICAO, CONSTRUCAO, REPAROS DE BENS IMOVEIS"
2019,726,ACESSO A JUSTICA
2019,729,PROCESSO LEGISLATIVO
2019,734,PRESTACAO JURISDICIONAL MILITAR
2019,737,MODERNIZACAO INSTITUCIONAL
2019,738,PROTECAO E DEFESA DO CONSUMIDOR
2019,746,CONTROLE EXTERNO DA GESTAO DOS RECURSOS PUBLICOS
2019,760,CAPACITACAO E ORIENTACAO NA GESTAO DOS RECURSOS PUBLICOS
2019,764,ASSISTENCIA COMPLEMENTAR
2019,765,APOIO HABITACIONAL
2019,766,BENEFICIOS ASSISTENCIAIS
2019,767,RESERVA DE BENEFICIOS
2019,999,RESERVA DE CONTINGENCIA
2020,1,"PESQUISA CIENTIFICA, DESENVOLVIMENTO TECNOLOGICO E INOVACAO"
2020,2,ASSISTENCIA A SAUDE DOS SEGURADOS E DOS SEUS DEPENDENTES
2020,3,PRESTACAO DE SERVICOS PREVIDENCIARIOS
2020,4,PROGRAMA DE APOIO HABITACIONAL AOS MILITARES DO ESTADO DE MINAS GERAIS
2020,5,INVESTIGACAO
2020,6,IDENTIFICACAO CIVIL E CRIMINAL
2020,7,VALORIZACAO DO SERVIDOR
2020,8,TRANSITO
2020,9,DESENVOLVIMENTO DE ACOES DE EDUCACAO E PESQUISA PARA O SISTEMA UNICO DE SAUDE
2020,10,PLANO DE ATENCAO A SAUDE
2020,11,SERVICOS PRESTADOS PELO IPSEMG NA REDE PROPRIA
2020,12,OUVIDORIA 4.0 PARA APOIO AOS SERVICOS DO ESTADO E AS POLITICAS PUBLICAS
2020,14,#MINASCONHECEAOGE - PROMOCAO DOS CANAIS DE OUVIDORIA
2020,15,"APRIMORAMENTO DOS PROCESSOS DE ATENDIMENTO, ANALISE E RESPOSTA"
2020,16,RECOMENDACOES ESTRATEGICAS PARA APRIMORAR POLITICAS PUBLICAS
2020,18,ENSINO TECNICO PARA O AGRONEGOCIO E PARA A AGRICULTURA FAMILIAR
2020,19,FINANCIAMENTO AO DESENVOLVIMENTO
2020,20,REGISTRO PUBLICO DE EMPRESAS MERCANTIS E ATIVIDADES AFINS
2020,21,DESENVOLVIMENTO DO ENSINO SUPERIOR NA UEMG
2020,22,INOVACOES E SOLUCOES TECNOLOGICAS PARA A AGROPECUARIA E A AGROINDUSTRIA
2020,23,AUXILIO FINANCEIRO AO SEGURADO
2020,24,"APOIO AO DESENVOLVIMENTO MUNICIPAL, A CAPTACAO E A COORDENACAO DA TRANSFERENCIA DE RECURSOS"
2020,25,PROGRAMA ESTADUAL DE ASSISTENCIA AO PECULIO DOS SERVIDORES DO ESTADO DE MINAS GERAIS
2020,26,ENFRENTAMENTO DOS EFEITOS DA PANDEMIA DE COVID-19
2020,27,PRODUCAO E MODERNIZACAO DO DIARIO OFICIAL ELETRONICO MINAS GERAIS
2020,28,COORDENACAO DA ARTICULACAO INSTITUCIONAL DO GOVERNO DO ESTADO DE MINAS GERAIS
2020,29,PROMOCAO DE CONCESSOES E PARCERIAS
2020,31,APERFEICOAMENTO AS ACOES DE CONTROLE E FOMENTO A GESTAO DE RISCOS
2020,32,TRANSPARENCIA E FORTALECIMENTO DA INTEGRIDADE
2020,33,COMBATE A CORRUPCAO
2020,34,POLICIA OSTENSIVA
2020,36,DESENVOLVIMENTO DO ENSINO FUNDAMENTAL E MEDIO NOS COLEGIOS TIRADENTES DA POLICIA MILITAR
2020,37,ASSISTENCIA AO MILITAR
2020,39,POLITICAS DE TRABALHO E EMPREGO
2020,40,FOMENTO E INCENTIVO DE INVESTIMENTOS
2020,41,MINAS ATENDE
2020,42,DEFESA SANITARIA
2020,43,"FOMENTO AO ESPORTE, A ATIVIDADE FISICA E AO LAZER"
2020,44,SEGURANCA DE ALIMENTOS
2020,45,ATENCAO HOSPITALAR ESPECIALIZADA
2020,46,POLITICAS DE DIREITOS HUMANOS
2020,47,SUPORTE AEREO AOS SERVICOS PUBLICOS ESTADUAIS
2020,48,ENSINO SUPERIOR - UNIMONTES
2020,49,DESENVOLVIMENTO DA INFRAESTRUTURA DO NORTE E NORDESTE DE MINAS GERAIS
2020,50,TURISMO COMPETITIVO
2020,51,ADMINISTRACAO DOS PALACIOS
2020,53,SEGURANCA GOVERNAMENTAL
2020,54,"EQUIPAMENTOS CULTURAIS, CORPOS ARTISTICOS E ORGAOS COLEGIADOS"
2020,55,PROTECAO E DEFESA CIVIL
2020,56,"FOMENTO, DEMOCRATIZACAO E ACESSO A CULTURA E AO TURISMO"
2020,58,EXPLORACAO DE JOGOS LOTERICOS E SIMILARES
2020,60,FORMACAO CULTURAL
2020,61,PROTECAO E SALVAGUARDA DE ACERVOS CULTURAIS
2020,63,MINAS + GERAIS - DIVERSIFICACAO E FORTALECIMENTO DA ECONOMIA
2020,64,CAMINHOS PARA O DESENVOLVIMENTO - DESENVOLVIMENTO E INTEGRACAO REGIONAL
2020,65,APRIMORAMENTO DA POLITICA ESTADUAL DE ASSISTENCIA SOCIAL
2020,66,#VEMPRAMINAS - ATRACAO DE INVESTIMENTOS
2020,67,POLITICAS DE INTEGRACAO E SEGURANCA ALIMENTAR E NUTRICIONAL
2020,68,"#ACELERAMINAS - DESENVOLVIMENTO DE POLITICAS DE CIENCIA, TECNOLOGIA E INOVACAO"
2020,69,GESTAO E COORDENACAO DA ATUACAO GOVERNAMENTAL
2020,70,POLITICAS SOBRE DROGAS
2020,71,"DESENVOLVIMENTO DA INFRAESTRUTURA ESTADUAL, MUNICIPAL E REGIONAL"
2020,73,MOBILIDADE EM MINAS GERAIS
2020,75,MELHORIA DOS SERVICOS COMPARTILHADOS
2020,76,INOVACAO CIENTIFICA E TECNOLOGICA
2020,77,APRIMORAMENTO DA GESTAO PUBLICA POR MEIO DE ENSINO DE EXCELENCIA
2020,78,ASSESSORIA E PESQUISA EM POLITICAS PUBLICAS
2020,79,PRODUCAO DE ESTATISTICAS E INFORMACOES
2020,80,GESTAO LOGISTICA E PATRIMONIAL
2020,81,INFRAESTRUTURA RODOVIARIA
2020,82,OPERACAO E SEGURANCA VIARIA
2020,84,TESOURO RESPONSAVEL E TRANSPARENTE
2020,86,PROMOCAO E PRESERVACAO DA MEMORIA TECNICO-CIENTIFICA DO ESTADO DE MINAS GERAIS
2020,87,ASSISTENCIA TECNICA E EXTENSAO RURAL PARA O ESTADO DE MINAS GERAIS
2020,88,MINAS SEM FOME
2020,89,REDE DE DESENVOLVIMENTO DA EDUCACAO PROFISSIONAL
2020,91,GESTAO E DESENVOLVIMENTO SUSTENTAVEL DE RECURSOS HIDRICOS
2020,93,INSTRUMENTOS DA POLITICA ESTADUAL DE RECURSOS HIDRICOS
2020,95,GESTAO DE PESSOAS
2020,96,DESJUDICIALIZA MINAS
2020,98,QUALIDADE AMBIENTAL
2020,99,EXECUCAO DESCENTRALIZADA E AUTONOMA DAS ACOES E SERVICOS DE SAUDE
2020,100,MODERNIZACAO DA GESTAO FISCAL
2020,102,RECUPERACAO DE AREAS DEGRADADAS E CONTAMINADAS
2020,103,VIGILANCIA LABORATORIAL EM SAUDE PUBLICA
2020,104,"PROTECAO DAS AREAS AMBIENTALMENTE CONSERVADAS, A FAUNA E A BIODIVERSIDADE FLORESTAL"
2020,105,EDUCACAO INTEGRAL
2020,106,ENSINO FUNDAMENTAL
2020,107,ENSINO MEDIO
2020,108,EDUCACAO PROFISSIONAL
2020,110,"ORGANIZACAO, AVALIACAO E GESTAO ESCOLAR"
2020,112,MODALIDADES E TEMATICAS ESPECIAIS DE ENSINO
2020,113,GESTAO EFICIENTE DA ADMINISTRACAO TRIBUTARIA
2020,115,GESTAO DA INFORMACAO COM USO DE TECNOLOGIA E COMUNICACAO
2020,116,DESENVOLVIMENTO E PRODUCAO DE MEDICAMENTOS PARA O SISTEMA UNICO DE SAUDE (SUS).
2020,117,REGULACAO E FISCALIZACAO DA PRESTACAO DOS SEVICOS DE ABASTECIMENTO DE AGUA E ESGOTAMENTO SANITARIO DE MINAS GERAIS
2020,118,COMUNICACAO INSTITUCIONAL E DE UTILIDADE PUBLICA
2020,119,"MONITORAMENTO, CONTROLE E FISCALIZACAO AMBIENTAL."
2020,120,GESTAO AMBIENTAL E SANEAMENTO
2020,121,SUPORTE TERRESTRE AS ACOES DO GABINETE MILITAR DO GOVERNADOR
2020,122,REGULARIZACAO AMBIENTAL
2020,123,"ASSISTENCIA EM HEMATOLOGIA,  HEMOTERAPIA, CELULAS E  TECIDOS BIOLOGICOS."
2020,125,DESENVOLVIMENTO DA EDUCACAO BASICA
2020,126,REGULARIZACAO FUNDIARIA - AMPLIACAO DA SEGURANCA JURIDICA NO CAMPO
2020,127,INFRAESTRUTURA RURAL E AGRICULTURA SUSTENTAVEL
2020,129,CERTIFICACAO DE PRODUTOS AGROPECUARIOS E AGROINDUSTRIAIS - CERTIFICA MINAS
2020,131,ATENDIMENTO COMUNITARIO E PSICOPEDAGOGICO NA FUNDACAO HELENA ANTIPOFF
2020,133,DESENVOLVIMENTO DA EDUCACAO PROFISSIONAL TECNICA
2020,134,MORADAS GERAIS
2020,135,GARANTIA SAFRA
2020,136,"MEMORIA VIVA: DIFUSAO CULTURAL, PATRIMONIO MATERIAL E IMATERIAL"
2020,139,GESTAO INTEGRADA DE SEGURANCA PUBLICA
2020,140,ESPORTE E CULTURA PARA TODOS
2020,143,ROMPIMENTO DA TRAJETORIA INFRACIONAL DE ADOLESCENTES EM CUMPRIMENTO DE MEDIDA SOCIOEDUCATIVA
2020,144,PREVENCAO A CRIMINALIDADE
2020,145,INFRAESTRUTURA DO SISTEMA PRISIONAL
2020,147,MELHORIA DO AMBIENTE DE NEGOCIOS
2020,150,VIGILANCIA EM SAUDE
2020,151,SUPORTE AO SISTEMA EDUCACIONAL MINEIRO
2020,152,PROGRAMA DE APOIO A AMPLIACAO E A MELHORIA DOS SISTEMAS PRISIONAL E SOCIEDUCATIVO
2020,154,APOIO A GESTAO DO SUS
2020,155,PROMOCAO DE DEFESA CIVIL
2020,156,ASSISTENCIA FARMACEUTICA
2020,157,POLITICA ESTADUAL DE ATENCAO HOSPITALAR
2020,158,ATENCAO SECUNDARIA E TERCIARIA A SAUDE
2020,159,ATENCAO  PRIMARIA A SAUDE
2020,160,ATENDIMENTO PRE-HOSPITALAR
2020,161,GESTAO DA CIDADE ADMINISTRATIVA
2020,162,FERROVIAS MINEIRAS
2020,163,APOIO A AQUISICAO DIRETA DE PRODUTOS PARA A ALIMENTACAO ESCOLAR
2020,164,PROGRAMA ESTADUAL DE COOPERATIVISMO DA AGRICULTURA FAMILIAR E AGROINDUSTRIA FAMILIAR
2020,703,PROCESSO JUDICIARIO
2020,704,MODERNIZACAO INSTITUCIONAL
2020,705,APOIO AS POLITICAS PUBLICAS
2020,706,PRESTACAO JURISDICIONAL
2020,711,REPRESENTACAO JURIDICA DO ESTADO E ENTIDADES
2020,714,"AQUISICAO, CONSTRUCAO, REPAROS DE BENS IMOVEIS"
2020,726,ACESSO A JUSTICA
2020,729,PROCESSO LEGISLATIVO
2020,734,PRESTACAO JURISDICIONAL MILITAR
2020,737,MODERNIZACAO INSTITUCIONAL
2020,738,PROTECAO E DEFESA DO CONSUMIDOR
2020,746,CONTROLE EXTERNO DA GESTAO DOS RECURSOS PUBLICOS
2020,760,CAPACITACAO E ORIENTACAO PARA MELHORAR A GESTAO DOS RECURSOS PUBLICOS
2020,764,ASSISTENCIA COMPLEMENTAR
2020,765,APOIO HABITACIONAL
2020,766,BENEFICIOS ASSISTENCIAIS
2020,767,RESERVA DE BENEFICIOS
2020,999,RESERVA DE CONTINGENCIA
2021,1,"PESQUISA CIENTIFICA, DESENVOLVIMENTO TECNOLOGICO E INOVACAO"
2021,2,ASSISTENCIA A SAUDE DOS SEGURADOS E DOS SEUS DEPENDENTES
2021,3,PRESTACAO DE SERVICOS PREVIDENCIARIOS
2021,4,PROGRAMA DE APOIO HABITACIONAL AOS MILITARES DO ESTADO DE MINAS GERAIS
2021,5,INVESTIGACAO
2021,6,IDENTIFICACAO CIVIL E CRIMINAL
2021,7,VALORIZACAO DO SERVIDOR
2021,8,TRANSITO
2021,9,DESENVOLVIMENTO DE ACOES DE EDUCACAO E PESQUISA PARA O SISTEMA UNICO DE SAUDE
2021,10,PLANO DE ATENCAO A SAUDE
2021,11,SERVICOS PRESTADOS PELO IPSEMG NA REDE PROPRIA
2021,12,OUVIDORIA 4.0 PARA APOIO AOS SERVICOS DO ESTADO E AS POLITICAS PUBLICAS
2021,14,#MINASCONHECEAOGE - PROMOCAO DOS CANAIS DE OUVIDORIA
2021,15,"APRIMORAMENTO DOS PROCESSOS DE ATENDIMENTO, ANALISE, RESPOSTA E INFRAESTRUTURA DA OGE"
2021,16,RECOMENDACOES ESTRATEGICAS PARA APRIMORAR POLITICAS PUBLICAS
2021,18,ENSINO TECNICO PARA O AGRONEGOCIO E PARA A AGRICULTURA FAMILIAR
2021,19,FINANCIAMENTO AO DESENVOLVIMENTO
2021,20,REGISTRO PUBLICO DE EMPRESAS MERCANTIS E ATIVIDADES AFINS
2021,21,DESENVOLVIMENTO DO ENSINO SUPERIOR NA UEMG
2021,22,INOVACOES E SOLUCOES TECNOLOGICAS PARA A AGROPECUARIA E A AGROINDUSTRIA
2021,23,AUXILIO FINANCEIRO AO SEGURADO
2021,24,"APOIO AO DESENVOLVIMENTO MUNICIPAL, A CAPTACAO E A COORDENACAO DA TRANSFERENCIA DE RECURSOS"
2021,25,PROGRAMA ESTADUAL DE ASSISTENCIA AO PECULIO DOS SERVIDORES DO ESTADO DE MINAS GERAIS
2021,26,ENFRENTAMENTO DOS EFEITOS DA PANDEMIA DE COVID-19
2021,27,PRODUCAO E MODERNIZACAO DO DIARIO OFICIAL ELETRONICO MINAS GERAIS
2021,28,COORDENACAO DA ARTICULACAO INSTITUCIONAL DO GOVERNO DO ESTADO DE MINAS GERAIS
2021,29,PROMOCAO DE CONCESSOES E PARCERIAS
2021,31,APERFEICOAMENTO AS ACOES DE CONTROLE E FOMENTO A GESTAO DE RISCOS
2021,32,TRANSPARENCIA E FORTALECIMENTO DA INTEGRIDADE
2021,33,COMBATE A CORRUPCAO
2021,34,POLICIA OSTENSIVA
2021,36,DESENVOLVIMENTO DO ENSINO FUNDAMENTAL E MEDIO NOS COLEGIOS TIRADENTES DA POLICIA MILITAR
2021,37,ASSISTENCIA AO MILITAR
2021,39,POLITICAS DE TRABALHO E EMPREGO
2021,40,FOMENTO E INCENTIVO DE INVESTIMENTOS
2021,41,MINAS ATENDE
2021,42,DEFESA SANITARIA
2021,43,"FOMENTO AO ESPORTE, A ATIVIDADE FISICA E AO LAZER"
2021,44,SEGURANCA DE ALIMENTOS
2021,45,ATENCAO HOSPITALAR ESPECIALIZADA
2021,46,POLITICAS DE DIREITOS HUMANOS
2021,47,SUPORTE AEREO AOS SERVICOS PUBLICOS ESTADUAIS
2021,48,ENSINO SUPERIOR - UNIMONTES
2021,49,DESENVOLVIMENTO DA INFRAESTRUTURA DO NORTE E NORDESTE DE MINAS GERAIS
2021,50,TURISMO COMPETITIVO
2021,51,ADMINISTRACAO DOS PALACIOS
2021,53,SEGURANCA GOVERNAMENTAL
2021,54,"EQUIPAMENTOS CULTURAIS, CORPOS ARTISTICOS E ORGAOS COLEGIADOS"
2021,55,PROTECAO E DEFESA CIVIL
2021,56,"FOMENTO, DEMOCRATIZACAO E ACESSO A CULTURA E AO TURISMO"
2021,58,EXPLORACAO DE JOGOS LOTERICOS E SIMILARES
2021,60,FORMACAO CULTURAL
2021,61,PROTECAO E SALVAGUARDA DE ACERVOS CULTURAIS
2021,63,MINAS + GERAIS - DIVERSIFICACAO E FORTALECIMENTO DA ECONOMIA
2021,64,CAMINHOS PARA O DESENVOLVIMENTO - DESENVOLVIMENTO E INTEGRACAO REGIONAL
2021,65,APRIMORAMENTO DA POLITICA ESTADUAL DE ASSISTENCIA SOCIAL
2021,66,#VEMPRAMINAS - ATRACAO DE INVESTIMENTOS
2021,67,POLITICAS DE INTEGRACAO E SEGURANCA ALIMENTAR E NUTRICIONAL
2021,68,"#ACELERAMINAS - DESENVOLVIMENTO DE POLITICAS DE CIENCIA, TECNOLOGIA E INOVACAO"
2021,69,GESTAO E COORDENACAO DA ATUACAO GOVERNAMENTAL
2021,70,POLITICAS SOBRE DROGAS
2021,71,"DESENVOLVIMENTO DA INFRAESTRUTURA ESTADUAL, MUNICIPAL E REGIONAL"
2021,73,MOBILIDADE EM MINAS GERAIS
2021,75,MELHORIA DOS SERVICOS COMPARTILHADOS
2021,76,INOVACAO CIENTIFICA E TECNOLOGICA
2021,77,APRIMORAMENTO DA GESTAO PUBLICA POR MEIO DE ENSINO DE EXCELENCIA
2021,78,ASSESSORIA E PESQUISA EM POLITICAS PUBLICAS
2021,79,PRODUCAO DE ESTATISTICAS E INFORMACOES
2021,80,GESTAO LOGISTICA E PATRIMONIAL
2021,81,INFRAESTRUTURA RODOVIARIA
2021,82,OPERACAO E SEGURANCA VIARIA
2021,84,TESOURO RESPONSAVEL E TRANSPARENTE
2021,86,PROMOCAO E PRESERVACAO DA MEMORIA TECNICO-CIENTIFICA DO ESTADO DE MINAS GERAIS
2021,87,ASSISTENCIA TECNICA E EXTENSAO RURAL PARA O ESTADO DE MINAS GERAIS
2021,88,MINAS SEM FOME
2021,89,REDE DE DESENVOLVIMENTO DA EDUCACAO PROFISSIONAL
2021,91,GESTAO E DESENVOLVIMENTO SUSTENTAVEL DE RECURSOS HIDRICOS
2021,93,INSTRUMENTOS DA POLITICA ESTADUAL DE RECURSOS HIDRICOS
2021,95,GESTAO DE PESSOAS
2021,96,DESJUDICIALIZA MINAS
2021,98,QUALIDADE AMBIENTAL
2021,99,EXECUCAO DESCENTRALIZADA E AUTONOMA DAS ACOES E SERVICOS DE SAUDE
2021,102,RECUPERACAO DE AREAS DEGRADADAS E CONTAMINADAS
2021,103,VIGILANCIA LABORATORIAL EM SAUDE PUBLICA
2021,104,"PROTECAO DAS AREAS AMBIENTALMENTE CONSERVADAS, A FAUNA E A BIODIVERSIDADE FLORESTAL"
2021,105,EDUCACAO INTEGRAL
2021,106,ENSINO FUNDAMENTAL
2021,107,ENSINO MEDIO
2021,108,EDUCACAO PROFISSIONAL
2021,110,"ORGANIZACAO, AVALIACAO E GESTAO ESCOLAR"
2021,112,MODALIDADES E TEMATICAS ESPECIAIS DE ENSINO
2021,113,GESTAO EFICIENTE DA ADMINISTRACAO TRIBUTARIA
2021,115,GESTAO DA INFORMACAO COM USO DE TECNOLOGIA E COMUNICACAO
2021,116,DESENVOLVIMENTO E PRODUCAO DE MEDICAMENTOS PARA O SISTEMA UNICO DE SAUDE (SUS)
2021,117,REGULACAO E FISCALIZACAO DOS SERVICOS DE ABASTECIMENTO DE AGUA E DE ESGOTAMENTO SANITARIO E ATENDIMENTO AOS USUARIOS
2021,118,COMUNICACAO INSTITUCIONAL E DE UTILIDADE PUBLICA
2021,119,"MONITORAMENTO, CONTROLE E FISCALIZACAO AMBIENTAL"
2021,120,GESTAO AMBIENTAL E SANEAMENTO
2021,121,SUPORTE TERRESTRE AS ACOES DO GABINETE MILITAR DO GOVERNADOR
2021,122,REGULARIZACAO AMBIENTAL
2021,123,"ASSISTENCIA EM HEMATOLOGIA,  HEMOTERAPIA, CELULAS E  TECIDOS BIOLOGICOS"
2021,125,DESENVOLVIMENTO DA EDUCACAO BASICA
2021,126,REGULARIZACAO FUNDIARIA - AMPLIACAO DA SEGURANCA JURIDICA NO CAMPO
2021,127,INFRAESTRUTURA RURAL E AGRICULTURA SUSTENTAVEL
2021,129,CERTIFICACAO DE PRODUTOS AGROPECUARIOS E AGROINDUSTRIAIS - CERTIFICA MINAS
2021,131,ATENDIMENTO COMUNITARIO E PSICOPEDAGOGICO NA FUNDACAO HELENA ANTIPOFF
2021,133,DESENVOLVIMENTO DA EDUCACAO PROFISSIONAL TECNICA
2021,134,MORADAS GERAIS
2021,135,GARANTIA SAFRA
2021,136,"MEMORIA VIVA: DIFUSAO CULTURAL, PATRIMONIO MATERIAL E IMATERIAL"
2021,139,GESTAO INTEGRADA DE SEGURANCA PUBLICA
2021,143,ROMPIMENTO DA TRAJETORIA INFRACIONAL DE ADOLESCENTES EM CUMPRIMENTO DE MEDIDA SOCIOEDUCATIVA
2021,144,PREVENCAO A CRIMINALIDADE
2021,145,INFRAESTRUTURA DO SISTEMA PRISIONAL
2021,147,MELHORIA DO AMBIENTE DE NEGOCIOS
2021,150,VIGILANCIA EM SAUDE
2021,151,SUPORTE AO SISTEMA EDUCACIONAL MINEIRO
2021,152,PROGRAMA DE APOIO A AMPLIACAO E A MELHORIA DOS SISTEMAS PRISIONAL E SOCIEDUCATIVO
2021,154,APOIO A GESTAO DO SUS
2021,155,PROMOCAO DE DEFESA CIVIL
2021,156,ASSISTENCIA FARMACEUTICA
2021,157,POLITICA ESTADUAL DE ATENCAO HOSPITALAR
2021,158,ATENCAO SECUNDARIA E TERCIARIA A SAUDE
2021,159,ATENCAO  PRIMARIA A SAUDE
2021,160,ATENDIMENTO PRE-HOSPITALAR
2021,161,GESTAO DA CIDADE ADMINISTRATIVA
2021,162,FERROVIAS MINEIRAS
2021,164,PROGRAMA ESTADUAL DE COOPERATIVISMO DA AGRICULTURA FAMILIAR E AGROINDUSTRIA FAMILIAR
2021,703,PROCESSO JUDICIARIO
2021,704,MODERNIZACAO INSTITUCIONAL
2021,705,APOIO AS POLITICAS PUBLICAS
2021,706,PRESTACAO JURISDICIONAL
2021,711,REPRESENTACAO JURIDICA DO ESTADO E ENTIDADES
2021,714,"AQUISICAO, CONSTRUCAO, REPAROS DE BENS IMOVEIS"
2021,726,ACESSO A JUSTICA
2021,729,PROCESSO LEGISLATIVO
2021,734,PRESTACAO JURISDICIONAL MILITAR
2021,737,MODERNIZACAO INSTITUCIONAL
2021,738,PROTECAO E DEFESA DO CONSUMIDOR
2021,746,CONTROLE EXTERNO DA GESTAO DOS RECURSOS PUBLICOS
2021,760,CAPACITACAO E ORIENTACAO PARA MELHORAR A GESTAO DOS RECURSOS PUBLICOS
2021,764,ASSISTENCIA COMPLEMENTAR
2021,765,APOIO HABITACIONAL
2021,766,BENEFICIOS ASSISTENCIAIS
2021,767,RESERVA DE BENEFICIOS
2021,999,RESERVA DE CONTINGENCIA
2022,1,"PESQUISA CIENTIFICA, DESENVOLVIMENTO TECNOLOGICO E INOVACAO"
2022,2,ASSISTENCIA A SAUDE DOS SEGURADOS E DOS SEUS DEPENDENTES
2022,3,PRESTACAO DE SERVICOS PREVIDENCIARIOS
2022,4,PROGRAMA DE APOIO HABITACIONAL AOS MILITARES DO ESTADO DE MINAS GERAIS
2022,5,INVESTIGACAO
2022,6,IDENTIFICACAO CIVIL E CRIMINAL
2022,7,VALORIZACAO DO SERVIDOR
2022,8,TRANSITO
2022,9,DESENVOLVIMENTO DE ACOES DE EDUCACAO E PESQUISA PARA O SISTEMA UNICO DE SAUDE
2022,10,PLANO DE ATENCAO A SAUDE
2022,11,SERVICOS PRESTADOS PELO IPSEMG NA REDE PROPRIA
2022,12,OUVIDORIA 4.0 PARA APOIO AOS SERVICOS DO ESTADO E AS POLITICAS PUBLICAS
2022,14,#MINASCONHECEAOGE - PROMOCAO DOS CANAIS DE OUVIDORIA
2022,15,"APRIMORAMENTO DOS PROCESSOS DE ATENDIMENTO, ANALISE, RESPOSTA E SEGURANCA DE DADOS DA OGE"
2022,16,RECOMENDACOES ESTRATEGICAS PARA APRIMORAR POLITICAS PUBLICAS
2022,18,ENSINO TECNICO E SUPERIOR PARA O AGRONEGOCIO E PARA A AGRICULTURA FAMILIAR
2022,19,FINANCIAMENTO AO DESENVOLVIMENTO
2022,20,REGISTRO PUBLICO DE EMPRESAS MERCANTIS E ATIVIDADES AFINS
2022,21,DESENVOLVIMENTO DO ENSINO SUPERIOR NA UEMG
2022,22,INOVACOES E SOLUCOES TECNOLOGICAS PARA A AGROPECUARIA E A AGROINDUSTRIA
2022,23,AUXILIO FINANCEIRO AO SEGURADO
2022,24,"APOIO AO DESENVOLVIMENTO MUNICIPAL, A CAPTACAO E A COORDENACAO DA TRANSFERENCIA DE RECURSOS"
2022,25,PROGRAMA ESTADUAL DE ASSISTENCIA AO PECULIO DOS SERVIDORES DO ESTADO DE MINAS GERAIS
2022,26,ENFRENTAMENTO DOS EFEITOS DA PANDEMIA DE COVID-19
2022,27,PRODUCAO E MODERNIZACAO DO DIARIO OFICIAL ELETRONICO MINAS GERAIS
2022,28,COORDENACAO DA ARTICULACAO INSTITUCIONAL DO GOVERNO DO ESTADO DE MINAS GERAIS
2022,29,PROMOCAO DE CONCESSOES E PARCERIAS
2022,31,APERFEICOAMENTO AS ACOES DE CONTROLE E FOMENTO A GESTAO DE RISCOS
2022,32,TRANSPARENCIA E FORTALECIMENTO DA INTEGRIDADE
2022,33,COMBATE A CORRUPCAO
2022,34,POLICIA OSTENSIVA
2022,36,DESENVOLVIMENTO DO ENSINO FUNDAMENTAL E MEDIO NOS COLEGIOS TIRADENTES DA POLICIA MILITAR
2022,37,ASSISTENCIA AO MILITAR
2022,38,"INOVACAO, GOVERNANCA DE TECNOLOGIA DA INFORMACAO E COMUNICACAO"
2022,39,POLITICAS DE TRABALHO E EMPREGO
2022,40,FOMENTO E INCENTIVO DE INVESTIMENTOS
2022,41,MINAS ATENDE
2022,42,DEFESA SANITARIA
2022,43,"FOMENTO AO ESPORTE, A ATIVIDADE FISICA E AO LAZER"
2022,44,SEGURANCA DE ALIMENTOS
2022,45,ATENCAO HOSPITALAR ESPECIALIZADA
2022,46,POLITICAS DE DIREITOS HUMANOS
2022,47,SUPORTE AEREO AOS SERVICOS PUBLICOS ESTADUAIS
2022,48,ENSINO SUPERIOR - UNIMONTES
2022,49,DESENVOLVIMENTO DA INFRAESTRUTURA DO NORTE E NORDESTE DE MINAS GERAIS
2022,50,TURISMO COMPETITIVO
2022,51,ADMINISTRACAO DOS PALACIOS
2022,53,SEGURANCA GOVERNAMENTAL
2022,54,"EQUIPAMENTOS CULTURAIS, CORPOS ARTISTICOS E ORGAOS COLEGIADOS"
2022,55,PROTECAO E DEFESA CIVIL
2022,56,"FOMENTO, DEMOCRATIZACAO E ACESSO A CULTURA E AO TURISMO"
2022,58,EXPLORACAO DE JOGOS LOTERICOS E SIMILARES
2022,59,INOVA AGRO GERAIS
2022,60,FORMACAO CULTURAL
2022,61,PROTECAO E SALVAGUARDA DE ACERVOS CULTURAIS
2022,62,COORDENACAO DAS ACOES DE REPARACAO DE DESASTRES MINERARIOS
2022,63,MINAS + GERAIS - DIVERSIFICACAO E FORTALECIMENTO DA ECONOMIA
2022,64,CAMINHOS PARA O DESENVOLVIMENTO - DESENVOLVIMENTO E INTEGRACAO REGIONAL
2022,65,APRIMORAMENTO DA POLITICA ESTADUAL DE ASSISTENCIA SOCIAL
2022,66,#VEMPRAMINAS - ATRACAO DE INVESTIMENTOS
2022,67,POLITICAS DE INTEGRACAO E SEGURANCA ALIMENTAR E NUTRICIONAL
2022,68,"#ACELERAMINAS - DESENVOLVIMENTO DE POLITICAS DE CIENCIA, TECNOLOGIA E INOVACAO"
2022,69,"GESTAO DA ESTRATEGIA, PLANEJAMENTO E ORCAMENTO GOVERNAMENTAL"
2022,70,POLITICAS SOBRE DROGAS
2022,71,"DESENVOLVIMENTO DA INFRAESTRUTURA ESTADUAL, MUNICIPAL E REGIONAL"
2022,73,MOBILIDADE EM MINAS GERAIS
2022,74,REESTRUTURACAO DA FUNED - REPARACAO BRUMADINHO
2022,75,MELHORIA DOS SERVICOS COMPARTILHADOS
2022,76,INOVACAO CIENTIFICA E TECNOLOGICA
2022,77,APRIMORAMENTO DA GESTAO PUBLICA POR MEIO DE ENSINO DE EXCELENCIA
2022,78,ASSESSORIA E PESQUISA EM POLITICAS PUBLICAS
2022,79,PRODUCAO DE ESTATISTICAS E INFORMACOES
2022,80,GESTAO LOGISTICA E PATRIMONIAL
2022,81,INFRAESTRUTURA RODOVIARIA
2022,82,OPERACAO E SEGURANCA VIARIA
2022,84,TESOURO RESPONSAVEL E TRANSPARENTE
2022,86,PROMOCAO E PRESERVACAO DA MEMORIA TECNICO-CIENTIFICA DO ESTADO DE MINAS GERAIS
2022,87,ASSISTENCIA TECNICA E EXTENSAO RURAL PARA O ESTADO DE MINAS GERAIS
2022,88,MINAS SEM FOME
2022,89,REDE DE DESENVOLVIMENTO DA EDUCACAO PROFISSIONAL
2022,91,GESTAO E DESENVOLVIMENTO SUSTENTAVEL DE RECURSOS HIDRICOS
2022,93,INSTRUMENTOS DA POLITICA ESTADUAL DE RECURSOS HIDRICOS
2022,95,GESTAO DE PESSOAS
2022,96,DESJUDICIALIZA MINAS
2022,98,QUALIDADE AMBIENTAL
2022,99,EXECUCAO DESCENTRALIZADA E AUTONOMA DAS ACOES E SERVICOS DE SAUDE
2022,102,RECUPERACAO DE AREAS DEGRADADAS E CONTAMINADAS
2022,103,VIGILANCIA LABORATORIAL EM SAUDE PUBLICA
2022,104,"PROTECAO DAS AREAS AMBIENTALMENTE CONSERVADAS, DA FAUNA E DA BIODIVERSIDADE FLORESTAL"
2022,105,EDUCACAO INTEGRAL
2022,106,ENSINO FUNDAMENTAL
2022,107,ENSINO MEDIO
2022,108,EDUCACAO PROFISSIONAL
2022,110,"ORGANIZACAO, AVALIACAO E GESTAO ESCOLAR"
2022,112,MODALIDADES E TEMATICAS ESPECIAIS DE ENSINO
2022,113,GESTAO EFICIENTE DA ADMINISTRACAO TRIBUTARIA
2022,115,GESTAO DA INFORMACAO COM USO DE TECNOLOGIA E COMUNICACAO
2022,116,DESENVOLVIMENTO E PRODUCAO DE MEDICAMENTOS PARA O SISTEMA UNICO DE SAUDE (SUS)
2022,117,REGULACAO E FISCALIZACAO DOS SERVICOS DE ABASTECIMENTO DE AGUA E DE ESGOTAMENTO SANITARIO E ATENDIMENTO AOS USUARIOS
2022,118,COMUNICACAO INSTITUCIONAL E DE UTILIDADE PUBLICA
2022,119,"MONITORAMENTO, CONTROLE E FISCALIZACAO AMBIENTAL"
2022,120,GESTAO AMBIENTAL E SANEAMENTO
2022,121,SUPORTE TERRESTRE AS ACOES DO GABINETE MILITAR DO GOVERNADOR
2022,122,REGULARIZACAO AMBIENTAL
2022,123,"ASSISTENCIA EM HEMATOLOGIA,  HEMOTERAPIA, CELULAS E  TECIDOS BIOLOGICOS"
2022,125,DESENVOLVIMENTO DA EDUCACAO BASICA
2022,126,REGULARIZACAO FUNDIARIA - AMPLIACAO DA SEGURANCA JURIDICA NO CAMPO
2022,127,INFRAESTRUTURA RURAL E AGRICULTURA SUSTENTAVEL
2022,129,CERTIFICACAO DE PRODUTOS AGROPECUARIOS E AGROINDUSTRIAIS - CERTIFICA MINAS
2022,131,ATENDIMENTO COMUNITARIO E PSICOPEDAGOGICO NA FUNDACAO HELENA ANTIPOFF
2022,133,DESENVOLVIMENTO DA EDUCACAO PROFISSIONAL TECNICA
2022,134,MORADAS GERAIS
2022,135,GARANTIA SAFRA
2022,136,"MEMORIA VIVA: DIFUSAO CULTURAL, PATRIMONIO MATERIAL E IMATERIAL"
2022,139,GESTAO INTEGRADA DE SEGURANCA PUBLICA
2022,143,PROMOCAO DA POLITICA SOCIOEDUCATIVA PARA ATENDIMENTO AOS ADOLESCENTES EM CONFLITO COM A LEI
2022,144,PREVENCAO A CRIMINALIDADE
2022,145,INFRAESTRUTURA DO SISTEMA PRISIONAL
2022,147,PROGRAMA DE APOIO AS CADEIAS PRODUTIVAS DA AGROPECUARIA
2022,150,VIGILANCIA EM SAUDE
2022,151,SUPORTE AO SISTEMA EDUCACIONAL MINEIRO
2022,152,PROGRAMA DE APOIO A AMPLIACAO E A MELHORIA DOS SISTEMAS PRISIONAL E SOCIEDUCATIVO
2022,154,APOIO A GESTAO DO SUS
2022,155,PROMOCAO DE DEFESA CIVIL
2022,156,ASSISTENCIA FARMACEUTICA
2022,157,POLITICA ESTADUAL DE ATENCAO HOSPITALAR
2022,158,ATENCAO SECUNDARIA E TERCIARIA A SAUDE
2022,159,ATENCAO  PRIMARIA A SAUDE
2022,160,ATENDIMENTO PRE-HOSPITALAR
2022,161,GESTAO DA CIDADE ADMINISTRATIVA
2022,162,FERROVIAS MINEIRAS
2022,164,ACESSO A MERCADOS
2022,703,PROCESSO JUDICIARIO
2022,704,MODERNIZACAO INSTITUCIONAL
2022,705,APOIO AS POLITICAS PUBLICAS
2022,706,PRESTACAO JURISDICIONAL
2022,711,REPRESENTACAO JURIDICA DO ESTADO E ENTIDADES
2022,714,"AQUISICAO, CONSTRUCAO, REPAROS DE BENS IMOVEIS"
2022,726,ACESSO A JUSTICA
2022,729,PROCESSO LEGISLATIVO
2022,734,PRESTACAO JURISDICIONAL MILITAR
2022,737,MODERNIZACAO INSTITUCIONAL
2022,738,PROTECAO E DEFESA DO CONSUMIDOR
2022,746,CONTROLE EXTERNO DA GESTAO DOS RECURSOS PUBLICOS
2022,760,CAPACITACAO E ORIENTACAO PARA MELHORAR A GESTAO DOS RECURSOS PUBLICOS
2022,764,ASSISTENCIA COMPLEMENTAR
2022,765,APOIO HABITACIONAL
2022,766,BENEFICIOS ASSISTENCIAIS
2022,767,RESERVA DE BENEFICIOS
2022,999,RESERVA DE CONTINGENCIA
2023,1,"PESQUISA CIENTIFICA, DESENVOLVIMENTO TECNOLOGICO E INOVACAO"
2023,2,ASSISTENCIA A SAUDE DOS SEGURADOS E DOS SEUS DEPENDENTES
2023,3,PRESTACAO DE SERVICOS PREVIDENCIARIOS
2023,4,PROGRAMA DE APOIO HABITACIONAL AOS MILITARES DO ESTADO DE MINAS GERAIS
2023,5,INVESTIGACAO
2023,6,IDENTIFICACAO CIVIL E CRIMINAL
2023,7,VALORIZACAO DO SERVIDOR
2023,8,TRANSITO
2023,9,DESENVOLVIMENTO DE ACOES DE EDUCACAO E PESQUISA PARA O SISTEMA UNICO DE SAUDE
2023,10,PLANO DE ATENCAO A SAUDE
2023,11,SERVICOS PRESTADOS PELO IPSEMG NA REDE PROPRIA
2023,12,OUVIDORIA 4.0 PARA APOIO AOS SERVICOS DO ESTADO E AS POLITICAS PUBLICAS
2023,14,#MINASCONHECEAOGE - PROMOCAO DOS CANAIS DE OUVIDORIA
2023,15,"APRIMORAMENTO DOS PROCESSOS DE ATENDIMENTO, ANALISE, RESPOSTA E SEGURANCA DE DADOS DA OGE"
2023,16,RECOMENDACOES ESTRATEGICAS PARA APRIMORAR POLITICAS PUBLICAS
2023,18,ENSINO SUPERIOR PARA O AGRONEGOCIO E PARA A AGRICULTURA FAMILIAR
2023,19,FINANCIAMENTO AO DESENVOLVIMENTO
2023,20,REGISTRO PUBLICO DE EMPRESAS MERCANTIS E ATIVIDADES AFINS
2023,21,DESENVOLVIMENTO DO ENSINO SUPERIOR NA UEMG
2023,22,INOVACOES E SOLUCOES TECNOLOGICAS PARA A AGROPECUARIA E A AGROINDUSTRIA
2023,23,AUXILIO FINANCEIRO AO SEGURADO
2023,24,"APOIO AO DESENVOLVIMENTO MUNICIPAL, A CAPTACAO E A COORDENACAO DA TRANSFERENCIA DE RECURSOS"
2023,25,PROGRAMA ESTADUAL DE ASSISTENCIA AO PECULIO DOS SERVIDORES DO ESTADO DE MINAS GERAIS
2023,26,ENFRENTAMENTO DOS EFEITOS DA PANDEMIA DE COVID-19
2023,27,PRODUCAO E MODERNIZACAO DO DIARIO OFICIAL ELETRONICO MINAS GERAIS
2023,28,COORDENACAO DA ARTICULACAO INSTITUCIONAL DO GOVERNO DO ESTADO DE MINAS GERAIS
2023,29,PROMOCAO DE CONCESSOES E PARCERIAS
2023,31,APERFEICOAMENTO AS ACOES DE CONTROLE E FOMENTO A GESTAO DE RISCOS
2023,32,TRANSPARENCIA E FORTALECIMENTO DA INTEGRIDADE
2023,33,COMBATE A CORRUPCAO
2023,34,POLICIA OSTENSIVA
2023,36,DESENVOLVIMENTO DO ENSINO FUNDAMENTAL E MEDIO NOS COLEGIOS TIRADENTES DA POLICIA MILITAR
2023,37,ASSISTENCIA AO MILITAR
2023,38,"INOVACAO, GOVERNANCA DE TECNOLOGIA DA INFORMACAO E COMUNICACAO"
2023,39,POLITICAS DE TRABALHO E EMPREGO
2023,40,FOMENTO E INCENTIVO DE INVESTIMENTOS
2023,41,MINAS ATENDE
2023,42,DEFESA SANITARIA
2023,43,"FOMENTO AO ESPORTE, A ATIVIDADE FISICA E AO LAZER"
2023,44,SEGURANCA DE ALIMENTOS
2023,45,ATENCAO HOSPITALAR ESPECIALIZADA
2023,46,POLITICAS DE DIREITOS HUMANOS
2023,47,SUPORTE AEREO AOS SERVICOS PUBLICOS ESTADUAIS
2023,48,ENSINO SUPERIOR - UNIMONTES
2023,49,DESENVOLVIMENTO DA INFRAESTRUTURA DO NORTE E NORDESTE DE MINAS GERAIS
2023,50,TURISMO COMPETITIVO
2023,51,ADMINISTRACAO DOS PALACIOS
2023,52,AMPLIACAO E MODERNIZACAO DA FUNDACAO HELENA ANTIPOFF
2023,53,SEGURANCA GOVERNAMENTAL
2023,54,"EQUIPAMENTOS CULTURAIS, CORPOS ARTISTICOS E ORGAOS COLEGIADOS"
2023,55,PROTECAO E DEFESA CIVIL
2023,56,"FOMENTO, DEMOCRATIZACAO E ACESSO A CULTURA E AO TURISMO"
2023,58,EXPLORACAO DE JOGOS LOTERICOS E SIMILARES
2023,59,INOVA AGRO GERAIS
2023,60,FORMACAO CULTURAL
2023,61,PROTECAO E SALVAGUARDA DE ACERVOS CULTURAIS
2023,62,COORDENACAO DAS ACOES DE REPARACAO DE DESASTRES MINERARIOS
2023,63,MINAS + GERAIS - DIVERSIFICACAO E FORTALECIMENTO DA ECONOMIA
2023,64,CAMINHOS PARA O DESENVOLVIMENTO - DESENVOLVIMENTO E INTEGRACAO REGIONAL
2023,65,APRIMORAMENTO DA POLITICA ESTADUAL DE ASSISTENCIA SOCIAL
2023,66,#VEMPRAMINAS - ATRACAO DE INVESTIMENTOS
2023,67,POLITICAS DE INTEGRACAO E SEGURANCA ALIMENTAR E NUTRICIONAL
2023,68,"#ACELERAMINAS - DESENVOLVIMENTO DE POLITICAS DE CIENCIA, TECNOLOGIA E INOVACAO"
2023,69,"GESTAO DA ESTRATEGIA, PLANEJAMENTO E ORCAMENTO GOVERNAMENTAL"
2023,70,POLITICAS SOBRE DROGAS
2023,71,"DESENVOLVIMENTO DA INFRAESTRUTURA ESTADUAL, MUNICIPAL E REGIONAL"
2023,73,MOBILIDADE EM MINAS GERAIS
2023,74,REESTRUTURACAO DA FUNED - REPARACAO BRUMADINHO
2023,75,MELHORIA DOS SERVICOS COMPARTILHADOS
2023,76,INOVACAO CIENTIFICA E TECNOLOGICA
2023,77,APRIMORAMENTO DA GESTAO PUBLICA POR MEIO DE ENSINO DE EXCELENCIA
2023,78,ASSESSORIA E PESQUISA EM POLITICAS PUBLICAS
2023,79,PRODUCAO DE ESTATISTICAS E INFORMACOES
2023,80,GESTAO LOGISTICA E PATRIMONIAL
2023,81,INFRAESTRUTURA RODOVIARIA
2023,82,OPERACAO E SEGURANCA VIARIA
2023,84,TESOURO RESPONSAVEL E TRANSPARENTE
2023,85,ENSINO SUPERIOR
2023,86,PROMOCAO E PRESERVACAO DA MEMORIA TECNICO-CIENTIFICA DO ESTADO DE MINAS GERAIS
2023,87,ASSISTENCIA TECNICA E EXTENSAO RURAL PARA O ESTADO DE MINAS GERAIS
2023,88,MINAS SEM FOME
2023,89,REDE DE DESENVOLVIMENTO DA EDUCACAO PROFISSIONAL
2023,90,PROMOCAO DO DESENVOLVIMENTO SOCIOECONOMICO DO NORTE E NORDESTE DE MINAS GERAIS
2023,91,GESTAO E DESENVOLVIMENTO SUSTENTAVEL DE RECURSOS HIDRICOS
2023,93,INSTRUMENTOS DA POLITICA ESTADUAL DE RECURSOS HIDRICOS
2023,95,GESTAO DE PESSOAS
2023,96,DESJUDICIALIZA MINAS
2023,97,FUNDERUR - FUNDO ESTADUAL DE DESENVOLVIMENTO RURAL
2023,98,QUALIDADE AMBIENTAL
2023,99,EXECUCAO DESCENTRALIZADA E AUTONOMA DAS ACOES E SERVICOS DE SAUDE
2023,100,SUPORTE AS ACOES DE COMBATE  E RESPOSTA AOS DANOS CAUSADOS PELAS CHUVAS
2023,102,RECUPERACAO DE AREAS DEGRADADAS E CONTAMINADAS
2023,103,VIGILANCIA LABORATORIAL EM SAUDE PUBLICA
2023,104,"PROTECAO DAS AREAS AMBIENTALMENTE CONSERVADAS, DA FAUNA E DA BIODIVERSIDADE FLORESTAL"
2023,105,EDUCACAO INTEGRAL
2023,106,ENSINO FUNDAMENTAL
2023,107,ENSINO MEDIO
2023,108,EDUCACAO PROFISSIONAL
2023,110,"ORGANIZACAO, AVALIACAO E GESTAO ESCOLAR"
2023,112,MODALIDADES E TEMATICAS ESPECIAIS DE ENSINO
2023,113,GESTAO EFICIENTE DA ADMINISTRACAO TRIBUTARIA
2023,115,GESTAO DA INFORMACAO COM USO DE TECNOLOGIA E COMUNICACAO
2023,116,DESENVOLVIMENTO E PRODUCAO DE MEDICAMENTOS PARA O SISTEMA UNICO DE SAUDE (SUS)
2023,117,REGULACAO E FISCALIZACAO DOS SERVICOS DE ABASTECIMENTO DE AGUA E DE ESGOTAMENTO SANITARIO E ATENDIMENTO AOS USUARIOS
2023,118,COMUNICACAO INSTITUCIONAL E DE UTILIDADE PUBLICA
2023,119,"MONITORAMENTO, CONTROLE E FISCALIZACAO AMBIENTAL"
2023,120,GESTAO AMBIENTAL E SANEAMENTO
2023,121,SUPORTE TERRESTRE AS ACOES DO GABINETE MILITAR DO GOVERNADOR
2023,122,REGULARIZACAO AMBIENTAL
2023,123,"ASSISTENCIA EM HEMATOLOGIA,  HEMOTERAPIA, CELULAS E  TECIDOS BIOLOGICOS"
2023,125,DESENVOLVIMENTO DA EDUCACAO BASICA
2023,126,REGULARIZACAO FUNDIARIA - AMPLIACAO DA SEGURANCA JURIDICA NO CAMPO
2023,127,INFRAESTRUTURA RURAL E AGRICULTURA SUSTENTAVEL
2023,129,CERTIFICACAO DE PRODUTOS AGROPECUARIOS E AGROINDUSTRIAIS - CERTIFICA MINAS
2023,131,ATENDIMENTO COMUNITARIO E PSICOPEDAGOGICO NA FUNDACAO HELENA ANTIPOFF
2023,133,DESENVOLVIMENTO DA EDUCACAO PROFISSIONAL TECNICA
2023,134,MORADAS GERAIS
2023,135,GARANTIA SAFRA
2023,136,"MEMORIA VIVA: DIFUSAO CULTURAL, PATRIMONIO MATERIAL E IMATERIAL"
2023,139,GESTAO INTEGRADA DE SEGURANCA PUBLICA
2023,143,PROMOCAO DA POLITICA SOCIOEDUCATIVA PARA ATENDIMENTO AOS ADOLESCENTES EM CONFLITO COM A LEI
2023,144,PREVENCAO A CRIMINALIDADE
2023,145,INFRAESTRUTURA DO SISTEMA PRISIONAL
2023,147,PROGRAMA DE APOIO AS CADEIAS PRODUTIVAS DA AGROPECUARIA
2023,150,VIGILANCIA EM SAUDE
2023,151,SUPORTE AO SISTEMA EDUCACIONAL MINEIRO
2023,152,PROGRAMA DE APOIO A AMPLIACAO E A MELHORIA DOS SISTEMAS PRISIONAL E SOCIEDUCATIVO
2023,154,APOIO A GESTAO DO SUS
2023,155,PROMOCAO DE DEFESA CIVIL
2023,156,ASSISTENCIA FARMACEUTICA
2023,157,POLITICA ESTADUAL DE ATENCAO HOSPITALAR
2023,158,ATENCAO SECUNDARIA E TERCIARIA A SAUDE
2023,159,ATENCAO  PRIMARIA A SAUDE
2023,160,ATENDIMENTO PRE-HOSPITALAR
2023,161,GESTAO DA CIDADE ADMINISTRATIVA
2023,162,FERROVIAS MINEIRAS
2023,164,ACESSO A MERCADOS
2023,703,PROCESSO JUDICIARIO
2023,704,MODERNIZACAO INSTITUCIONAL
2023,705,APOIO AS POLITICAS PUBLICAS
2023,706,PRESTACAO JURISDICIONAL
2023,711,REPRESENTACAO JURIDICA DO ESTADO E ENTIDADES
2023,714,"AQUISICAO, CONSTRUCAO, REPAROS DE BENS IMOVEIS"
2023,726,ACESSO A JUSTICA
2023,729,PROCESSO LEGISLATIVO
2023,734,PRESTACAO JURISDICIONAL MILITAR
2023,737,MODERNIZACAO  INSTITUCIONAL
2023,738,PROTECAO E DEFESA DO CONSUMIDOR
2023,746,CONTROLE EXTERNO DA GESTAO DOS RECURSOS PUBLICOS
2023,760,CAPACITACAO E ORIENTACAO PARA MELHORAR A GESTAO DOS RECURSOS PUBLICOS
2023,764,ASSISTENCIA COMPLEMENTAR
2023,765,APOIO HABITACIONAL
2023,766,BENEFICIOS ASSISTENCIAIS
2023,767,RESERVA DE BENEFICIOS
2023,999,RESERVA DE CONTINGENCIA
2024,1,MINAS INTEGRA E TRANSPARENTE
2024,2,AUDITORIA INTERNA PARA O FUTURO
2024,3,ENFRENTAMENTO DA CORRUPCAO E RECUPERACAO DE ATIVOS
2024,4,CGE INTEGRADA E EFICIENTE
2024,6,ASSISTENCIA A SAUDE DOS SEGURADOS E DOS SEUS DEPENDENTES
2024,7,EDUCACAO SUPERIOR
2024,8,PRESTACAO DE SERVICOS PREVIDENCIARIOS
2024,9,PROGRAMA DE APOIO HABITACIONAL AOS MILITARES DO ESTADO DE MINAS GERAIS
2024,10,REGULACAO E FISCALIZACAO DOS SERVICOS DE ABASTECIMENTO DE AGUA E DE ESGOTAMENTO SANITARIO E ATENDIMENTO AOS USUARIOS
2024,11,ASSESSORAMENTO TECNICO E ADMINISTRATIVO AO GOVERNADOR E VICE-GOVERNADOR
2024,12,POLITICA PUBLICA DE METROLOGIA E AVALIACAO DA CONFORMIDADE
2024,15,ENSINO SUPERIOR PARA A AGRICULTURA E PECUARIA
2024,16,INOVACOES E SOLUCOES TECNOLOGICAS PARA A AGROPECUARIA E A AGROINDUSTRIA
2024,18,COMUNICACAO INSTITUCIONAL E DE UTILIDADE PUBLICA
2024,19,ATENCAO HOSPITALAR ESPECIALIZADA
2024,20,FOMENTO E INCENTIVO DE INVESTIMENTOS
2024,21,SANEAMENTO E RESIDUOS ESPECIAIS
2024,22,"CONSTRUINDO O FUTURO POR MEIO DA CIENCIA, DA TECNOLOGIA E DA INOVACAO"
2024,24,DESENVOLVIMENTO SOCIOECONOMICO
2024,25,"MONITORAMENTO, CONTROLE E FISCALIZACAO AMBIENTAL"
2024,26,DESENVOLVIMENTO DO ENSINO SUPERIOR NA UEMG
2024,27,GESTAO AMBIENTAL.
2024,28,DESENVOLVIMENTO DE ACOES DE EDUCACAO E PESQUISA PARA O SISTEMA UNICO DE SAUDE
2024,29,REGISTRO PUBLICO DE EMPRESAS MERCANTIS E ATIVIDADES AFINS
2024,31,"PROTECAO DAS AREAS AMBIENTALMENTE CONSERVADAS, DA FAUNA E DA BIODIVERSIDADE FLORESTAL"
2024,32,INVESTIGACAO
2024,33,GESTAO DA INFORMACAO COM USO DE TECNOLOGIA E COMUNICACAO
2024,34,SUPORTE AS ACOES DE TRANSPORTE RODOVIARIO
2024,36,IDENTIFICACAO CIVIL E CRIMINAL
2024,37,VALORIZACAO E SAUDE DO SERVIDOR
2024,38,TESOURO RESPONSAVEL E TRANSPARENTE
2024,39,GESTAO DA ASSISTENCIA A SAUDE
2024,40,RECUPERACAO AMBIENTAL E GESTAO DE BARRAGENS
2024,41,REGULARIZACAO AMBIENTAL
2024,42,DESENVOLVIMENTO DA EDUCACAO BASICA
2024,43,DESJUDICIALIZA MINAS
2024,44,REPRESENTACAO JURIDICA DO ESTADO E ENTIDADES
2024,45,"RECEITA ESTADUAL DIGITAL, EFICIENTE, MODERNIZADA E MAIS JUSTA"
2024,46,SUPORTE AEREO AOS SERVICOS PUBLICOS ESTADUAIS
2024,47,SUPORTE AS ACOES DE COMBATE E RESPOSTA AOS DANOS CAUSADOS PELAS CHUVAS
2024,48,PROTECAO E DEFESA CIVIL
2024,49,ADMINISTRACAO DOS PREDIOS GOVERNAMENTAIS
2024,50,SEGURANCA E INTELIGENCIA GOVERNAMENTAL
2024,51,ATENDIMENTO COMUNITARIO E PSICOPEDAGOGICO NA FUNDACAO HELENA ANTIPOFF
2024,52,PROMOCAO DE DEFESA CIVIL
2024,53,ATENDIMENTO PRE-HOSPITALAR
2024,54,GOVERNANCA PARA INTEGRIDADE E MELHORES RESULTADOS EM SERVICOS PUBLICOS
2024,55,CONTROLE SOCIAL ATRAVES DA DEFESA DOS USUARIOS DE SERVICOS PUBLICOS
2024,56,DESENVOLVIMENTO DA INFRAESTRUTURA DO NORTE E NORDESTE DE MINAS GERAIS
2024,58,POLITICAS DE ATENCAO HOSPITALAR
2024,59,APOIO A GESTAO DO SUS
2024,60,ATENCAO PRIMARIA A SAUDE
2024,61,ATENCAO ESPECIALIZADA A SAUDE
2024,62,ACESSO A SERVICOS DE SAUDE
2024,63,VIGILANCIA EM SAUDE
2024,64,ASSISTENCIA FARMACEUTICA
2024,65,FORTALECIMENTO DA POLITICA ESTADUAL DE RECURSOS HIDRICOS
2024,66,POLITICAS DE TRABALHO E EMPREGO
2024,67,REDE DE DESENVOLVIMENTO DA EDUCACAO PROFISSIONAL
2024,69,"FOMENTO AO ESPORTE, A ATIVIDADE FISICA E AO LAZER"
2024,70,POLITICAS DE DIREITOS HUMANOS
2024,71,FORTALECIMENTO DO SISTEMA UNICO DE ASSISTENCIA SOCIAL - SUAS
2024,73,MORADAS GERAIS
2024,74,SEGURANCA ALIMENTAR E NUTRICIONAL SUSTENTAVEL PARA TODOS OS POVOS DO TERRITORIO MINEIRO
2024,75,AMPLIACAO E MODERNIZACAO DA FUNDACAO HELENA ANTIPOFF
2024,76,DESENVOLVIMENTO DA EDUCACAO PROFISSIONAL TECNICA
2024,77,CAMINHOS PARA O DESENVOLVIMENTO INTEGRADO METROPOLITANO
2024,78,DEFESA SANITARIA
2024,80,SEGURANCA DE ALIMENTOS
2024,81,DESENVOLVIMENTO SUSTENTAVEL DA INFRAESTRUTURA RODOVIARIA
2024,82,PROMOCAO DA SEGURANCA VIARIA
2024,83,POLITICAS DE PROMOCAO AO DESENVOLVIMENTO SOCIAL NO CONTEXTO RURAL - PERCURSOS GERAIS: TRAJETORIA PARA AUTONOMIA
2024,84,"POLITICAS DE INTEGRACAO, REGIONALIZACAO E INOVACAO"
2024,85,PROMOCAO DE CONCESSOES E PARCERIAS
2024,86,POLITICA DOS DIREITOS DAS MULHERES
2024,87,"ASSISTENCIA EM HEMATOLOGIA, HEMOTERAPIA,CELULAS E TECIDOS BIOLOGICOS"
2024,88,SERVICOS DE SAUDE PRESTADOS PELO IPSEMG NA REDE PROPRIA
2024,89,"MEMORIA VIVA: DIFUSAO CULTURAL, PATRIMONIO MATERIAL E IMATERIAL"
2024,90,ASSISTENCIA TECNICA E EXTENSAO RURAL PARA O ESTADO DE MINAS GERAIS
2024,91,APRIMORAMENTO DA GESTAO PUBLICA POR MEIO DE ENSINO DE EXCELENCIA
2024,93,PROMOCAO E PRESERVACAO DA MEMORIA TECNICO-CIENTIFICA DO ESTADO DE MINAS GERAIS
2024,95,ASSESSORIA E PESQUISA EM POLITICAS PUBLICAS
2024,96,PRODUCAO DE ESTATISTICAS E INFORMACOES
2024,97,MINAS SEM FOME
2024,99,"DESENVOLVIMENTO DA INFRAESTRUTURA ESTADUAL, MUNICIPAL E REGIONAL"
2024,100,MAIS TURISTAS
2024,102,FOMENTO A ECONOMIA DA CRIATIVIDADE
2024,103,"ESPACOS CULTURAIS, CORPOS ARTISTICOS E ORGAOS COLEGIADOS"
2024,104,ENFRENTAMENTO A VULNERABILIDADE NOS TERRITORIOS DE ATUACAO DA FUCAM
2024,105,FORMACAO E CAPACITACAO TECNICO-CULTURAL
2024,106,PROTECAO E SALVAGUARDA DE ACERVOS E BENS CULTURAIS
2024,108,ACESSO A MERCADOS
2024,109,GESTAO DE CERIMONIAL E EVENTOS
2024,110,REGULARIZACAO FUNDIARIA - AMPLIACAO DA SEGURANCA JURIDICA NO CAMPO
2024,111,DESENVOLVIMENTO DAS CADEIAS PRODUTIVAS DA AGROPECUARIA
2024,112,CERTIFICACOES E HABILITACOES DE PRODUTOS AGROPECUARIOS E AGROINDUSTRIAIS
2024,113,GARANTIA DE CONTINUIDADE DA PRODUCAO AGROPECUARIA
2024,114,INFRAESTRUTURA RURAL E AGRICULTURA SUSTENTAVEL
2024,115,GESTAO DO PROCESSO LEGISLATIVO ESTADUAL SOB A RESPONSABILIDADE DO PODER EXECUTIVO
2024,116,INOVA AGRO GERAIS
2024,117,"MOBILIDADE, TRANSPORTES E LOGISTICA"
2024,118,EDUCACAO E SUCESSAO RURAL
2024,119,APOIO AO DESENVOLVIMENTO MUNICIPAL E A COORDENACAO DAS TRANSFERENCIAS ESTADUAIS DE RECURSOS FINANCEIROS
2024,120,PRODUCAO E VEICULACAO DO DIARIO OFICIAL ELETRONICO MINAS GERAIS
2024,121,ACESSO E ALCANCE A COMUNICACAO DE INTERESSE PUBLICO
2024,122,FORTALECIMENTO DA GESTAO DAS TRANSFERENCIAS ESTADUAIS
2024,124,PROMOCAO DO DESENVOLVIMENTO DO NORTE E NORDESTE DE MINAS GERAIS
2024,125,POLITICA DE REGULARIZACAO FUNDIARIA E DE GESTAO DE IMOVEIS
2024,126,EXPLORACAO DE JOGOS LOTERICOS E SIMILARES
2024,128,PROGRAMA DE APOIO A AMPLIACAO E A MELHORIA DOS SISTEMAS PRISIONAL E SOCIOEDUCATIVO
2024,129,PREVENCAO A CRIMINALIDADE
2024,130,INFRAESTRUTURA DO SISTEMA PRISIONAL
2024,131,"ARTICULACAO INTERFEDERATIVA,  ATRACAO DE INVESTIMENTOS, CAPTACAO E TRANSFERENCIA DE RECURSOS E PARCERIAS"
2024,132,MINAS EMPREENDEDORA: ESTADO MAIS SIMPLES E LIVRE PARA SE EMPREENDER
2024,133,MINAS GERACAO DE VALOR
2024,134,GESTAO INTEGRADA DE SEGURANCA PUBLICA
2024,135,PROTECAO SOCIAL DOS MILITARES
2024,136,EDUCACAO ESCOLAR
2024,137,POLICIA OSTENSIVA
2024,138,"CONCESSAO DE AUXILIO FINANCEIRO, SEGURO E PECULIO"
2024,141,POLITICAS SOBRE DROGAS
2024,143,"MG TECH - POLITICAS DE CIENCIA, TECNOLOGIA E INOVACAO"
2024,146,PROMOCAO DA POLITICA SOCIOEDUCATIVA PARA ATENDIMENTO AOS ADOLESCENTES EM CONFLITO COM A LEI
2024,147,GESTAO DE PESSOAS
2024,148,APOIO AS POLITICAS DE DESENVOLVIMENTO SOCIAL
2024,149,TRANSFORMACAO DIGITAL E ATENDIMENTO AO CIDADAO
2024,150,UNIVERSALIZACAO DO ACESSO AO CONHECIMENTO CIENTIFICO E TECNOLOGICO
2024,151,PROMOCAO DA INOVACAO E DA GESTAO ESTRATEGICA
2024,152,INOVACAO CIENTIFICA E TECNOLOGICA
2024,153,VIGILANCIA LABORATORIAL EM SAUDE PUBLICA
2024,154,DESENVOLVIMENTO E PRODUCAO DE MEDICAMENTOS PARA O SISTEMA UNICO DE SAUDE (SUS)
2024,155,REPARACAO DOS DANOS DOS ROMPIMENTOS EM BRUMADINHO E MARIANA
2024,156,GESTAO DA CIDADE ADMINISTRATIVA
2024,157,GESTAO DO PLANEJAMENTO ORCAMENTARIO GOVERNAMENTAL
2024,159,CENTRALIZACAO DO PROCESSAMENTO DE COMPRAS PUBLICAS
2024,160,MELHORIA DA GESTAO LOGISTICA E PATRIMONIAL
2024,161,GESTAO DE TRANSITO
2024,162,GESTAO DE PESSOAL DA AREA EDUCACIONAL
2024,163,ALIMENTACAO ESCOLAR
2024,164,APOIO AO ENSINO SUPERIOR
2024,165,"ORGANIZACAO, AVALIACAO E GESTAO ESCOLAR"
2024,166,EXECUCAO DESCENTRALIZADA E AUTONOMA DAS ACOES E SERVICOS DE SAUDE
2024,167,APOIO PEDAGOGICO PARA O DESENVOLVIMENTO DA EDUCACAO BASICA
2024,168,GESTAO DE INFRAESTRUTURA EDUCACIONAL
2024,169,SUPORTE AO SISTEMA EDUCACIONAL MINEIRO
2024,170,MODALIDADES E TEMATICAS ESPECIAIS DE ENSINO
2024,172,COOPERACAO ESTADO-MUNICIPIO NA AREA EDUCACIONAL
2024,703,PROCESSO JUDICIARIO
2024,704,MODERNIZACAO INSTITUCIONAL
2024,705,APOIO AS POLITICAS PUBLICAS
2024,706,PRESTACAO JURISDICIONAL
2024,714,"AQUISICAO, CONSTRUCAO, REPAROS DE BENS IMOVEIS"
2024,726,ACESSO A JUSTICA
2024,729,PROCESSO LEGISLATIVO
2024,734,PRESTACAO JURISDICIONAL MILITAR
2024,737,MODERNIZACAO  INSTITUCIONAL
2024,738,PROTECAO E DEFESA DO CONSUMIDOR
2024,746,CONTROLE EXTERNO DA GESTAO DOS RECURSOS PUBLICOS
2024,760,CAPACITACAO E ORIENTACAO PARA MELHORAR A GESTAO DOS RECURSOS PUBLICOS
2024,764,ASSISTENCIA COMPLEMENTAR
2024,765,APOIO HABITACIONAL
2024,766,BENEFICIOS ASSISTENCIAIS
2024,767,RESERVA DE BENEFICIOS
2024,999,RESERVA DE CONTINGENCIA
2025,1,MINAS INTEGRA E TRANSPARENTE
2025,2,AUDITORIA INTERNA PARA O FUTURO
2025,3,ENFRENTAMENTO DA CORRUPCAO E RECUPERACAO DE ATIVOS
2025,4,CGE INTEGRADA E EFICIENTE
2025,5,"PROGRAMA MINEIRO DE ACESSIBILIDADE, INCLUSAO E SAUDE (PROMAIS)"
2025,6,ASSISTENCIA A SAUDE DOS SEGURADOS E DOS SEUS DEPENDENTES
2025,7,EDUCACAO SUPERIOR
2025,8,PRESTACAO DE SERVICOS PREVIDENCIARIOS
2025,9,PROGRAMA DE APOIO HABITACIONAL AOS MILITARES DO ESTADO DE MINAS GERAIS
2025,10,REGULACAO E FISCALIZACAO DOS SERVICOS DE ABASTECIMENTO DE AGUA E DE ESGOTAMENTO SANITARIO E ATENDIMENTO AOS USUARIOS
2025,11,ASSESSORAMENTO TECNICO E ADMINISTRATIVO AO GOVERNADOR E VICE-GOVERNADOR
2025,12,POLITICA PUBLICA DE METROLOGIA E AVALIACAO DA CONFORMIDADE
2025,15,ENSINO SUPERIOR PARA A AGRICULTURA E PECUARIA
2025,16,INOVACOES E SOLUCOES TECNOLOGICAS PARA A AGROPECUARIA E A AGROINDUSTRIA
2025,18,COMUNICACAO INSTITUCIONAL E DE UTILIDADE PUBLICA
2025,19,ATENCAO HOSPITALAR ESPECIALIZADA
2025,20,FOMENTO E INCENTIVO DE INVESTIMENTOS
2025,21,SANEAMENTO E RESIDUOS ESPECIAIS
2025,22,"CONSTRUINDO O FUTURO POR MEIO DA CIENCIA, DA TECNOLOGIA E DA INOVACAO"
2025,23,POLITICAS PARA CRIANCAS E ADOLESCENTES
2025,24,DESENVOLVIMENTO SOCIOECONOMICO
2025,25,"MONITORAMENTO, CONTROLE E FISCALIZACAO AMBIENTAL"
2025,26,DESENVOLVIMENTO DO ENSINO SUPERIOR NA UEMG
2025,27,GESTAO AMBIENTAL.
2025,28,DESENVOLVIMENTO DE ACOES DE EDUCACAO E PESQUISA PARA O SISTEMA UNICO DE SAUDE
2025,29,REGISTRO PUBLICO DE EMPRESAS MERCANTIS E ATIVIDADES AFINS
2025,31,"PROTECAO DAS AREAS AMBIENTALMENTE CONSERVADAS, DA FAUNA E DA BIODIVERSIDADE FLORESTAL"
2025,32,INVESTIGACAO
2025,33,GESTAO DA INFORMACAO COM USO DE TECNOLOGIA E COMUNICACAO
2025,34,SUPORTE AS ACOES DE TRANSPORTE RODOVIARIO
2025,36,IDENTIFICACAO CIVIL E CRIMINAL
2025,37,VALORIZACAO E SAUDE DO SERVIDOR
2025,38,TESOURO RESPONSAVEL E TRANSPARENTE
2025,39,GESTAO DA ASSISTENCIA A SAUDE
2025,40,RECUPERACAO AMBIENTAL E GESTAO DE BARRAGENS
2025,41,REGULARIZACAO AMBIENTAL
2025,42,DESENVOLVIMENTO DA EDUCACAO BASICA
2025,43,DESJUDICIALIZA MINAS
2025,44,REPRESENTACAO JURIDICA DO ESTADO E ENTIDADES
2025,45,"RECEITA ESTADUAL DIGITAL, EFICIENTE, MODERNIZADA E MAIS JUSTA"
2025,46,SUPORTE AEREO AOS SERVICOS PUBLICOS ESTADUAIS
2025,47,SUPORTE AS ACOES DE COMBATE E RESPOSTA AOS DANOS CAUSADOS PELAS CHUVAS
2025,48,PROTECAO E DEFESA CIVIL
2025,49,ADMINISTRACAO DOS PREDIOS GOVERNAMENTAIS
2025,50,SEGURANCA E INTELIGENCIA GOVERNAMENTAL
2025,51,ATENDIMENTO COMUNITARIO E PSICOPEDAGOGICO NA FUNDACAO HELENA ANTIPOFF
2025,52,PROMOCAO DE DEFESA CIVIL
2025,53,ATENDIMENTO PRE-HOSPITALAR
2025,54,GOVERNANCA PARA INTEGRIDADE E MELHORES RESULTADOS EM SERVICOS PUBLICOS
2025,55,CONTROLE SOCIAL ATRAVES DA DEFESA DOS USUARIOS DE SERVICOS PUBLICOS
2025,56,DESENVOLVIMENTO DA INFRAESTRUTURA DO NORTE E NORDESTE DE MINAS GERAIS
2025,58,POLITICAS DE ATENCAO HOSPITALAR
2025,59,APOIO A GESTAO DO SUS
2025,60,ATENCAO PRIMARIA A SAUDE
2025,61,ATENCAO ESPECIALIZADA A SAUDE
2025,62,ACESSO A SERVICOS DE SAUDE
2025,63,VIGILANCIA EM SAUDE
2025,64,ASSISTENCIA FARMACEUTICA
2025,65,FORTALECIMENTO DA POLITICA ESTADUAL DE RECURSOS HIDRICOS
2025,66,POLITICAS DE TRABALHO E EMPREGO
2025,67,REDE DE DESENVOLVIMENTO DA EDUCACAO PROFISSIONAL
2025,68,PRIMEIRA INFANCIA MINAS
2025,69,"FOMENTO AO ESPORTE, A ATIVIDADE FISICA E AO LAZER"
2025,70,POLITICAS DE DIREITOS HUMANOS
2025,71,FORTALECIMENTO DO SISTEMA UNICO DE ASSISTENCIA SOCIAL - SUAS
2025,73,MORADAS GERAIS
2025,74,SEGURANCA ALIMENTAR E NUTRICIONAL SUSTENTAVEL PARA TODOS OS POVOS DO TERRITORIO MINEIRO
2025,75,AMPLIACAO E MODERNIZACAO DA FUNDACAO HELENA ANTIPOFF
2025,76,DESENVOLVIMENTO DA EDUCACAO PROFISSIONAL TECNICA
2025,77,CAMINHOS PARA O DESENVOLVIMENTO INTEGRADO METROPOLITANO
2025,78,DEFESA SANITARIA
2025,80,SEGURANCA DE ALIMENTOS
2025,81,DESENVOLVIMENTO SUSTENTAVEL DA INFRAESTRUTURA RODOVIARIA
2025,82,PROMOCAO DA SEGURANCA VIARIA
2025,83,POLITICAS DE PROMOCAO AO DESENVOLVIMENTO SOCIAL NO CONTEXTO RURAL - PERCURSOS GERAIS: TRAJETORIA PARA AUTONOMIA
2025,84,"POLITICAS DE INTEGRACAO, REGIONALIZACAO E INOVACAO"
2025,85,PROMOCAO DE CONCESSOES E PARCERIAS
2025,86,POLITICA DOS DIREITOS DAS MULHERES
2025,87,"ASSISTENCIA EM HEMATOLOGIA, HEMOTERAPIA,CELULAS E TECIDOS BIOLOGICOS"
2025,88,SERVICOS DE SAUDE PRESTADOS PELO IPSEMG NA REDE PROPRIA
2025,89,"MEMORIA VIVA: DIFUSAO CULTURAL, PATRIMONIO MATERIAL E IMATERIAL"
2025,90,ASSISTENCIA TECNICA E EXTENSAO RURAL PARA O ESTADO DE MINAS GERAIS
2025,91,APRIMORAMENTO DA GESTAO PUBLICA POR MEIO DE ENSINO DE EXCELENCIA
2025,93,PROMOCAO E PRESERVACAO DA MEMORIA TECNICO-CIENTIFICA DO ESTADO DE MINAS GERAIS
2025,95,ASSESSORIA E PESQUISA EM POLITICAS PUBLICAS
2025,96,PRODUCAO DE ESTATISTICAS E INFORMACOES
2025,97,MINAS SEM FOME
2025,99,"DESENVOLVIMENTO DA INFRAESTRUTURA ESTADUAL, MUNICIPAL E REGIONAL"
2025,100,MAIS TURISTAS
2025,102,FOMENTO A ECONOMIA DA CRIATIVIDADE
2025,103,"ESPACOS CULTURAIS, CORPOS ARTISTICOS E ORGAOS COLEGIADOS"
2025,104,ENFRENTAMENTO A VULNERABILIDADE NOS TERRITORIOS DE ATUACAO DA FUCAM
2025,105,FORMACAO E CAPACITACAO TECNICO-CULTURAL
2025,106,PROTECAO E SALVAGUARDA DE ACERVOS E BENS CULTURAIS
2025,108,ACESSO A MERCADOS
2025,109,GESTAO DE CERIMONIAL E EVENTOS
2025,110,REGULARIZACAO FUNDIARIA - AMPLIACAO DA SEGURANCA JURIDICA NO CAMPO
2025,111,DESENVOLVIMENTO DAS CADEIAS PRODUTIVAS DA AGROPECUARIA
2025,112,CERTIFICACOES E HABILITACOES DE PRODUTOS AGROPECUARIOS E AGROINDUSTRIAIS
2025,113,GARANTIA DE CONTINUIDADE DA PRODUCAO AGROPECUARIA
2025,114,INFRAESTRUTURA RURAL E AGRICULTURA SUSTENTAVEL
2025,115,GESTAO DO PROCESSO LEGISLATIVO ESTADUAL SOB A RESPONSABILIDADE DO PODER EXECUTIVO
2025,116,INOVA AGRO GERAIS
2025,117,"MOBILIDADE, TRANSPORTES E LOGISTICA"
2025,118,EDUCACAO E SUCESSAO RURAL
2025,119,APOIO AO DESENVOLVIMENTO MUNICIPAL E A COORDENACAO DAS TRANSFERENCIAS ESTADUAIS DE RECURSOS FINANCEIROS
2025,120,PRODUCAO E VEICULACAO DO DIARIO OFICIAL ELETRONICO MINAS GERAIS
2025,121,ACESSO E ALCANCE A COMUNICACAO DE INTERESSE PUBLICO
2025,122,FORTALECIMENTO DA GESTAO DAS TRANSFERENCIAS ESTADUAIS
2025,124,PROMOCAO DO DESENVOLVIMENTO DO NORTE E NORDESTE DE MINAS GERAIS
2025,125,POLITICA DE REGULARIZACAO FUNDIARIA E DE GESTAO DE IMOVEIS
2025,126,EXPLORACAO DE JOGOS LOTERICOS E SIMILARES
2025,128,PROGRAMA DE APOIO A AMPLIACAO E A MELHORIA DOS SISTEMAS PRISIONAL E SOCIOEDUCATIVO
2025,129,PREVENCAO A CRIMINALIDADE
2025,130,INFRAESTRUTURA DO SISTEMA PRISIONAL
2025,131,"ARTICULACAO INTERFEDERATIVA,  ATRACAO DE INVESTIMENTOS, CAPTACAO E TRANSFERENCIA DE RECURSOS E PARCERIAS"
2025,132,MINAS EMPREENDEDORA: ESTADO MAIS SIMPLES E LIVRE PARA SE EMPREENDER
2025,133,MINAS GERACAO DE VALOR
2025,134,GESTAO INTEGRADA DE SEGURANCA PUBLICA
2025,135,PROTECAO SOCIAL DOS MILITARES
2025,136,EDUCACAO ESCOLAR
2025,137,POLICIA OSTENSIVA
2025,138,"CONCESSAO DE AUXILIO FINANCEIRO, SEGURO E PECULIO"
2025,141,POLITICAS SOBRE DROGAS
2025,143,"MG TECH - POLITICAS DE CIENCIA, TECNOLOGIA E INOVACAO"
2025,146,PROMOCAO DA POLITICA SOCIOEDUCATIVA PARA ATENDIMENTO AOS ADOLESCENTES EM CONFLITO COM A LEI
2025,147,GESTAO DE PESSOAS
2025,148,APOIO AS POLITICAS DE DESENVOLVIMENTO SOCIAL
2025,149,TRANSFORMACAO DIGITAL E ATENDIMENTO AO CIDADAO
2025,150,UNIVERSALIZACAO DO ACESSO AO CONHECIMENTO CIENTIFICO E TECNOLOGICO
2025,151,PROMOCAO DA INOVACAO E DA GESTAO ESTRATEGICA
2025,152,INOVACAO CIENTIFICA E TECNOLOGICA
2025,153,VIGILANCIA LABORATORIAL EM SAUDE PUBLICA
2025,154,DESENVOLVIMENTO E PRODUCAO DE MEDICAMENTOS PARA O SISTEMA UNICO DE SAUDE (SUS)
2025,155,REPARACAO DOS DANOS DOS ROMPIMENTOS EM BRUMADINHO E MARIANA
2025,156,GESTAO DA CIDADE ADMINISTRATIVA
2025,157,GESTAO DO PLANEJAMENTO ORCAMENTARIO GOVERNAMENTAL
2025,159,CENTRALIZACAO DO PROCESSAMENTO DE COMPRAS PUBLICAS
2025,160,MELHORIA DA GESTAO LOGISTICA E PATRIMONIAL
2025,161,GESTAO DE TRANSITO
2025,162,PROGRAMA DE DESENVOLVIMENTO E GESTAO DE PESSOAS DA REDE ESTADUAL DE ENSINO
2025,163,ALIMENTACAO ESCOLAR
2025,165,"ORGANIZACAO, AVALIACAO E GESTAO ESCOLAR"
2025,166,EXECUCAO DESCENTRALIZADA E AUTONOMA DAS ACOES E SERVICOS DE SAUDE
2025,167,PROGRAMA ESTADUAL DE DESENVOLVIMENTO DA EDUCACAO BASICA
2025,168,GESTAO DA REDE FISICA ESTADUAL DE ENSINO
2025,169,GESTAO DO SISTEMA ESTADUAL DE EDUCACAO
2025,172,PROGRAMA ESTADUAL DE COOPERACAO ESTADO-MUNICIPIO NA AREA EDUCACIONAL
2025,703,PROCESSO JUDICIARIO
2025,704,MODERNIZACAO INSTITUCIONAL
2025,705,APOIO AS POLITICAS PUBLICAS
2025,706,PRESTACAO JURISDICIONAL
2025,714,"AQUISICAO, CONSTRUCAO, REPAROS DE BENS IMOVEIS"
2025,726,ACESSO A JUSTICA
2025,729,PROCESSO LEGISLATIVO
2025,734,PRESTACAO JURISDICIONAL MILITAR
2025,737,MODERNIZACAO  INSTITUCIONAL
2025,738,PROTECAO E DEFESA DO CONSUMIDOR
2025,746,CONTROLE EXTERNO DA GESTAO DOS RECURSOS PUBLICOS
2025,760,CAPACITACAO E ORIENTACAO PARA MELHORAR A GESTAO DOS RECURSOS PUBLICOS
2025,764,ASSISTENCIA COMPLEMENTAR
2025,765,APOIO HABITACIONAL
2025,766,BENEFICIOS ASSISTENCIAIS
2025,767,RESERVA DE BENEFICIOS
2025,999,RESERVA DE CONTINGENCIA
2026,1,MINAS INTEGRA E TRANSPARENTE
2026,2,AUDITORIA INTERNA PARA O FUTURO
2026,3,ENFRENTAMENTO DA CORRUPCAO E RECUPERACAO DE ATIVOS
2026,4,CGE INTEGRADA E EFICIENTE
2026,5,"PROGRAMA MINEIRO DE ACESSIBILIDADE, INCLUSAO E SAUDE (PROMAIS)"
2026,6,ASSISTENCIA A SAUDE DOS SEGURADOS E DOS SEUS DEPENDENTES
2026,7,EDUCACAO SUPERIOR
2026,8,PRESTACAO DE SERVICOS PREVIDENCIARIOS
2026,9,PROGRAMA DE APOIO HABITACIONAL AOS MILITARES DO ESTADO DE MINAS GERAIS
2026,10,REGULACAO E FISCALIZACAO DOS SERVICOS DE ABASTECIMENTO DE AGUA E DE ESGOTAMENTO SANITARIO E ATENDIMENTO AOS USUARIOS
2026,11,ASSESSORAMENTO TECNICO E ADMINISTRATIVO AO GOVERNADOR E VICE-GOVERNADOR
2026,12,POLITICA PUBLICA DE METROLOGIA E AVALIACAO DA CONFORMIDADE
2026,15,ENSINO SUPERIOR PARA A AGRICULTURA E PECUARIA
2026,16,INOVACOES E SOLUCOES TECNOLOGICAS PARA A AGROPECUARIA E A AGROINDUSTRIA
2026,18,COMUNICACAO INSTITUCIONAL E DE UTILIDADE PUBLICA
2026,19,ATENCAO HOSPITALAR ESPECIALIZADA
2026,20,FOMENTO E INCENTIVO DE INVESTIMENTOS
2026,21,SANEAMENTO E RESIDUOS ESPECIAIS
2026,22,"CONSTRUINDO O FUTURO POR MEIO DA CIENCIA, DA TECNOLOGIA E DA INOVACAO"
2026,23,POLITICAS PARA CRIANCAS E ADOLESCENTES
2026,24,DESENVOLVIMENTO SOCIOECONOMICO
2026,25,"MONITORAMENTO, CONTROLE E FISCALIZACAO AMBIENTAL"
2026,26,DESENVOLVIMENTO DO ENSINO SUPERIOR NA UEMG
2026,27,GESTAO AMBIENTAL.
2026,28,DESENVOLVIMENTO DE ACOES DE EDUCACAO E PESQUISA PARA O SISTEMA UNICO DE SAUDE
2026,29,REGISTRO PUBLICO DE EMPRESAS MERCANTIS E ATIVIDADES AFINS
2026,31,"PROTECAO DAS AREAS AMBIENTALMENTE CONSERVADAS, DA FAUNA E DA BIODIVERSIDADE FLORESTAL"
2026,32,INVESTIGACAO
2026,33,GESTAO DA INFORMACAO COM USO DE TECNOLOGIA E COMUNICACAO
2026,34,SUPORTE AS ACOES DE TRANSPORTE RODOVIARIO
2026,36,IDENTIFICACAO CIVIL E CRIMINAL
2026,37,VALORIZACAO E SAUDE DO SERVIDOR
2026,38,TESOURO RESPONSAVEL E TRANSPARENTE
2026,39,GESTAO DA ASSISTENCIA A SAUDE
2026,40,RECUPERACAO AMBIENTAL E GESTAO DE BARRAGENS
2026,41,REGULARIZACAO AMBIENTAL
2026,42,DESENVOLVIMENTO DA EDUCACAO BASICA
2026,43,DESJUDICIALIZA MINAS
2026,44,REPRESENTACAO JURIDICA DO ESTADO E ENTIDADES
2026,45,"RECEITA ESTADUAL DIGITAL, EFICIENTE, MODERNIZADA E MAIS JUSTA"
2026,46,SUPORTE AEREO AOS SERVICOS PUBLICOS ESTADUAIS
2026,47,SUPORTE AS ACOES DE COMBATE E RESPOSTA AOS DANOS CAUSADOS PELAS CHUVAS
2026,48,PROTECAO E DEFESA CIVIL
2026,49,ADMINISTRACAO DOS PREDIOS GOVERNAMENTAIS
2026,50,SEGURANCA E INTELIGENCIA GOVERNAMENTAL
2026,51,ATENDIMENTO COMUNITARIO E PSICOPEDAGOGICO NA FUNDACAO HELENA ANTIPOFF
2026,52,PROMOCAO DE DEFESA CIVIL
2026,53,ATENDIMENTO PRE-HOSPITALAR
2026,54,GOVERNANCA PARA INTEGRIDADE E MELHORES RESULTADOS EM SERVICOS PUBLICOS
2026,55,CONTROLE SOCIAL ATRAVES DA DEFESA DOS USUARIOS DE SERVICOS PUBLICOS
2026,56,DESENVOLVIMENTO DA INFRAESTRUTURA DO NORTE E NORDESTE DE MINAS GERAIS
2026,58,POLITICAS DE ATENCAO HOSPITALAR
2026,59,APOIO A GESTAO DO SUS
2026,60,ATENCAO PRIMARIA A SAUDE
2026,61,ATENCAO ESPECIALIZADA A SAUDE
2026,62,ACESSO A SERVICOS DE SAUDE
2026,63,VIGILANCIA EM SAUDE
2026,64,ASSISTENCIA FARMACEUTICA
2026,65,FORTALECIMENTO DA POLITICA ESTADUAL DE RECURSOS HIDRICOS
2026,66,POLITICAS DE TRABALHO E EMPREGO
2026,67,REDE DE DESENVOLVIMENTO DA EDUCACAO PROFISSIONAL
2026,68,PRIMEIRA INFANCIA MINAS
2026,69,"FOMENTO AO ESPORTE, A ATIVIDADE FISICA E AO LAZER"
2026,70,POLITICAS DE DIREITOS HUMANOS
2026,71,FORTALECIMENTO DO SISTEMA UNICO DE ASSISTENCIA SOCIAL - SUAS
2026,73,MORADAS GERAIS
2026,74,SEGURANCA ALIMENTAR E NUTRICIONAL SUSTENTAVEL PARA TODOS OS POVOS DO TERRITORIO MINEIRO
2026,75,AMPLIACAO E MODERNIZACAO DA FUNDACAO HELENA ANTIPOFF
2026,76,DESENVOLVIMENTO DA EDUCACAO PROFISSIONAL TECNICA
2026,77,CAMINHOS PARA O DESENVOLVIMENTO INTEGRADO METROPOLITANO
2026,78,DEFESA SANITARIA
2026,79,MODERNIZACAO E APRIMORAMENTO INSTITUCIONAL
2026,80,SEGURANCA DE ALIMENTOS
2026,81,DESENVOLVIMENTO SUSTENTAVEL DA INFRAESTRUTURA RODOVIARIA
2026,82,PROMOCAO DA SEGURANCA VIARIA
2026,83,POLITICAS DE PROMOCAO AO DESENVOLVIMENTO SOCIAL NO CONTEXTO RURAL - PERCURSOS GERAIS: TRAJETORIA PARA AUTONOMIA
2026,84,"POLITICAS DE INTEGRACAO, REGIONALIZACAO E INOVACAO"
2026,85,PROMOCAO DE CONCESSOES E PARCERIAS
2026,86,POLITICA DOS DIREITOS DAS MULHERES
2026,87,"ASSISTENCIA EM HEMATOLOGIA, HEMOTERAPIA,CELULAS E TECIDOS BIOLOGICOS"
2026,88,SERVICOS DE SAUDE PRESTADOS PELO IPSEMG NA REDE PROPRIA
2026,89,"MEMORIA VIVA: DIFUSAO CULTURAL, PATRIMONIO MATERIAL E IMATERIAL"
2026,90,ASSISTENCIA TECNICA E EXTENSAO RURAL PARA O ESTADO DE MINAS GERAIS
2026,91,APRIMORAMENTO DA GESTAO PUBLICA POR MEIO DE ENSINO DE EXCELENCIA
2026,93,PROMOCAO E PRESERVACAO DA MEMORIA TECNICO-CIENTIFICA DO ESTADO DE MINAS GERAIS
2026,95,ASSESSORIA E PESQUISA EM POLITICAS PUBLICAS
2026,96,PRODUCAO DE ESTATISTICAS E INFORMACOES
2026,97,MINAS SEM FOME
2026,98,MODERNIZACAO INSTITUCIONAL
2026,99,"DESENVOLVIMENTO DA INFRAESTRUTURA ESTADUAL, MUNICIPAL E REGIONAL"
2026,100,MAIS TURISTAS
2026,101,PROGRAMA ENCONTRO DAS AGUAS
2026,102,FOMENTO A ECONOMIA DA CRIATIVIDADE
2026,103,"ESPACOS CULTURAIS, CORPOS ARTISTICOS E ORGAOS COLEGIADOS"
2026,104,ENFRENTAMENTO A VULNERABILIDADE NOS TERRITORIOS DE ATUACAO DA FUCAM
2026,105,FORMACAO E CAPACITACAO TECNICO-CULTURAL
2026,106,PROTECAO E SALVAGUARDA DE ACERVOS E BENS CULTURAIS
2026,108,ACESSO A MERCADOS
2026,109,GESTAO DE CERIMONIAL E EVENTOS
2026,110,REGULARIZACAO FUNDIARIA - AMPLIACAO DA SEGURANCA JURIDICA NO CAMPO
2026,111,DESENVOLVIMENTO DAS CADEIAS PRODUTIVAS DA AGROPECUARIA
2026,112,CERTIFICACOES E HABILITACOES DE PRODUTOS AGROPECUARIOS E AGROINDUSTRIAIS
2026,113,GARANTIA DE CONTINUIDADE DA PRODUCAO AGROPECUARIA
2026,114,INFRAESTRUTURA RURAL E AGRICULTURA SUSTENTAVEL
2026,115,GESTAO DO PROCESSO LEGISLATIVO ESTADUAL SOB A RESPONSABILIDADE DO PODER EXECUTIVO
2026,116,INOVA AGRO GERAIS
2026,117,"MOBILIDADE, TRANSPORTES E LOGISTICA"
2026,118,EDUCACAO E SUCESSAO RURAL
2026,119,APOIO AO DESENVOLVIMENTO MUNICIPAL E A COORDENACAO DAS TRANSFERENCIAS ESTADUAIS DE RECURSOS FINANCEIROS
2026,120,PRODUCAO E VEICULACAO DO DIARIO OFICIAL ELETRONICO MINAS GERAIS
2026,121,ACESSO E ALCANCE A COMUNICACAO DE INTERESSE PUBLICO
2026,122,FORTALECIMENTO DA GESTAO DAS TRANSFERENCIAS ESTADUAIS
2026,123,PROMOCAO DE CONCESSOES E PARCERIAS
2026,124,PROMOCAO DO DESENVOLVIMENTO DO NORTE E NORDESTE DE MINAS GERAIS
2026,125,POLITICA DE REGULARIZACAO FUNDIARIA E DE GESTAO DE IMOVEIS
2026,126,EXPLORACAO DE JOGOS LOTERICOS E SIMILARES
2026,127,ESCOLA SEGURA
2026,128,PROGRAMA DE APOIO A AMPLIACAO E A MELHORIA DOS SISTEMAS PRISIONAL E SOCIOEDUCATIVO
2026,129,PREVENCAO A CRIMINALIDADE
2026,130,INFRAESTRUTURA DO SISTEMA PRISIONAL
2026,131,"ARTICULACAO INTERFEDERATIVA,  ATRACAO DE INVESTIMENTOS, CAPTACAO E TRANSFERENCIA DE RECURSOS E PARCERIAS"
2026,132,MINAS EMPREENDEDORA: ESTADO MAIS SIMPLES E LIVRE PARA SE EMPREENDER
2026,133,MINAS GERACAO DE VALOR
2026,134,GESTAO INTEGRADA DE SEGURANCA PUBLICA
2026,135,PROTECAO SOCIAL DOS MILITARES
2026,136,EDUCACAO ESCOLAR
2026,137,POLICIA OSTENSIVA
2026,138,"CONCESSAO DE AUXILIO FINANCEIRO, SEGURO E PECULIO"
2026,141,POLITICAS SOBRE DROGAS
2026,143,"MG TECH - POLITICAS DE CIENCIA, TECNOLOGIA E INOVACAO"
2026,146,PROMOCAO DA POLITICA SOCIOEDUCATIVA PARA ATENDIMENTO AOS ADOLESCENTES EM CONFLITO COM A LEI
2026,147,GESTAO DE PESSOAS
2026,148,APOIO AS POLITICAS DE DESENVOLVIMENTO SOCIAL
2026,149,TRANSFORMACAO DIGITAL E ATENDIMENTO AO CIDADAO
2026,150,UNIVERSALIZACAO DO ACESSO AO CONHECIMENTO CIENTIFICO E TECNOLOGICO
2026,151,PROMOCAO DA INOVACAO E DA GESTAO ESTRATEGICA
2026,152,INOVACAO CIENTIFICA E TECNOLOGICA
2026,153,VIGILANCIA LABORATORIAL EM SAUDE PUBLICA
2026,154,DESENVOLVIMENTO E PRODUCAO DE MEDICAMENTOS PARA O SISTEMA UNICO DE SAUDE (SUS)
2026,155,REPARACAO DOS DANOS DOS ROMPIMENTOS EM BRUMADINHO E MARIANA
2026,156,GESTAO DA CIDADE ADMINISTRATIVA
2026,157,GESTAO DO PLANEJAMENTO ORCAMENTARIO GOVERNAMENTAL
2026,159,CENTRALIZACAO DO PROCESSAMENTO DE COMPRAS PUBLICAS
2026,160,MELHORIA DA GESTAO LOGISTICA E PATRIMONIAL
2026,161,GESTAO DE TRANSITO
2026,162,PROGRAMA DE DESENVOLVIMENTO E GESTAO DE PESSOAS DA REDE ESTADUAL DE ENSINO
2026,163,ALIMENTACAO ESCOLAR
2026,165,"ORGANIZACAO, AVALIACAO E GESTAO ESCOLAR"
2026,166,EXECUCAO DESCENTRALIZADA E AUTONOMA DAS ACOES E SERVICOS DE SAUDE
2026,167,PROGRAMA ESTADUAL DE DESENVOLVIMENTO DA EDUCACAO BASICA
2026,168,GESTAO DA REDE FISICA ESTADUAL DE ENSINO
2026,169,GESTAO DO SISTEMA ESTADUAL DE EDUCACAO
2026,172,PROGRAMA ESTADUAL DE COOPERACAO ESTADO-MUNICIPIO NA AREA EDUCACIONAL
2026,703,PROCESSO JUDICIARIO
2026,704,MODERNIZACAO INSTITUCIONAL
2026,705,APOIO AS POLITICAS PUBLICAS
2026,706,PRESTACAO JURISDICIONAL
2026,714,"AQUISICAO, CONSTRUCAO, REPAROS DE BENS IMOVEIS"
2026,726,ACESSO A JUSTICA
2026,729,PROCESSO LEGISLATIVO
2026,734,PRESTACAO JURISDICIONAL MILITAR
2026,737,MODERNIZACAO  INSTITUCIONAL
2026,738,PROTECAO E DEFESA DO CONSUMIDOR
2026,746,CONTROLE EXTERNO DA GESTAO DOS RECURSOS PUBLICOS
2026,760,CAPACITACAO E ORIENTACAO PARA MELHORAR A GESTAO DOS RECURSOS PUBLICOS
2026,764,ASSISTENCIA COMPLEMENTAR
2026,765,APOIO HABITACIONAL
2026,766,BENEFICIOS ASSISTENCIAIS
2026,767,RESERVA DE BENEFICIOS
2026,999,RESERVA DE CONTINGENCIA
