ano,uo_cod,uo_sigla,uo_nome
2002,1011,ALEMG,ASSEMBLEIA LEGISLATIVA DO ESTADO DE MINAS GERAIS
2002,1021,TCEMG,TRIBUNAL DE CONTAS DO ESTADO DE MINAS GERAIS
2002,1031,TJMG,TRIBUNAL DE JUSTICA DO ESTADO DE MINAS GERAIS
2002,1041,TAMG,TRIBUNAL DE ALCADA DO ESTADO DE MINAS GERAIS
2002,1051,TJMMG,TRIBUNAL DE JUSTICA MILITAR DO ESTADO DE MINAS GERAIS
2002,1071,GABINETE MILITAR,GABINETE MILITAR DO GOVERNADOR DO ESTADO DE MINAS GERAIS
2002,1081,PGE,PROCURADORIA GERAL DO ESTADO DE MINAS GERAIS
2002,1091,PGJ,PROCURADORIA GERAL DE JUSTICA
2002,1111,ERBR,ESCRITORIO DE REPRESENTACAO DO GOVERNO DO ESTADO DE MINAS GERAIS EM BRASILIA
2002,1121,SCC,SECRETARIA DE ESTADO DA CASA CIVIL DO ESTADO DE MINAS GERAIS
2002,1141,ERRJ,ESCRITORIO DE REPRESENTACAO DO GOVERNO DO ESTADO DE MINAS GERAIS NO RIO DE JANEIRO
2002,1161,ERSP,ESCRITORIO  DE REPRESENTACAO DO GOVERNO DO ESTADO DE MINAS GERAIS EM SAO PAULO
2002,1171,SERHA,SECRETARIA DE ESTADO DE RECURSOS HUMANOS E ADMINISTRACAO
2002,1191,SEF,SECRETARIA DE ESTADO DE FAZENDA
2002,1201,SEPLAN,SECRETARIA DE ESTADO DE PLANEJAMENTO E COORDENACAO GERAL
2002,1211,SEJ,SECRETARIA DE ESTADO DA JUSTICA E DE DIREITOS HUMANOS
2002,1221,SECTES,SECRETARIA DE ESTADO DE CIENCIA E  TECNOLOGIA
2002,1231,SEAPA,"SECRETARIA DE ESTADO DE AGRICULTURA, PECUARIA E ABASTECIMENTO"
2002,1241,SESP,SECRETARIA DE ESTADO DA SEGURANCA PUBLICA
2002,1251,PMMG,POLICIA MILITAR DO ESTADO DE MINAS GERAIS
2002,1261,SEE,SECRETARIA DE ESTADO DE EDUCACAO
2002,1271,SEC,SECRETARIA DE ESTADO DE CULTURA
2002,1281,SEC.ESPORTES,SECRETARIA DE ESTADO DE ESPORTES
2002,1291,SME,SECRETARIA DE ESTADO DE MINAS E ENERGIA
2002,1301,SETOP,SECRETARIA DE ESTADO DE TRANSPORTES E OBRAS PUBLICAS
2002,1311,SEIC,SECRETARIA DE ESTADO DE INDUSTRIA E COMERCIO
2002,1321,SES,SECRETARIA DE ESTADO DE SAUDE
2002,1341,CAAPD,COORDENADORIA DE APOIO E ASSISTENCIA A PESSOA DEFICIENTE
2002,1351,SEHDU,SECRETARIA DE ESTADO DE HABITACAO E DESENVOLVIMENTO URBANO
2002,1371,SEMAD,SECRETARIA DE ESTADO DE MEIO AMBIENTE E DESENVOLVIMENTO SUSTENTAVEL
2002,1381,SETASCAD,"SECRETARIA ESTADO TRABALHO,ASSIST.SOCIAL,CRIANCA E ADOLESCENTE"
2002,1401,CBMMG,CORPO DE BOMBEIROS MILITAR DE MINAS GERAIS
2002,1411,SETUR,SECRETARIA DE ESTADO DE TURISMO
2002,1421,SECOM,SECRETARIA DE ESTADO DA COMUNICACAO SOCIAL
2002,1431,SEGAM,SECRETARIA DE ESTADO DE GOVERNO E DE ASSUNTOS MUNICIPAIS
2002,1911,EGE-SEF,EGE SEC.FAZENDA-ENCARGOS DIVERSOS
2002,1915,TRANSF EMPRESAS,TRANSFERENCIAS DO ESTADO A EMPRESAS
2002,1921,SEPLAN/PROG.DIVERSOS,EGE SEPLAN - PROGRAMAS DIVERSOS
2002,1931,EGE/SERHA,EGE SEC.REC.HUMANOS E ADMINISTRACAO-OUTROS ENCARGOS
2002,2011,IPSEMG,INSTITUTO DE PREVIDENCIA DOS SERVIDORES DO ESTADO DE MINAS GERAIS
2002,2041,LEMG,LOTERIA DO ESTADO DE MINAS GERAIS
2002,2051,CODEVALE,COMISSAO DE DESENVOLVIMENTO DO VALE DO JEQUITINHONHA
2002,2061,FJP,FUNDACAO JOAO PINHEIRO
2002,2071,FAPEMIG,FUNDACAO DE AMPARO A PESQUISA DO ESTADO DE MINAS GERAIS
2002,2081,CETEC,FUNDACAO CENTRO TECNOLOGICO DE MINAS GERAIS
2002,2091,FEAM,FUNDACAO ESTADUAL DO MEIO AMBIENTE
2002,2101,IEF,INSTITUTO ESTADUAL DE FLORESTAS
2002,2111,RURALMINAS,FUNDACAO RURAL MINEIRA - RURALMINAS
2002,2121,IPSM,INSTITUTO DE PREVIDENCIA DOS SERVIDORES MILITARES DO ESTADO DE MINAS GERAIS
2002,2141,DEOP,DEPARTAMENTO DE OBRAS PUBLICAS DO ESTADO DE MINAS GERAIS
2002,2151,FHA,FUNDACAO HELENA ANTIPOFF
2002,2161,FUCAM,FUNDACAO EDUCACIONAL CAIO MARTINS
2002,2171,FAOP,FUNDACAO DE ARTE DE OURO PRETO
2002,2181,FCS,FUNDACAO CLOVIS SALGADO
2002,2201,IEPHA,INSTITUTO ESTADUAL DO PATRIMONIO HISTORICO E ARTISTICO DE MINAS GERAIS - IEPHA
2002,2211,TV MINAS,FUNDACAO TV MINAS CULTURAL E EDUCATIVA
2002,2231,ADEMG,ADMINISTRACAO DE ESTADIOS DO ESTADO DE MINAS GERAIS
2002,2241,IGAM,INSTITUTO MINEIRO DE GESTAO DAS AGUAS
2002,2251,JUCEMG,JUNTA COMERCIAL DO ESTADO DE MINAS GERAIS
2002,2261,FUNED,FUNDACAO EZEQUIEL DIAS
2002,2271,FHEMIG,FUNDACAO HOSPITALAR DO ESTADO DE MINAS GERAIS
2002,2281,UTRAMIG,FUNDACAO DE EDUCACAO PARA O TRABALHO DE MINAS GERAIS
2002,2301,DER/MG,DEPARTAMENTO DE ESTRADAS DE RODAGEM DO ESTADO DE MINAS GERAIS
2002,2311,UNIMONTES,UNIVERSIDADE ESTADUAL DE MONTES CLAROS
2002,2321,HEMOMINAS,FUNDACAO CENTRO DE HEMATOLOGIA E HEMOTERAPIA DE MINAS GERAIS
2002,2331,IPEM/MG,INSTITUTO DE PESOS E MEDIDAS DO ESTADO DE MINAS GERAIS
2002,2351,UEMG,UNIVERSIDADE DO ESTADO DE MINAS GERAIS
2002,2361,IPLEMG,INSTITUTO DE PREVIDENCIA DO LEGISLATIVO DO ESTADO DE MINAS GERAIS
2002,2371,IMA,INSTITUTO MINEIRO DE AGROPECUARIA
2002,2381,DETEL,DEPARTAMENTO ESTADUAL DE TELECOMUNICACOES DE MINAS GERAIS
2002,2391,IO/MG,IMPRENSA OFICIAL DO ESTADO DE MINAS GERAIS
2002,2401,IGA,INSTITUTO DE GEOCIENCIAS APLICADAS
2002,2411,ITER,INSTITUTO DE TERRAS DO ESTADO DE MINAS GERAIS
2002,2421,IDENE,INSTITUTO DE DESENVOLVIMENTO DO NORTE E NORDESTE DE MINAS GERAIS
2002,3041,EMATER,EMPRESA DE ASSISTENCIA TECNICA E EXTENSAO RURAL DO ESTADO DE MINAS GERAIS
2002,3051,EPAMIG,EMPRESA DE PESQUISA AGROPECUARIA DE MINAS GERAIS
2002,3111,TURMINAS,EMPRESA MINEIRA DE TURISMO
2002,3151,RADIO,RADIO INCONFIDENCIA LTDA.
2002,4011,FDMM,FUNDO DE DESENVOLVIMENTO MINERO-METALURGICO
2002,4041,FUNDO JAIBA,FUNDO DE DESENVOLVIMENTO REGIONAL DO JAIBA
2002,4051,FIND,FUNDO DE INCENTIVO A INDUSTRIALIZACAO
2002,4061,FUNDO PRO-FLORESTA,FUNDO PRO-FLORESTA
2002,4091,FIA,FUNDO PARA A INFANCIA E A ADOLESCENCIA
2002,4101,FEH,FUNDO ESTADUAL DE HABITACAO
2002,4111,FUNDESE,FUNDO DE FOMENTO E DESENVOLVIMENTO SOCIOECONOMICO DO ESTADO DE MINAS GERAIS
2002,4121,FUNDHAB,FUNDO DE APOIO HABITACIONAL DA ASSEMBLEIA LEGISLATIVA DE MINAS GERAIS
2002,4141,FPE,FUNDO PENITENCIARIO ESTADUAL
2002,4171,FUNDERUR,FUNDO ESTADUAL DE DESENVOLVIMENTO RURAL
2002,4251,FEAS,FUNDO ESTADUAL DE ASSISTENCIA SOCIAL
2002,4261,FUNDIEST,FUNDO DE DESENVOLVIMENTO DE INDUSTRIAS ESTRATEGICAS
2002,4291,FES,FUNDO ESTADUAL DE SAUDE
2002,4381,FUNTRANS,FUNDO ESTADUAL DE DESENVOLVIMENTO DE TRANSPORTES
2002,4431,FUNPEMG,FUNDO DE PREVIDENCIA DO ESTADO DE MINAS GERAIS
2002,9801,SEPLAG/FPC,FOLHA DE PESSOAL CENTRALIZADA
2002,9901,RECEITA GERAL DO ESTADO,RECEITA GERAL DO ESTADO
2002,9999,EMG - ADM. DIRETA,EMG - ADMINISTRACAO DIRETA
2003,1011,ALEMG,ASSEMBLEIA LEGISLATIVA DO ESTADO DE MINAS GERAIS
2003,1021,TCEMG,TRIBUNAL DE CONTAS DO ESTADO DE MINAS GERAIS
2003,1031,TJMG,TRIBUNAL DE JUSTICA DO ESTADO DE MINAS GERAIS
2003,1041,TAMG,TRIBUNAL DE ALCADA DO ESTADO DE MINAS GERAIS
2003,1051,TJMMG,TRIBUNAL DE JUSTICA MILITAR DO ESTADO DE MINAS GERAIS
2003,1071,GABINETE MILITAR,GABINETE MILITAR DO GOVERNADOR DO ESTADO DE MINAS GERAIS
2003,1081,AGE,ADVOCACIA-GERAL DO ESTADO
2003,1091,PGJ,PROCURADORIA GERAL DE JUSTICA
2003,1111,ERBR,ESCRITORIO DE REPRESENTACAO DO GOVERNO DO ESTADO DE MINAS GERAIS EM BRASILIA
2003,1121,SCC,SECRETARIA DE ESTADO DA CASA CIVIL DO ESTADO DE MINAS GERAIS
2003,1141,ERRJ,ESCRITORIO DE REPRESENTACAO DO GOVERNO DO ESTADO DE MINAS GERAIS NO RIO DE JANEIRO
2003,1161,ERSP,ESCRITORIO  DE REPRESENTACAO DO GOVERNO DO ESTADO DE MINAS GERAIS EM SAO PAULO
2003,1171,SERHA,SECRETARIA DE ESTADO DE RECURSOS HUMANOS E ADMINISTRACAO
2003,1191,SEF,SECRETARIA DE ESTADO DE FAZENDA
2003,1201,SEPLAN,SECRETARIA DE ESTADO DE PLANEJAMENTO E COORDENACAO GERAL
2003,1211,SEJ,SECRETARIA DE ESTADO DA JUSTICA E DE DIREITOS HUMANOS
2003,1221,SECTES,"SECRETARIA DE ESTADO DE CIENCIA, TECNOLOGIA E ENSINO SUPERIOR"
2003,1231,SEAPA,"SECRETARIA DE ESTADO DE AGRICULTURA, PECUARIA E ABASTECIMENTO"
2003,1241,SESP,SECRETARIA DE ESTADO DA SEGURANCA PUBLICA
2003,1251,PMMG,POLICIA MILITAR DO ESTADO DE MINAS GERAIS
2003,1261,SEE,SECRETARIA DE ESTADO DE EDUCACAO
2003,1271,SEC,SECRETARIA DE ESTADO DE CULTURA
2003,1281,SEC.ESPORTES,SECRETARIA DE ESTADO DE ESPORTES
2003,1291,SME,SECRETARIA DE ESTADO DE MINAS E ENERGIA
2003,1301,SETOP,SECRETARIA DE ESTADO DE TRANSPORTES E OBRAS PUBLICAS
2003,1311,SEIC,SECRETARIA DE ESTADO DE INDUSTRIA E COMERCIO
2003,1321,SES,SECRETARIA DE ESTADO DE SAUDE
2003,1341,CAAPD,COORDENADORIA DE APOIO E ASSISTENCIA A PESSOA DEFICIENTE
2003,1351,SEHDU,SECRETARIA DE ESTADO DE HABITACAO E DESENVOLVIMENTO URBANO
2003,1371,SEMAD,SECRETARIA DE ESTADO DE MEIO AMBIENTE E DESENVOLVIMENTO SUSTENTAVEL
2003,1381,SETASCAD,"SECRETARIA ESTADO TRABALHO,ASSIST.SOCIAL,CRIANCA E ADOLESCENTE"
2003,1401,CBMMG,CORPO DE BOMBEIROS MILITAR DO ESTADO DE MINAS GERAIS
2003,1411,SETUR,SECRETARIA DE ESTADO DE TURISMO
2003,1421,SECOM,SECRETARIA DE ESTADO DA COMUNICACAO SOCIAL
2003,1431,SEGAM,SECRETARIA DE ESTADO DE GOVERNO E DE ASSUNTOS MUNICIPAIS
2003,1441,DEF PUB,DEFENSORIA PUBLICA DO ESTADO DE MINAS GERAIS
2003,1451,SEDS,SECRETARIA DE ESTADO DE DEFESA SOCIAL
2003,1461,SEDE,SECRETARIA DE ESTADO DE DESENVOLVIMENTO ECONOMICO
2003,1471,SEDRU,SECRETARIA DE ESTADO DE DESENVOLVIMENTO REGIONAL E POLITICA URBANA
2003,1481,SEDESE,SECRETARIA DE ESTADO DE DESENVOLVIMENTO SOCIAL E ESPORTES
2003,1491,SEGOV,SECRETARIA DE ESTADO DE GOVERNO
2003,1501,SEPLAG,SECRETARIA DE ESTADO DE PLANEJAMENTO E GESTAO
2003,1511,PCMG,POLICIA CIVIL DO ESTADO DE MINAS GERAIS
2003,1521,CGE,AUDITORIA-GERAL DO ESTADO DE MINAS GERAIS
2003,1911,EGE-SEF,EGE SEC.FAZENDA-ENCARGOS DIVERSOS
2003,1915,TRANSF EMPRESAS,TRANSFERENCIAS DO ESTADO A EMPRESAS
2003,1921,SEPLAN/PROG.DIVERSOS,EGE SEPLAN - PROGRAMAS DIVERSOS
2003,1931,EGE/SERHA,EGE SEC.REC.HUMANOS E ADMINISTRACAO-OUTROS ENCARGOS
2003,1941,EGE-SEPLAG,EGE-SECRETARIA DE ESTADO DE PLANEJAMENTO E GESTAO
2003,1991,R CONTING,RESERVA DE CONTINGENCIA
2003,2011,IPSEMG,INSTITUTO DE PREVIDENCIA DOS SERVIDORES DO ESTADO DE MINAS GERAIS
2003,2041,LEMG,LOTERIA DO ESTADO DE MINAS GERAIS
2003,2061,FJP,FUNDACAO JOAO PINHEIRO
2003,2071,FAPEMIG,FUNDACAO DE AMPARO A PESQUISA DO ESTADO DE MINAS GERAIS
2003,2081,CETEC,FUNDACAO CENTRO TECNOLOGICO DE MINAS GERAIS
2003,2091,FEAM,FUNDACAO ESTADUAL DO MEIO AMBIENTE
2003,2101,IEF,INSTITUTO ESTADUAL DE FLORESTAS
2003,2111,RURALMINAS,FUNDACAO RURAL MINEIRA - RURALMINAS
2003,2121,IPSM,INSTITUTO DE PREVIDENCIA DOS SERVIDORES MILITARES DO ESTADO DE MINAS GERAIS
2003,2141,DEOP,DEPARTAMENTO DE OBRAS PUBLICAS DO ESTADO DE MINAS GERAIS
2003,2151,FHA,FUNDACAO HELENA ANTIPOFF
2003,2161,FUCAM,FUNDACAO EDUCACIONAL CAIO MARTINS
2003,2171,FAOP,FUNDACAO DE ARTE DE OURO PRETO
2003,2181,FCS,FUNDACAO CLOVIS SALGADO
2003,2201,IEPHA,INSTITUTO ESTADUAL DO PATRIMONIO HISTORICO E ARTISTICO DE MINAS GERAIS - IEPHA
2003,2211,TV MINAS,FUNDACAO TV MINAS CULTURAL E EDUCATIVA
2003,2231,ADEMG,ADMINISTRACAO DE ESTADIOS DO ESTADO DE MINAS GERAIS
2003,2241,IGAM,INSTITUTO MINEIRO DE GESTAO DAS AGUAS
2003,2251,JUCEMG,JUNTA COMERCIAL DO ESTADO DE MINAS GERAIS
2003,2261,FUNED,FUNDACAO EZEQUIEL DIAS
2003,2271,FHEMIG,FUNDACAO HOSPITALAR DO ESTADO DE MINAS GERAIS
2003,2281,UTRAMIG,FUNDACAO DE EDUCACAO PARA O TRABALHO DE MINAS GERAIS
2003,2301,DER/MG,DEPARTAMENTO DE ESTRADAS DE RODAGEM DO ESTADO DE MINAS GERAIS
2003,2311,UNIMONTES,UNIVERSIDADE ESTADUAL DE MONTES CLAROS
2003,2321,HEMOMINAS,FUNDACAO CENTRO DE HEMATOLOGIA E HEMOTERAPIA DE MINAS GERAIS
2003,2331,IPEM/MG,INSTITUTO DE PESOS E MEDIDAS DO ESTADO DE MINAS GERAIS
2003,2351,UEMG,UNIVERSIDADE DO ESTADO DE MINAS GERAIS
2003,2361,IPLEMG,INSTITUTO DE PREVIDENCIA DO LEGISLATIVO DO ESTADO DE MINAS GERAIS
2003,2371,IMA,INSTITUTO MINEIRO DE AGROPECUARIA
2003,2381,DETEL,DEPARTAMENTO ESTADUAL DE TELECOMUNICACOES DE MINAS GERAIS
2003,2391,IO/MG,IMPRENSA OFICIAL DO ESTADO DE MINAS GERAIS
2003,2401,IGA,INSTITUTO DE GEOCIENCIAS APLICADAS
2003,2411,ITER,INSTITUTO DE TERRAS DO ESTADO DE MINAS GERAIS
2003,2421,IDENE,INSTITUTO DE DESENVOLVIMENTO DO NORTE E NORDESTE DE MINAS GERAIS
2003,3041,EMATER,EMPRESA DE ASSISTENCIA TECNICA E EXTENSAO RURAL DO ESTADO DE MINAS GERAIS
2003,3051,EPAMIG,EMPRESA DE PESQUISA AGROPECUARIA DE MINAS GERAIS
2003,3111,TURMINAS,EMPRESA MINEIRA DE TURISMO
2003,3151,RADIO,RADIO INCONFIDENCIA LTDA.
2003,4011,FDMM,FUNDO DE DESENVOLVIMENTO MINERO-METALURGICO
2003,4041,FUNDO JAIBA,FUNDO DE DESENVOLVIMENTO REGIONAL DO JAIBA
2003,4051,FIND,FUNDO DE INCENTIVO A INDUSTRIALIZACAO
2003,4061,FUNDO PRO-FLORESTA,FUNDO PRO-FLORESTA
2003,4091,FIA,FUNDO PARA A INFANCIA E A ADOLESCENCIA
2003,4101,FEH,FUNDO ESTADUAL DE HABITACAO
2003,4111,FUNDESE,FUNDO DE FOMENTO E DESENVOLVIMENTO SOCIOECONOMICO DO ESTADO DE MINAS GERAIS
2003,4121,FUNDHAB,FUNDO DE APOIO HABITACIONAL DA ASSEMBLEIA LEGISLATIVA DE MINAS GERAIS
2003,4141,FPE,FUNDO PENITENCIARIO ESTADUAL
2003,4151,FASTUR,FUNDO DE ASSISTENCIA AO TURISMO
2003,4171,FUNDERUR,FUNDO ESTADUAL DE DESENVOLVIMENTO RURAL
2003,4181,FUNDECOM,FUNDO ESTADUAL DE  DESENVOLVIMENTO DE COMUNIDADES
2003,4251,FEAS,FUNDO ESTADUAL DE ASSISTENCIA SOCIAL
2003,4261,FUNDIEST,FUNDO DE DESENVOLVIMENTO DE INDUSTRIAS ESTRATEGICAS
2003,4271,FEAIC,FUNDO ESTADUAL DE APOIO A INDUSTRIA CINEMATOGRAFICA
2003,4291,FES,FUNDO ESTADUAL DE SAUDE
2003,4321,FUNPREN,"FUNDO ESTADUAL DE PREVENCAO, FISCALIZACAO E REPRESSAO DE ENTORPECENTES"
2003,4331,FDM,FUNDO DE DESENVOLVIMENTO METROPOLITANO
2003,4341,FHIDRO,"FUNDO DE RECUPERACAO, PROTECAO E DESENVOLVIMENTO SUSTENTAVEL DAS BACIAS HIDROGRAFICAS DO ESTADO MG"
2003,4381,FUNTRANS,FUNDO ESTADUAL DE DESENVOLVIMENTO DE TRANSPORTES
2003,4391,FUNPAT,"FUNDO ESTADUAL DE RECUPERACAO DO PATRIMONIO HISTORICO, ARTISTICO E ARQUITETONICO"
2003,4401,FEPDH,FUNDO ESTADUAL DE PROMOCAO DOS DIREITOS HUMANOS
2003,4411,F.FOM.AGRI,FUNDO ROTATIVO DE FOMENTO A AGRICULTURA FAMILIAR E DE VIABILIZACAO DE ASSENTAMENTOS AGRARIOS
2003,4421,FUNDIF,FUNDO ESTADUAL DE DEFESA DE DIREITOS DIFUSOS
2003,4431,FUNPEMG,FUNDO DE PREVIDENCIA DO ESTADO DE MINAS GERAIS
2003,9801,SEPLAG/FPC,FOLHA DE PESSOAL CENTRALIZADA
2003,9999,EMG - ADM. DIRETA,EMG - ADMINISTRACAO DIRETA
2004,1011,ALEMG,ASSEMBLEIA LEGISLATIVA DO ESTADO DE MINAS GERAIS
2004,1021,TCEMG,TRIBUNAL DE CONTAS DO ESTADO DE MINAS GERAIS
2004,1031,TJMG,TRIBUNAL DE JUSTICA DO ESTADO DE MINAS GERAIS
2004,1041,TAMG,TRIBUNAL DE ALCADA DO ESTADO DE MINAS GERAIS
2004,1051,TJMMG,TRIBUNAL DE JUSTICA MILITAR DO ESTADO DE MINAS GERAIS
2004,1071,GABINETE MILITAR,GABINETE MILITAR DO GOVERNADOR DO ESTADO DE MINAS GERAIS
2004,1081,AGE,ADVOCACIA-GERAL DO ESTADO
2004,1091,PGJ,PROCURADORIA GERAL DE JUSTICA
2004,1111,ERBR,ESCRITORIO DE REPRESENTACAO DO GOVERNO DO ESTADO DE MINAS GERAIS EM BRASILIA
2004,1141,ERRJ,ESCRITORIO DE REPRESENTACAO DO GOVERNO DO ESTADO DE MINAS GERAIS NO RIO DE JANEIRO
2004,1161,ERSP,ESCRITORIO  DE REPRESENTACAO DO GOVERNO DO ESTADO DE MINAS GERAIS EM SAO PAULO
2004,1191,SEF,SECRETARIA DE ESTADO DE FAZENDA
2004,1221,SECTES,"SECRETARIA DE ESTADO DE CIENCIA, TECNOLOGIA E ENSINO SUPERIOR"
2004,1231,SEAPA,"SECRETARIA DE ESTADO DE AGRICULTURA, PECUARIA E ABASTECIMENTO"
2004,1251,PMMG,POLICIA MILITAR DO ESTADO DE MINAS GERAIS
2004,1261,SEE,SECRETARIA DE ESTADO DE EDUCACAO
2004,1271,SEC,SECRETARIA DE ESTADO DE CULTURA
2004,1301,SETOP,SECRETARIA DE ESTADO DE TRANSPORTES E OBRAS PUBLICAS
2004,1321,SES,SECRETARIA DE ESTADO DE SAUDE
2004,1341,CAAPD,COORDENADORIA DE APOIO E ASSISTENCIA A PESSOA DEFICIENTE
2004,1371,SEMAD,SECRETARIA DE ESTADO DE MEIO AMBIENTE E DESENVOLVIMENTO SUSTENTAVEL
2004,1401,CBMMG,CORPO DE BOMBEIROS MILITAR DO ESTADO DE MINAS GERAIS
2004,1411,SETUR,SECRETARIA DE ESTADO DE TURISMO
2004,1441,DEF PUB,DEFENSORIA PUBLICA DO ESTADO DE MINAS GERAIS
2004,1451,SEDS,SECRETARIA DE ESTADO DE DEFESA SOCIAL
2004,1461,SEDE,SECRETARIA DE ESTADO DE DESENVOLVIMENTO ECONOMICO
2004,1471,SEDRU,SECRETARIA DE ESTADO DE DESENVOLVIMENTO REGIONAL E POLITICA URBANA
2004,1481,SEDESE,SECRETARIA DE ESTADO DE DESENVOLVIMENTO SOCIAL E ESPORTES
2004,1491,SEGOV,SECRETARIA DE ESTADO DE GOVERNO
2004,1501,SEPLAG,SECRETARIA DE ESTADO DE PLANEJAMENTO E GESTAO
2004,1511,PCMG,POLICIA CIVIL DO ESTADO DE MINAS GERAIS
2004,1521,CGE,AUDITORIA-GERAL DO ESTADO DE MINAS GERAIS
2004,1911,EGE-SEF,EGE SEC.FAZENDA-ENCARGOS DIVERSOS
2004,1915,TRANSF EMPRESAS,TRANSFERENCIAS DO ESTADO A EMPRESAS
2004,1941,EGE-SEPLAG,EGE-SECRETARIA DE ESTADO DE PLANEJAMENTO E GESTAO
2004,1991,R CONTING,RESERVA DE CONTINGENCIA
2004,2011,IPSEMG,INSTITUTO DE PREVIDENCIA DOS SERVIDORES DO ESTADO DE MINAS GERAIS
2004,2041,LEMG,LOTERIA DO ESTADO DE MINAS GERAIS
2004,2061,FJP,FUNDACAO JOAO PINHEIRO
2004,2071,FAPEMIG,FUNDACAO DE AMPARO A PESQUISA DO ESTADO DE MINAS GERAIS
2004,2081,CETEC,FUNDACAO CENTRO TECNOLOGICO DE MINAS GERAIS
2004,2091,FEAM,FUNDACAO ESTADUAL DO MEIO AMBIENTE
2004,2101,IEF,INSTITUTO ESTADUAL DE FLORESTAS
2004,2111,RURALMINAS,FUNDACAO RURAL MINEIRA - RURALMINAS
2004,2121,IPSM,INSTITUTO DE PREVIDENCIA DOS SERVIDORES MILITARES DO ESTADO DE MINAS GERAIS
2004,2141,DEOP,DEPARTAMENTO DE OBRAS PUBLICAS DO ESTADO DE MINAS GERAIS
2004,2151,FHA,FUNDACAO HELENA ANTIPOFF
2004,2161,FUCAM,FUNDACAO EDUCACIONAL CAIO MARTINS
2004,2171,FAOP,FUNDACAO DE ARTE DE OURO PRETO
2004,2181,FCS,FUNDACAO CLOVIS SALGADO
2004,2201,IEPHA,INSTITUTO ESTADUAL DO PATRIMONIO HISTORICO E ARTISTICO DE MINAS GERAIS - IEPHA
2004,2211,TV MINAS,FUNDACAO TV MINAS CULTURAL E EDUCATIVA
2004,2231,ADEMG,ADMINISTRACAO DE ESTADIOS DO ESTADO DE MINAS GERAIS
2004,2241,IGAM,INSTITUTO MINEIRO DE GESTAO DAS AGUAS
2004,2251,JUCEMG,JUNTA COMERCIAL DO ESTADO DE MINAS GERAIS
2004,2261,FUNED,FUNDACAO EZEQUIEL DIAS
2004,2271,FHEMIG,FUNDACAO HOSPITALAR DO ESTADO DE MINAS GERAIS
2004,2281,UTRAMIG,FUNDACAO DE EDUCACAO PARA O TRABALHO DE MINAS GERAIS
2004,2301,DER/MG,DEPARTAMENTO DE ESTRADAS DE RODAGEM DO ESTADO DE MINAS GERAIS
2004,2311,UNIMONTES,UNIVERSIDADE ESTADUAL DE MONTES CLAROS
2004,2321,HEMOMINAS,FUNDACAO CENTRO DE HEMATOLOGIA E HEMOTERAPIA DE MINAS GERAIS
2004,2331,IPEM/MG,INSTITUTO DE PESOS E MEDIDAS DO ESTADO DE MINAS GERAIS
2004,2351,UEMG,UNIVERSIDADE DO ESTADO DE MINAS GERAIS
2004,2361,IPLEMG,INSTITUTO DE PREVIDENCIA DO LEGISLATIVO DO ESTADO DE MINAS GERAIS
2004,2371,IMA,INSTITUTO MINEIRO DE AGROPECUARIA
2004,2381,DETEL,DEPARTAMENTO ESTADUAL DE TELECOMUNICACOES DE MINAS GERAIS
2004,2391,IO/MG,IMPRENSA OFICIAL DO ESTADO DE MINAS GERAIS
2004,2401,IGA,INSTITUTO DE GEOCIENCIAS APLICADAS
2004,2411,ITER,INSTITUTO DE TERRAS DO ESTADO DE MINAS GERAIS
2004,2421,IDENE,INSTITUTO DE DESENVOLVIMENTO DO NORTE E NORDESTE DE MINAS GERAIS
2004,3041,EMATER,EMPRESA DE ASSISTENCIA TECNICA E EXTENSAO RURAL DO ESTADO DE MINAS GERAIS
2004,3051,EPAMIG,EMPRESA DE PESQUISA AGROPECUARIA DE MINAS GERAIS
2004,3111,TURMINAS,EMPRESA MINEIRA DE TURISMO
2004,3151,RADIO,RADIO INCONFIDENCIA LTDA.
2004,4011,FDMM,FUNDO DE DESENVOLVIMENTO MINERO-METALURGICO
2004,4041,FUNDO JAIBA,FUNDO DE DESENVOLVIMENTO REGIONAL DO JAIBA
2004,4051,FIND,FUNDO DE INCENTIVO A INDUSTRIALIZACAO
2004,4061,FUNDO PRO-FLORESTA,FUNDO PRO-FLORESTA
2004,4091,FIA,FUNDO PARA A INFANCIA E A ADOLESCENCIA
2004,4101,FEH,FUNDO ESTADUAL DE HABITACAO
2004,4111,FUNDESE,FUNDO DE FOMENTO E DESENVOLVIMENTO SOCIOECONOMICO DO ESTADO DE MINAS GERAIS
2004,4121,FUNDHAB,FUNDO DE APOIO HABITACIONAL DA ASSEMBLEIA LEGISLATIVA DE MINAS GERAIS
2004,4141,FPE,FUNDO PENITENCIARIO ESTADUAL
2004,4151,FASTUR,FUNDO DE ASSISTENCIA AO TURISMO
2004,4171,FUNDERUR,FUNDO ESTADUAL DE DESENVOLVIMENTO RURAL
2004,4181,FUNDECOM,FUNDO ESTADUAL DE  DESENVOLVIMENTO DE COMUNIDADES
2004,4251,FEAS,FUNDO ESTADUAL DE ASSISTENCIA SOCIAL
2004,4261,FUNDIEST,FUNDO DE DESENVOLVIMENTO DE INDUSTRIAS ESTRATEGICAS
2004,4271,FEAIC,FUNDO ESTADUAL DE APOIO A INDUSTRIA CINEMATOGRAFICA
2004,4291,FES,FUNDO ESTADUAL DE SAUDE
2004,4321,FUNPREN,"FUNDO ESTADUAL DE PREVENCAO, FISCALIZACAO E REPRESSAO DE ENTORPECENTES"
2004,4331,FDM,FUNDO DE DESENVOLVIMENTO METROPOLITANO
2004,4341,FHIDRO,"FUNDO DE RECUPERACAO, PROTECAO E DESENVOLVIMENTO SUSTENTAVEL DAS BACIAS HIDROGRAFICAS DO ESTADO MG"
2004,4381,FUNTRANS,FUNDO ESTADUAL DE DESENVOLVIMENTO DE TRANSPORTES
2004,4391,FUNPAT,"FUNDO ESTADUAL DE RECUPERACAO DO PATRIMONIO HISTORICO, ARTISTICO E ARQUITETONICO"
2004,4401,FEPDH,FUNDO ESTADUAL DE PROMOCAO DOS DIREITOS HUMANOS
2004,4411,F.FOM.AGRI,FUNDO ROTATIVO DE FOMENTO A AGRICULTURA FAMILIAR E DE VIABILIZACAO DE ASSENTAMENTOS AGRARIOS
2004,4421,FUNDIF,FUNDO ESTADUAL DE DEFESA DE DIREITOS DIFUSOS
2004,4431,FUNPEMG,FUNDO DE PREVIDENCIA DO ESTADO DE MINAS GERAIS
2004,4441,FUNEMP,FUNDO ESPECIAL DO MINISTERIO PUBLICO DO ESTADO DE MINAS GERAIS
2004,4451,FEPDC,FUNDO ESTADUAL DE PROTECAO E DEFESA DO CONSUMIDOR
2004,4461,FUNFIP,FUNDO FINANCEIRO DE PREVIDENCIA
2004,9801,SEPLAG/FPC,FOLHA DE PESSOAL CENTRALIZADA
2004,9999,EMG - ADM. DIRETA,EMG - ADMINISTRACAO DIRETA
2005,1011,ALEMG,ASSEMBLEIA LEGISLATIVA DO ESTADO DE MINAS GERAIS
2005,1021,TCEMG,TRIBUNAL DE CONTAS DO ESTADO DE MINAS GERAIS
2005,1031,TJMG,TRIBUNAL DE JUSTICA DO ESTADO DE MINAS GERAIS
2005,1041,TAMG,TRIBUNAL DE ALCADA DO ESTADO DE MINAS GERAIS
2005,1051,TJMMG,TRIBUNAL DE JUSTICA MILITAR DO ESTADO DE MINAS GERAIS
2005,1071,GABINETE MILITAR,GABINETE MILITAR DO GOVERNADOR DO ESTADO DE MINAS GERAIS
2005,1081,AGE,ADVOCACIA-GERAL DO ESTADO
2005,1091,PGJ,PROCURADORIA GERAL DE JUSTICA
2005,1101,OGE,OUVIDORIA-GERAL DO ESTADO DE MINAS GERAIS
2005,1111,ERBR,ESCRITORIO DE REPRESENTACAO DO GOVERNO DO ESTADO DE MINAS GERAIS EM BRASILIA
2005,1141,ERRJ,ESCRITORIO DE REPRESENTACAO DO GOVERNO DO ESTADO DE MINAS GERAIS NO RIO DE JANEIRO
2005,1161,ERSP,ESCRITORIO  DE REPRESENTACAO DO GOVERNO DO ESTADO DE MINAS GERAIS EM SAO PAULO
2005,1191,SEF,SECRETARIA DE ESTADO DE FAZENDA
2005,1221,SECTES,"SECRETARIA DE ESTADO DE CIENCIA, TECNOLOGIA E ENSINO SUPERIOR"
2005,1231,SEAPA,"SECRETARIA DE ESTADO DE AGRICULTURA, PECUARIA E ABASTECIMENTO"
2005,1251,PMMG,POLICIA MILITAR DO ESTADO DE MINAS GERAIS
2005,1261,SEE,SECRETARIA DE ESTADO DE EDUCACAO
2005,1271,SEC,SECRETARIA DE ESTADO DE CULTURA
2005,1301,SETOP,SECRETARIA DE ESTADO DE TRANSPORTES E OBRAS PUBLICAS
2005,1321,SES,SECRETARIA DE ESTADO DE SAUDE
2005,1341,CAAPD,COORDENADORIA DE APOIO E ASSISTENCIA A PESSOA DEFICIENTE
2005,1371,SEMAD,SECRETARIA DE ESTADO DE MEIO AMBIENTE E DESENVOLVIMENTO SUSTENTAVEL
2005,1401,CBMMG,CORPO DE BOMBEIROS MILITAR DO ESTADO DE MINAS GERAIS
2005,1411,SETUR,SECRETARIA DE ESTADO DE TURISMO
2005,1441,DEF PUB,DEFENSORIA PUBLICA DO ESTADO DE MINAS GERAIS
2005,1451,SEDS,SECRETARIA DE ESTADO DE DEFESA SOCIAL
2005,1461,SEDE,SECRETARIA DE ESTADO DE DESENVOLVIMENTO ECONOMICO
2005,1471,SEDRU,SECRETARIA DE ESTADO DE DESENVOLVIMENTO REGIONAL E POLITICA URBANA
2005,1481,SEDESE,SECRETARIA DE ESTADO DE DESENVOLVIMENTO SOCIAL E ESPORTES
2005,1491,SEGOV,SECRETARIA DE ESTADO DE GOVERNO
2005,1501,SEPLAG,SECRETARIA DE ESTADO DE PLANEJAMENTO E GESTAO
2005,1511,PCMG,POLICIA CIVIL DO ESTADO DE MINAS GERAIS
2005,1521,CGE,AUDITORIA-GERAL DO ESTADO DE MINAS GERAIS
2005,1911,EGE-SEF,EGE SEC.FAZENDA-ENCARGOS DIVERSOS
2005,1915,TRANSF EMPRESAS,TRANSFERENCIAS DO ESTADO A EMPRESAS
2005,1941,EGE-SEPLAG,EGE-SECRETARIA DE ESTADO DE PLANEJAMENTO E GESTAO
2005,1991,R CONTING,RESERVA DE CONTINGENCIA
2005,2011,IPSEMG,INSTITUTO DE PREVIDENCIA DOS SERVIDORES DO ESTADO DE MINAS GERAIS
2005,2041,LEMG,LOTERIA DO ESTADO DE MINAS GERAIS
2005,2061,FJP,FUNDACAO JOAO PINHEIRO
2005,2071,FAPEMIG,FUNDACAO DE AMPARO A PESQUISA DO ESTADO DE MINAS GERAIS
2005,2081,CETEC,FUNDACAO CENTRO TECNOLOGICO DE MINAS GERAIS
2005,2091,FEAM,FUNDACAO ESTADUAL DO MEIO AMBIENTE
2005,2101,IEF,INSTITUTO ESTADUAL DE FLORESTAS
2005,2111,RURALMINAS,FUNDACAO RURAL MINEIRA - RURALMINAS
2005,2121,IPSM,INSTITUTO DE PREVIDENCIA DOS SERVIDORES MILITARES DO ESTADO DE MINAS GERAIS
2005,2141,DEOP,DEPARTAMENTO DE OBRAS PUBLICAS DO ESTADO DE MINAS GERAIS
2005,2151,FHA,FUNDACAO HELENA ANTIPOFF
2005,2161,FUCAM,FUNDACAO EDUCACIONAL CAIO MARTINS
2005,2171,FAOP,FUNDACAO DE ARTE DE OURO PRETO
2005,2181,FCS,FUNDACAO CLOVIS SALGADO
2005,2201,IEPHA,INSTITUTO ESTADUAL DO PATRIMONIO HISTORICO E ARTISTICO DE MINAS GERAIS - IEPHA
2005,2211,TV MINAS,FUNDACAO TV MINAS CULTURAL E EDUCATIVA
2005,2231,ADEMG,ADMINISTRACAO DE ESTADIOS DO ESTADO DE MINAS GERAIS
2005,2241,IGAM,INSTITUTO MINEIRO DE GESTAO DAS AGUAS
2005,2251,JUCEMG,JUNTA COMERCIAL DO ESTADO DE MINAS GERAIS
2005,2261,FUNED,FUNDACAO EZEQUIEL DIAS
2005,2271,FHEMIG,FUNDACAO HOSPITALAR DO ESTADO DE MINAS GERAIS
2005,2281,UTRAMIG,FUNDACAO DE EDUCACAO PARA O TRABALHO DE MINAS GERAIS
2005,2301,DER/MG,DEPARTAMENTO DE ESTRADAS DE RODAGEM DO ESTADO DE MINAS GERAIS
2005,2311,UNIMONTES,UNIVERSIDADE ESTADUAL DE MONTES CLAROS
2005,2321,HEMOMINAS,FUNDACAO CENTRO DE HEMATOLOGIA E HEMOTERAPIA DE MINAS GERAIS
2005,2331,IPEM/MG,INSTITUTO DE PESOS E MEDIDAS DO ESTADO DE MINAS GERAIS
2005,2351,UEMG,UNIVERSIDADE DO ESTADO DE MINAS GERAIS
2005,2361,IPLEMG,INSTITUTO DE PREVIDENCIA DO LEGISLATIVO DO ESTADO DE MINAS GERAIS
2005,2371,IMA,INSTITUTO MINEIRO DE AGROPECUARIA
2005,2381,DETEL,DEPARTAMENTO ESTADUAL DE TELECOMUNICACOES DE MINAS GERAIS
2005,2391,IO/MG,IMPRENSA OFICIAL DO ESTADO DE MINAS GERAIS
2005,2401,IGA,INSTITUTO DE GEOCIENCIAS APLICADAS
2005,2411,ITER,INSTITUTO DE TERRAS DO ESTADO DE MINAS GERAIS
2005,2421,IDENE,INSTITUTO DE DESENVOLVIMENTO DO NORTE E NORDESTE DE MINAS GERAIS
2005,3041,EMATER,EMPRESA DE ASSISTENCIA TECNICA E EXTENSAO RURAL DO ESTADO DE MINAS GERAIS
2005,3051,EPAMIG,EMPRESA DE PESQUISA AGROPECUARIA DE MINAS GERAIS
2005,3151,RADIO,RADIO INCONFIDENCIA LTDA.
2005,4011,FDMM,FUNDO DE DESENVOLVIMENTO MINERO-METALURGICO
2005,4041,FUNDO JAIBA,FUNDO DE DESENVOLVIMENTO REGIONAL DO JAIBA
2005,4051,FIND,FUNDO DE INCENTIVO A INDUSTRIALIZACAO
2005,4061,FUNDO PRO-FLORESTA,FUNDO PRO-FLORESTA
2005,4091,FIA,FUNDO PARA A INFANCIA E A ADOLESCENCIA
2005,4101,FEH,FUNDO ESTADUAL DE HABITACAO
2005,4111,FUNDESE,FUNDO DE FOMENTO E DESENVOLVIMENTO SOCIOECONOMICO DO ESTADO DE MINAS GERAIS
2005,4121,FUNDHAB,FUNDO DE APOIO HABITACIONAL DA ASSEMBLEIA LEGISLATIVA DE MINAS GERAIS
2005,4141,FPE,FUNDO PENITENCIARIO ESTADUAL
2005,4151,FASTUR,FUNDO DE ASSISTENCIA AO TURISMO
2005,4171,FUNDERUR,FUNDO ESTADUAL DE DESENVOLVIMENTO RURAL
2005,4181,FUNDECOM,FUNDO ESTADUAL DE  DESENVOLVIMENTO DE COMUNIDADES
2005,4251,FEAS,FUNDO ESTADUAL DE ASSISTENCIA SOCIAL
2005,4261,FUNDIEST,FUNDO DE DESENVOLVIMENTO DE INDUSTRIAS ESTRATEGICAS
2005,4271,FEAIC,FUNDO ESTADUAL DE APOIO A INDUSTRIA CINEMATOGRAFICA
2005,4291,FES,FUNDO ESTADUAL DE SAUDE
2005,4321,FUNPREN,"FUNDO ESTADUAL DE PREVENCAO, FISCALIZACAO E REPRESSAO DE ENTORPECENTES"
2005,4331,FDM,FUNDO DE DESENVOLVIMENTO METROPOLITANO
2005,4341,FHIDRO,"FUNDO DE RECUPERACAO, PROTECAO E DESENVOLVIMENTO SUSTENTAVEL DAS BACIAS HIDROGRAFICAS DO ESTADO MG"
2005,4381,FUNTRANS,FUNDO ESTADUAL DE DESENVOLVIMENTO DE TRANSPORTES
2005,4391,FUNPAT,"FUNDO ESTADUAL DE RECUPERACAO DO PATRIMONIO HISTORICO, ARTISTICO E ARQUITETONICO"
2005,4401,FEPDH,FUNDO ESTADUAL DE PROMOCAO DOS DIREITOS HUMANOS
2005,4411,F.FOM.AGRI,FUNDO ROTATIVO DE FOMENTO A AGRICULTURA FAMILIAR E DE VIABILIZACAO DE ASSENTAMENTOS AGRARIOS
2005,4421,FUNDIF,FUNDO ESTADUAL DE DEFESA DE DIREITOS DIFUSOS
2005,4431,FUNPEMG,FUNDO DE PREVIDENCIA DO ESTADO DE MINAS GERAIS
2005,4441,FUNEMP,FUNDO ESPECIAL DO MINISTERIO PUBLICO DO ESTADO DE MINAS GERAIS
2005,4451,FEPDC,FUNDO ESTADUAL DE PROTECAO E DEFESA DO CONSUMIDOR
2005,4461,FUNFIP,FUNDO FINANCEIRO DE PREVIDENCIA
2005,4471,FUNDOMAQ,FUNDO MAQUINAS PARA O DESENVOLVIMENTO-FUNDOMAQ
2005,9801,SEPLAG/FPC,FOLHA DE PESSOAL CENTRALIZADA
2005,9999,EMG - ADM. DIRETA,EMG - ADMINISTRACAO DIRETA
2006,1011,ALEMG,ASSEMBLEIA LEGISLATIVA DO ESTADO DE MINAS GERAIS
2006,1021,TCEMG,TRIBUNAL DE CONTAS DO ESTADO DE MINAS GERAIS
2006,1031,TJMG,TRIBUNAL DE JUSTICA DO ESTADO DE MINAS GERAIS
2006,1051,TJMMG,TRIBUNAL DE JUSTICA MILITAR DO ESTADO DE MINAS GERAIS
2006,1071,GABINETE MILITAR,GABINETE MILITAR DO GOVERNADOR DO ESTADO DE MINAS GERAIS
2006,1081,AGE,ADVOCACIA-GERAL DO ESTADO
2006,1091,PGJ,PROCURADORIA GERAL DE JUSTICA
2006,1101,OGE,OUVIDORIA-GERAL DO ESTADO DE MINAS GERAIS
2006,1111,ERBR,ESCRITORIO DE REPRESENTACAO DO GOVERNO DO ESTADO DE MINAS GERAIS EM BRASILIA
2006,1141,ERRJ,ESCRITORIO DE REPRESENTACAO DO GOVERNO DO ESTADO DE MINAS GERAIS NO RIO DE JANEIRO
2006,1161,ERSP,ESCRITORIO  DE REPRESENTACAO DO GOVERNO DO ESTADO DE MINAS GERAIS EM SAO PAULO
2006,1191,SEF,SECRETARIA DE ESTADO DE FAZENDA
2006,1221,SECTES,"SECRETARIA DE ESTADO DE CIENCIA, TECNOLOGIA E ENSINO SUPERIOR"
2006,1231,SEAPA,"SECRETARIA DE ESTADO DE AGRICULTURA, PECUARIA E ABASTECIMENTO"
2006,1251,PMMG,POLICIA MILITAR DO ESTADO DE MINAS GERAIS
2006,1261,SEE,SECRETARIA DE ESTADO DE EDUCACAO
2006,1271,SEC,SECRETARIA DE ESTADO DE CULTURA
2006,1301,SETOP,SECRETARIA DE ESTADO DE TRANSPORTES E OBRAS PUBLICAS
2006,1321,SES,SECRETARIA DE ESTADO DE SAUDE
2006,1341,CAAPD,COORDENADORIA DE APOIO E ASSISTENCIA A PESSOA DEFICIENTE
2006,1371,SEMAD,SECRETARIA DE ESTADO DE MEIO AMBIENTE E DESENVOLVIMENTO SUSTENTAVEL
2006,1401,CBMMG,CORPO DE BOMBEIROS MILITAR DO ESTADO DE MINAS GERAIS
2006,1411,SETUR,SECRETARIA DE ESTADO DE TURISMO
2006,1441,DEF PUB,DEFENSORIA PUBLICA DO ESTADO DE MINAS GERAIS
2006,1451,SEDS,SECRETARIA DE ESTADO DE DEFESA SOCIAL
2006,1461,SEDE,SECRETARIA DE ESTADO DE DESENVOLVIMENTO ECONOMICO
2006,1471,SEDRU,SECRETARIA DE ESTADO DE DESENVOLVIMENTO REGIONAL E POLITICA URBANA
2006,1481,SEDESE,SECRETARIA DE ESTADO DE DESENVOLVIMENTO SOCIAL E ESPORTES
2006,1491,SEGOV,SECRETARIA DE ESTADO DE GOVERNO
2006,1501,SEPLAG,SECRETARIA DE ESTADO DE PLANEJAMENTO E GESTAO
2006,1511,PCMG,POLICIA CIVIL DO ESTADO DE MINAS GERAIS
2006,1521,CGE,AUDITORIA-GERAL DO ESTADO DE MINAS GERAIS
2006,1911,EGE-SEF,EGE SEC.FAZENDA-ENCARGOS DIVERSOS
2006,1915,TRANSF EMPRESAS,TRANSFERENCIAS DO ESTADO A EMPRESAS
2006,1941,EGE-SEPLAG,EGE-SECRETARIA DE ESTADO DE PLANEJAMENTO E GESTAO
2006,1991,R CONTING,RESERVA DE CONTINGENCIA
2006,2011,IPSEMG,INSTITUTO DE PREVIDENCIA DOS SERVIDORES DO ESTADO DE MINAS GERAIS
2006,2041,LEMG,LOTERIA DO ESTADO DE MINAS GERAIS
2006,2061,FJP,FUNDACAO JOAO PINHEIRO
2006,2071,FAPEMIG,FUNDACAO DE AMPARO A PESQUISA DO ESTADO DE MINAS GERAIS
2006,2081,CETEC,FUNDACAO CENTRO TECNOLOGICO DE MINAS GERAIS
2006,2091,FEAM,FUNDACAO ESTADUAL DO MEIO AMBIENTE
2006,2101,IEF,INSTITUTO ESTADUAL DE FLORESTAS
2006,2111,RURALMINAS,FUNDACAO RURAL MINEIRA - RURALMINAS
2006,2121,IPSM,INSTITUTO DE PREVIDENCIA DOS SERVIDORES MILITARES DO ESTADO DE MINAS GERAIS
2006,2141,DEOP,DEPARTAMENTO DE OBRAS PUBLICAS DO ESTADO DE MINAS GERAIS
2006,2151,FHA,FUNDACAO HELENA ANTIPOFF
2006,2161,FUCAM,FUNDACAO EDUCACIONAL CAIO MARTINS
2006,2171,FAOP,FUNDACAO DE ARTE DE OURO PRETO
2006,2181,FCS,FUNDACAO CLOVIS SALGADO
2006,2201,IEPHA,INSTITUTO ESTADUAL DO PATRIMONIO HISTORICO E ARTISTICO DE MINAS GERAIS - IEPHA
2006,2211,TV MINAS,FUNDACAO TV MINAS CULTURAL E EDUCATIVA
2006,2231,ADEMG,ADMINISTRACAO DE ESTADIOS DO ESTADO DE MINAS GERAIS
2006,2241,IGAM,INSTITUTO MINEIRO DE GESTAO DAS AGUAS
2006,2251,JUCEMG,JUNTA COMERCIAL DO ESTADO DE MINAS GERAIS
2006,2261,FUNED,FUNDACAO EZEQUIEL DIAS
2006,2271,FHEMIG,FUNDACAO HOSPITALAR DO ESTADO DE MINAS GERAIS
2006,2281,UTRAMIG,FUNDACAO DE EDUCACAO PARA O TRABALHO DE MINAS GERAIS
2006,2301,DER/MG,DEPARTAMENTO DE ESTRADAS DE RODAGEM DO ESTADO DE MINAS GERAIS
2006,2311,UNIMONTES,UNIVERSIDADE ESTADUAL DE MONTES CLAROS
2006,2321,HEMOMINAS,FUNDACAO CENTRO DE HEMATOLOGIA E HEMOTERAPIA DE MINAS GERAIS
2006,2331,IPEM/MG,INSTITUTO DE PESOS E MEDIDAS DO ESTADO DE MINAS GERAIS
2006,2351,UEMG,UNIVERSIDADE DO ESTADO DE MINAS GERAIS
2006,2361,IPLEMG,INSTITUTO DE PREVIDENCIA DO LEGISLATIVO DO ESTADO DE MINAS GERAIS
2006,2371,IMA,INSTITUTO MINEIRO DE AGROPECUARIA
2006,2381,DETEL,DEPARTAMENTO ESTADUAL DE TELECOMUNICACOES DE MINAS GERAIS
2006,2391,IO/MG,IMPRENSA OFICIAL DO ESTADO DE MINAS GERAIS
2006,2401,IGA,INSTITUTO DE GEOCIENCIAS APLICADAS
2006,2411,ITER,INSTITUTO DE TERRAS DO ESTADO DE MINAS GERAIS
2006,2421,IDENE,INSTITUTO DE DESENVOLVIMENTO DO NORTE E NORDESTE DE MINAS GERAIS
2006,3041,EMATER,EMPRESA DE ASSISTENCIA TECNICA E EXTENSAO RURAL DO ESTADO DE MINAS GERAIS
2006,3051,EPAMIG,EMPRESA DE PESQUISA AGROPECUARIA DE MINAS GERAIS
2006,3151,RADIO,RADIO INCONFIDENCIA LTDA.
2006,4011,FDMM,FUNDO DE DESENVOLVIMENTO MINERO-METALURGICO
2006,4041,FUNDO JAIBA,FUNDO DE DESENVOLVIMENTO REGIONAL DO JAIBA
2006,4051,FIND,FUNDO DE INCENTIVO A INDUSTRIALIZACAO
2006,4061,FUNDO PRO-FLORESTA,FUNDO PRO-FLORESTA
2006,4091,FIA,FUNDO PARA A INFANCIA E A ADOLESCENCIA
2006,4101,FEH,FUNDO ESTADUAL DE HABITACAO
2006,4111,FUNDESE,FUNDO DE FOMENTO E DESENVOLVIMENTO SOCIOECONOMICO DO ESTADO DE MINAS GERAIS
2006,4121,FUNDHAB,FUNDO DE APOIO HABITACIONAL DA ASSEMBLEIA LEGISLATIVA DE MINAS GERAIS
2006,4141,FPE,FUNDO PENITENCIARIO ESTADUAL
2006,4151,FASTUR,FUNDO DE ASSISTENCIA AO TURISMO
2006,4171,FUNDERUR,FUNDO ESTADUAL DE DESENVOLVIMENTO RURAL
2006,4181,FUNDECOM,FUNDO ESTADUAL DE  DESENVOLVIMENTO DE COMUNIDADES
2006,4251,FEAS,FUNDO ESTADUAL DE ASSISTENCIA SOCIAL
2006,4261,FUNDIEST,FUNDO DE DESENVOLVIMENTO DE INDUSTRIAS ESTRATEGICAS
2006,4271,FEAIC,FUNDO ESTADUAL DE APOIO A INDUSTRIA CINEMATOGRAFICA
2006,4291,FES,FUNDO ESTADUAL DE SAUDE
2006,4321,FUNPREN,"FUNDO ESTADUAL DE PREVENCAO, FISCALIZACAO E REPRESSAO DE ENTORPECENTES"
2006,4331,FDM,FUNDO DE DESENVOLVIMENTO METROPOLITANO
2006,4341,FHIDRO,"FUNDO DE RECUPERACAO, PROTECAO E DESENVOLVIMENTO SUSTENTAVEL DAS BACIAS HIDROGRAFICAS DO ESTADO MG"
2006,4381,FUNTRANS,FUNDO ESTADUAL DE DESENVOLVIMENTO DE TRANSPORTES
2006,4391,FUNPAT,"FUNDO ESTADUAL DE RECUPERACAO DO PATRIMONIO HISTORICO, ARTISTICO E ARQUITETONICO"
2006,4401,FEPDH,FUNDO ESTADUAL DE PROMOCAO DOS DIREITOS HUMANOS
2006,4411,F.FOM.AGRI,FUNDO ROTATIVO DE FOMENTO A AGRICULTURA FAMILIAR E DE VIABILIZACAO DE ASSENTAMENTOS AGRARIOS
2006,4421,FUNDIF,FUNDO ESTADUAL DE DEFESA DE DIREITOS DIFUSOS
2006,4431,FUNPEMG,FUNDO DE PREVIDENCIA DO ESTADO DE MINAS GERAIS
2006,4441,FUNEMP,FUNDO ESPECIAL DO MINISTERIO PUBLICO DO ESTADO DE MINAS GERAIS
2006,4451,FEPDC,FUNDO ESTADUAL DE PROTECAO E DEFESA DO CONSUMIDOR
2006,4461,FUNFIP,FUNDO FINANCEIRO DE PREVIDENCIA
2006,4471,FUNDOMAQ,FUNDO MAQUINAS PARA O DESENVOLVIMENTO-FUNDOMAQ
2006,4481,FUNDO PPP,FUNDO DE PARCERIAS PUBLICO-PRIVADAS DO ESTADO DE MINAS GERAIS
2006,4491,FEC,FUNDO ESTADUAL DE CULTURA
2006,4501,FUNDO DE EQUALIZACAO,FUNDO DE EQUALIZACAO DO ESTADO DE MINAS GERAIS
2006,4521,FUNDOMIC,FUNDO DE UNIVERSALIZACAO DO ACESSO A SERVICOS DE TELECOMUNICACAO EM MINAS GERAIS
2006,9801,SEPLAG/FPC,FOLHA DE PESSOAL CENTRALIZADA
2006,9999,EMG - ADM. DIRETA,EMG - ADMINISTRACAO DIRETA
2007,1011,ALEMG,ASSEMBLEIA LEGISLATIVA DO ESTADO DE MINAS GERAIS
2007,1021,TCEMG,TRIBUNAL DE CONTAS DO ESTADO DE MINAS GERAIS
2007,1031,TJMG,TRIBUNAL DE JUSTICA DO ESTADO DE MINAS GERAIS
2007,1051,TJMMG,TRIBUNAL DE JUSTICA MILITAR DO ESTADO DE MINAS GERAIS
2007,1071,GABINETE MILITAR,GABINETE MILITAR DO GOVERNADOR DO ESTADO DE MINAS GERAIS
2007,1081,AGE,ADVOCACIA-GERAL DO ESTADO
2007,1091,PGJ,PROCURADORIA GERAL DE JUSTICA
2007,1101,OGE,OUVIDORIA-GERAL DO ESTADO DE MINAS GERAIS
2007,1111,ERBR,ESCRITORIO DE REPRESENTACAO DO GOVERNO DO ESTADO DE MINAS GERAIS EM BRASILIA
2007,1141,ERRJ,ESCRITORIO DE REPRESENTACAO DO GOVERNO DO ESTADO DE MINAS GERAIS NO RIO DE JANEIRO
2007,1161,ERSP,ESCRITORIO  DE REPRESENTACAO DO GOVERNO DO ESTADO DE MINAS GERAIS EM SAO PAULO
2007,1191,SEF,SECRETARIA DE ESTADO DE FAZENDA
2007,1221,SECTES,"SECRETARIA DE ESTADO DE CIENCIA, TECNOLOGIA E ENSINO SUPERIOR"
2007,1231,SEAPA,"SECRETARIA DE ESTADO DE AGRICULTURA, PECUARIA E ABASTECIMENTO"
2007,1251,PMMG,POLICIA MILITAR DO ESTADO DE MINAS GERAIS
2007,1261,SEE,SECRETARIA DE ESTADO DE EDUCACAO
2007,1271,SEC,SECRETARIA DE ESTADO DE CULTURA
2007,1301,SETOP,SECRETARIA DE ESTADO DE TRANSPORTES E OBRAS PUBLICAS
2007,1321,SES,SECRETARIA DE ESTADO DE SAUDE
2007,1341,CAAPD,COORDENADORIA DE APOIO E ASSISTENCIA A PESSOA DEFICIENTE
2007,1371,SEMAD,SECRETARIA DE ESTADO DE MEIO AMBIENTE E DESENVOLVIMENTO SUSTENTAVEL
2007,1401,CBMMG,CORPO DE BOMBEIROS MILITAR DO ESTADO DE MINAS GERAIS
2007,1411,SETUR,SECRETARIA DE ESTADO DE TURISMO
2007,1441,DEF PUB,DEFENSORIA PUBLICA DO ESTADO DE MINAS GERAIS
2007,1451,SEDS,SECRETARIA DE ESTADO DE DEFESA SOCIAL
2007,1461,SEDE,SECRETARIA DE ESTADO DE DESENVOLVIMENTO ECONOMICO
2007,1471,SEDRU,SECRETARIA DE ESTADO DE DESENVOLVIMENTO REGIONAL E POLITICA URBANA
2007,1481,SEDESE,SECRETARIA DE ESTADO DE DESENVOLVIMENTO SOCIAL
2007,1491,SEGOV,SECRETARIA DE ESTADO DE GOVERNO
2007,1501,SEPLAG,SECRETARIA DE ESTADO DE PLANEJAMENTO E GESTAO
2007,1511,PCMG,POLICIA CIVIL DO ESTADO DE MINAS GERAIS
2007,1521,CGE,AUDITORIA-GERAL DO ESTADO DE MINAS GERAIS
2007,1531,SEEJ,SECRETARIA DE ESTADO DE ESPORTES E DA JUVENTUDE
2007,1541,ESP-MG,ESCOLA DE SAUDE PUBLICA DO ESTADO DE MINAS GERAIS
2007,1911,EGE-SEF,EGE SEC.FAZENDA-ENCARGOS DIVERSOS
2007,1915,TRANSF EMPRESAS,TRANSFERENCIAS DO ESTADO A EMPRESAS
2007,1941,EGE-SEPLAG,EGE-SECRETARIA DE ESTADO DE PLANEJAMENTO E GESTAO
2007,1991,R CONTING,RESERVA DE CONTINGENCIA
2007,2011,IPSEMG,INSTITUTO DE PREVIDENCIA DOS SERVIDORES DO ESTADO DE MINAS GERAIS
2007,2041,LEMG,LOTERIA DO ESTADO DE MINAS GERAIS
2007,2061,FJP,FUNDACAO JOAO PINHEIRO
2007,2071,FAPEMIG,FUNDACAO DE AMPARO A PESQUISA DO ESTADO DE MINAS GERAIS
2007,2081,CETEC,FUNDACAO CENTRO TECNOLOGICO DE MINAS GERAIS
2007,2091,FEAM,FUNDACAO ESTADUAL DO MEIO AMBIENTE
2007,2101,IEF,INSTITUTO ESTADUAL DE FLORESTAS
2007,2111,RURALMINAS,FUNDACAO RURAL MINEIRA - RURALMINAS
2007,2121,IPSM,INSTITUTO DE PREVIDENCIA DOS SERVIDORES MILITARES DO ESTADO DE MINAS GERAIS
2007,2141,DEOP,DEPARTAMENTO DE OBRAS PUBLICAS DO ESTADO DE MINAS GERAIS
2007,2151,FHA,FUNDACAO HELENA ANTIPOFF
2007,2161,FUCAM,FUNDACAO EDUCACIONAL CAIO MARTINS
2007,2171,FAOP,FUNDACAO DE ARTE DE OURO PRETO
2007,2181,FCS,FUNDACAO CLOVIS SALGADO
2007,2201,IEPHA,INSTITUTO ESTADUAL DO PATRIMONIO HISTORICO E ARTISTICO DE MINAS GERAIS - IEPHA
2007,2211,TV MINAS,FUNDACAO TV MINAS CULTURAL E EDUCATIVA
2007,2231,ADEMG,ADMINISTRACAO DE ESTADIOS DO ESTADO DE MINAS GERAIS
2007,2241,IGAM,INSTITUTO MINEIRO DE GESTAO DAS AGUAS
2007,2251,JUCEMG,JUNTA COMERCIAL DO ESTADO DE MINAS GERAIS
2007,2261,FUNED,FUNDACAO EZEQUIEL DIAS
2007,2271,FHEMIG,FUNDACAO HOSPITALAR DO ESTADO DE MINAS GERAIS
2007,2281,UTRAMIG,FUNDACAO DE EDUCACAO PARA O TRABALHO DE MINAS GERAIS
2007,2301,DER/MG,DEPARTAMENTO DE ESTRADAS DE RODAGEM DO ESTADO DE MINAS GERAIS
2007,2311,UNIMONTES,UNIVERSIDADE ESTADUAL DE MONTES CLAROS
2007,2321,HEMOMINAS,FUNDACAO CENTRO DE HEMATOLOGIA E HEMOTERAPIA DE MINAS GERAIS
2007,2331,IPEM/MG,INSTITUTO DE PESOS E MEDIDAS DO ESTADO DE MINAS GERAIS
2007,2351,UEMG,UNIVERSIDADE DO ESTADO DE MINAS GERAIS
2007,2361,IPLEMG,INSTITUTO DE PREVIDENCIA DO LEGISLATIVO DO ESTADO DE MINAS GERAIS
2007,2371,IMA,INSTITUTO MINEIRO DE AGROPECUARIA
2007,2381,DETEL,DEPARTAMENTO ESTADUAL DE TELECOMUNICACOES DE MINAS GERAIS
2007,2391,IO/MG,IMPRENSA OFICIAL DO ESTADO DE MINAS GERAIS
2007,2401,IGA,INSTITUTO DE GEOCIENCIAS APLICADAS
2007,2411,ITER,INSTITUTO DE TERRAS DO ESTADO DE MINAS GERAIS
2007,2421,IDENE,INSTITUTO DE DESENVOLVIMENTO DO NORTE E NORDESTE DE MINAS GERAIS
2007,3041,EMATER,EMPRESA DE ASSISTENCIA TECNICA E EXTENSAO RURAL DO ESTADO DE MINAS GERAIS
2007,3051,EPAMIG,EMPRESA DE PESQUISA AGROPECUARIA DE MINAS GERAIS
2007,3151,RADIO,RADIO INCONFIDENCIA LTDA.
2007,4041,FUNDO JAIBA,FUNDO DE DESENVOLVIMENTO REGIONAL DO JAIBA
2007,4061,FUNDO PRO-FLORESTA,FUNDO PRO-FLORESTA
2007,4091,FIA,FUNDO PARA A INFANCIA E A ADOLESCENCIA
2007,4101,FEH,FUNDO ESTADUAL DE HABITACAO
2007,4111,FUNDESE,FUNDO DE FOMENTO E DESENVOLVIMENTO SOCIOECONOMICO DO ESTADO DE MINAS GERAIS
2007,4121,FUNDHAB,FUNDO DE APOIO HABITACIONAL DA ASSEMBLEIA LEGISLATIVA DE MINAS GERAIS
2007,4141,FPE,FUNDO PENITENCIARIO ESTADUAL
2007,4151,FASTUR,FUNDO DE ASSISTENCIA AO TURISMO
2007,4171,FUNDERUR,FUNDO ESTADUAL DE DESENVOLVIMENTO RURAL
2007,4251,FEAS,FUNDO ESTADUAL DE ASSISTENCIA SOCIAL
2007,4291,FES,FUNDO ESTADUAL DE SAUDE
2007,4321,FUNPREN,"FUNDO ESTADUAL DE PREVENCAO, FISCALIZACAO E REPRESSAO DE ENTORPECENTES"
2007,4331,FDM,FUNDO DE DESENVOLVIMENTO METROPOLITANO
2007,4341,FHIDRO,"FUNDO DE RECUPERACAO, PROTECAO E DESENVOLVIMENTO SUSTENTAVEL DAS BACIAS HIDROGRAFICAS DO ESTADO MG"
2007,4381,FUNTRANS,FUNDO ESTADUAL DE DESENVOLVIMENTO DE TRANSPORTES
2007,4421,FUNDIF,FUNDO ESTADUAL DE DEFESA DE DIREITOS DIFUSOS
2007,4431,FUNPEMG,FUNDO DE PREVIDENCIA DO ESTADO DE MINAS GERAIS
2007,4441,FUNEMP,FUNDO ESPECIAL DO MINISTERIO PUBLICO DO ESTADO DE MINAS GERAIS
2007,4451,FEPDC,FUNDO ESTADUAL DE PROTECAO E DEFESA DO CONSUMIDOR
2007,4461,FUNFIP,FUNDO FINANCEIRO DE PREVIDENCIA
2007,4471,FUNDOMAQ,FUNDO MAQUINAS PARA O DESENVOLVIMENTO-FUNDOMAQ
2007,4481,FUNDO PPP,FUNDO DE PARCERIAS PUBLICO-PRIVADAS DO ESTADO DE MINAS GERAIS
2007,4491,FEC,FUNDO ESTADUAL DE CULTURA
2007,4501,FUNDO DE EQUALIZACAO,FUNDO DE EQUALIZACAO DO ESTADO DE MINAS GERAIS
2007,4511,FINDES,FUNDO DE INCENTIVO AO DESENVOLVIMENTO
2007,4521,FUNDOMIC,FUNDO DE UNIVERSALIZACAO DO ACESSO A SERVICOS DE TELECOMUNICACAO EM MINAS GERAIS
2007,9801,SEPLAG/FPC,FOLHA DE PESSOAL CENTRALIZADA
2007,9999,EMG - ADM. DIRETA,EMG - ADMINISTRACAO DIRETA
2008,1011,ALEMG,ASSEMBLEIA LEGISLATIVA DO ESTADO DE MINAS GERAIS
2008,1021,TCEMG,TRIBUNAL DE CONTAS DO ESTADO DE MINAS GERAIS
2008,1031,TJMG,TRIBUNAL DE JUSTICA DO ESTADO DE MINAS GERAIS
2008,1051,TJMMG,TRIBUNAL DE JUSTICA MILITAR DO ESTADO DE MINAS GERAIS
2008,1071,GABINETE MILITAR,GABINETE MILITAR DO GOVERNADOR DO ESTADO DE MINAS GERAIS
2008,1081,AGE,ADVOCACIA-GERAL DO ESTADO
2008,1091,PGJ,PROCURADORIA GERAL DE JUSTICA
2008,1101,OGE,OUVIDORIA-GERAL DO ESTADO DE MINAS GERAIS
2008,1111,ERBR,ESCRITORIO DE REPRESENTACAO DO GOVERNO DO ESTADO DE MINAS GERAIS EM BRASILIA
2008,1141,ERRJ,ESCRITORIO DE REPRESENTACAO DO GOVERNO DO ESTADO DE MINAS GERAIS NO RIO DE JANEIRO
2008,1161,ERSP,ESCRITORIO  DE REPRESENTACAO DO GOVERNO DO ESTADO DE MINAS GERAIS EM SAO PAULO
2008,1191,SEF,SECRETARIA DE ESTADO DE FAZENDA
2008,1221,SECTES,"SECRETARIA DE ESTADO DE CIENCIA, TECNOLOGIA E ENSINO SUPERIOR"
2008,1231,SEAPA,"SECRETARIA DE ESTADO DE AGRICULTURA, PECUARIA E ABASTECIMENTO"
2008,1251,PMMG,POLICIA MILITAR DO ESTADO DE MINAS GERAIS
2008,1261,SEE,SECRETARIA DE ESTADO DE EDUCACAO
2008,1271,SEC,SECRETARIA DE ESTADO DE CULTURA
2008,1301,SETOP,SECRETARIA DE ESTADO DE TRANSPORTES E OBRAS PUBLICAS
2008,1321,SES,SECRETARIA DE ESTADO DE SAUDE
2008,1371,SEMAD,SECRETARIA DE ESTADO DE MEIO AMBIENTE E DESENVOLVIMENTO SUSTENTAVEL
2008,1401,CBMMG,CORPO DE BOMBEIROS MILITAR DO ESTADO DE MINAS GERAIS
2008,1411,SETUR,SECRETARIA DE ESTADO DE TURISMO
2008,1441,DEF PUB,DEFENSORIA PUBLICA DO ESTADO DE MINAS GERAIS
2008,1451,SEDS,SECRETARIA DE ESTADO DE DEFESA SOCIAL
2008,1461,SEDE,SECRETARIA DE ESTADO DE DESENVOLVIMENTO ECONOMICO
2008,1471,SEDRU,SECRETARIA DE ESTADO DE DESENVOLVIMENTO REGIONAL E POLITICA URBANA
2008,1481,SEDESE,SECRETARIA DE ESTADO DE DESENVOLVIMENTO SOCIAL
2008,1491,SEGOV,SECRETARIA DE ESTADO DE GOVERNO
2008,1501,SEPLAG,SECRETARIA DE ESTADO DE PLANEJAMENTO E GESTAO
2008,1511,PCMG,POLICIA CIVIL DO ESTADO DE MINAS GERAIS
2008,1521,CGE,AUDITORIA-GERAL DO ESTADO DE MINAS GERAIS
2008,1531,SEEJ,SECRETARIA DE ESTADO DE ESPORTES E DA JUVENTUDE
2008,1541,ESP-MG,ESCOLA DE SAUDE PUBLICA DO ESTADO DE MINAS GERAIS
2008,1551,DETRAN/MG,DEPARTAMENTO DE TRANSITO DE MINAS GERAIS
2008,1911,EGE-SEF,EGE SEC.FAZENDA-ENCARGOS DIVERSOS
2008,1915,TRANSF EMPRESAS,TRANSFERENCIAS DO ESTADO A EMPRESAS
2008,1941,EGE-SEPLAG,EGE-SECRETARIA DE ESTADO DE PLANEJAMENTO E GESTAO
2008,1991,R CONTING,RESERVA DE CONTINGENCIA
2008,2011,IPSEMG,INSTITUTO DE PREVIDENCIA DOS SERVIDORES DO ESTADO DE MINAS GERAIS
2008,2041,LEMG,LOTERIA DO ESTADO DE MINAS GERAIS
2008,2061,FJP,FUNDACAO JOAO PINHEIRO
2008,2071,FAPEMIG,FUNDACAO DE AMPARO A PESQUISA DO ESTADO DE MINAS GERAIS
2008,2081,CETEC,FUNDACAO CENTRO TECNOLOGICO DE MINAS GERAIS
2008,2091,FEAM,FUNDACAO ESTADUAL DO MEIO AMBIENTE
2008,2101,IEF,INSTITUTO ESTADUAL DE FLORESTAS
2008,2111,RURALMINAS,FUNDACAO RURAL MINEIRA - RURALMINAS
2008,2121,IPSM,INSTITUTO DE PREVIDENCIA DOS SERVIDORES MILITARES DO ESTADO DE MINAS GERAIS
2008,2141,DEOP,DEPARTAMENTO DE OBRAS PUBLICAS DO ESTADO DE MINAS GERAIS
2008,2151,FHA,FUNDACAO HELENA ANTIPOFF
2008,2161,FUCAM,FUNDACAO EDUCACIONAL CAIO MARTINS
2008,2171,FAOP,FUNDACAO DE ARTE DE OURO PRETO
2008,2181,FCS,FUNDACAO CLOVIS SALGADO
2008,2201,IEPHA,INSTITUTO ESTADUAL DO PATRIMONIO HISTORICO E ARTISTICO DE MINAS GERAIS - IEPHA
2008,2211,TV MINAS,FUNDACAO TV MINAS CULTURAL E EDUCATIVA
2008,2231,ADEMG,ADMINISTRACAO DE ESTADIOS DO ESTADO DE MINAS GERAIS
2008,2241,IGAM,INSTITUTO MINEIRO DE GESTAO DAS AGUAS
2008,2251,JUCEMG,JUNTA COMERCIAL DO ESTADO DE MINAS GERAIS
2008,2261,FUNED,FUNDACAO EZEQUIEL DIAS
2008,2271,FHEMIG,FUNDACAO HOSPITALAR DO ESTADO DE MINAS GERAIS
2008,2281,UTRAMIG,FUNDACAO DE EDUCACAO PARA O TRABALHO DE MINAS GERAIS
2008,2301,DER/MG,DEPARTAMENTO DE ESTRADAS DE RODAGEM DO ESTADO DE MINAS GERAIS
2008,2311,UNIMONTES,UNIVERSIDADE ESTADUAL DE MONTES CLAROS
2008,2321,HEMOMINAS,FUNDACAO CENTRO DE HEMATOLOGIA E HEMOTERAPIA DE MINAS GERAIS
2008,2331,IPEM/MG,INSTITUTO DE PESOS E MEDIDAS DO ESTADO DE MINAS GERAIS
2008,2351,UEMG,UNIVERSIDADE DO ESTADO DE MINAS GERAIS
2008,2361,IPLEMG,INSTITUTO DE PREVIDENCIA DO LEGISLATIVO DO ESTADO DE MINAS GERAIS
2008,2371,IMA,INSTITUTO MINEIRO DE AGROPECUARIA
2008,2381,DETEL,DEPARTAMENTO ESTADUAL DE TELECOMUNICACOES DE MINAS GERAIS
2008,2391,IO/MG,IMPRENSA OFICIAL DO ESTADO DE MINAS GERAIS
2008,2401,IGA,INSTITUTO DE GEOCIENCIAS APLICADAS
2008,2411,ITER,INSTITUTO DE TERRAS DO ESTADO DE MINAS GERAIS
2008,2421,IDENE,INSTITUTO DE DESENVOLVIMENTO DO NORTE E NORDESTE DE MINAS GERAIS
2008,3041,EMATER,EMPRESA DE ASSISTENCIA TECNICA E EXTENSAO RURAL DO ESTADO DE MINAS GERAIS
2008,3051,EPAMIG,EMPRESA DE PESQUISA AGROPECUARIA DE MINAS GERAIS
2008,3151,RADIO,RADIO INCONFIDENCIA LTDA.
2008,4041,FUNDO JAIBA,FUNDO DE DESENVOLVIMENTO REGIONAL DO JAIBA
2008,4061,FUNDO PRO-FLORESTA,FUNDO PRO-FLORESTA
2008,4091,FIA,FUNDO PARA A INFANCIA E A ADOLESCENCIA
2008,4101,FEH,FUNDO ESTADUAL DE HABITACAO
2008,4111,FUNDESE,FUNDO DE FOMENTO E DESENVOLVIMENTO SOCIOECONOMICO DO ESTADO DE MINAS GERAIS
2008,4121,FUNDHAB,FUNDO DE APOIO HABITACIONAL DA ASSEMBLEIA LEGISLATIVA DE MINAS GERAIS
2008,4141,FPE,FUNDO PENITENCIARIO ESTADUAL
2008,4151,FASTUR,FUNDO DE ASSISTENCIA AO TURISMO
2008,4171,FUNDERUR,FUNDO ESTADUAL DE DESENVOLVIMENTO RURAL
2008,4251,FEAS,FUNDO ESTADUAL DE ASSISTENCIA SOCIAL
2008,4291,FES,FUNDO ESTADUAL DE SAUDE
2008,4321,FUNPREN,"FUNDO ESTADUAL DE PREVENCAO, FISCALIZACAO E REPRESSAO DE ENTORPECENTES"
2008,4331,FDM,FUNDO DE DESENVOLVIMENTO METROPOLITANO
2008,4341,FHIDRO,"FUNDO DE RECUPERACAO, PROTECAO E DESENVOLVIMENTO SUSTENTAVEL DAS BACIAS HIDROGRAFICAS DO ESTADO MG"
2008,4381,FUNTRANS,FUNDO ESTADUAL DE DESENVOLVIMENTO DE TRANSPORTES
2008,4421,FUNDIF,FUNDO ESTADUAL DE DEFESA DE DIREITOS DIFUSOS
2008,4431,FUNPEMG,FUNDO DE PREVIDENCIA DO ESTADO DE MINAS GERAIS
2008,4441,FUNEMP,FUNDO ESPECIAL DO MINISTERIO PUBLICO DO ESTADO DE MINAS GERAIS
2008,4451,FEPDC,FUNDO ESTADUAL DE PROTECAO E DEFESA DO CONSUMIDOR
2008,4461,FUNFIP,FUNDO FINANCEIRO DE PREVIDENCIA
2008,4471,FUNDOMAQ,FUNDO MAQUINAS PARA O DESENVOLVIMENTO-FUNDOMAQ
2008,4481,FUNDO PPP,FUNDO DE PARCERIAS PUBLICO-PRIVADAS DO ESTADO DE MINAS GERAIS
2008,4491,FEC,FUNDO ESTADUAL DE CULTURA
2008,4501,FUNDO DE EQUALIZACAO,FUNDO DE EQUALIZACAO DO ESTADO DE MINAS GERAIS
2008,4511,FINDES,FUNDO DE INCENTIVO AO DESENVOLVIMENTO
2008,4521,FUNDOMIC,FUNDO DE UNIVERSALIZACAO DO ACESSO A SERVICOS DE TELECOMUNICACAO EM MINAS GERAIS
2008,4541,FAHMEMG,FUNDO DE APOIO HABITACIONAL AOS MILITARES DO ESTADO DE MINAS GERAIS
2008,9801,SEPLAG/FPC,FOLHA DE PESSOAL CENTRALIZADA
2008,9999,EMG - ADM. DIRETA,EMG - ADMINISTRACAO DIRETA
2009,1011,ALEMG,ASSEMBLEIA LEGISLATIVA DO ESTADO DE MINAS GERAIS
2009,1021,TCEMG,TRIBUNAL DE CONTAS DO ESTADO DE MINAS GERAIS
2009,1031,TJMG,TRIBUNAL DE JUSTICA DO ESTADO DE MINAS GERAIS
2009,1051,TJMMG,TRIBUNAL DE JUSTICA MILITAR DO ESTADO DE MINAS GERAIS
2009,1071,GABINETE MILITAR,GABINETE MILITAR DO GOVERNADOR DO ESTADO DE MINAS GERAIS
2009,1081,AGE,ADVOCACIA-GERAL DO ESTADO
2009,1091,PGJ,PROCURADORIA GERAL DE JUSTICA
2009,1101,OGE,OUVIDORIA-GERAL DO ESTADO DE MINAS GERAIS
2009,1111,ERBR,ESCRITORIO DE REPRESENTACAO DO GOVERNO DO ESTADO DE MINAS GERAIS EM BRASILIA
2009,1141,ERRJ,ESCRITORIO DE REPRESENTACAO DO GOVERNO DO ESTADO DE MINAS GERAIS NO RIO DE JANEIRO
2009,1161,ERSP,ESCRITORIO  DE REPRESENTACAO DO GOVERNO DO ESTADO DE MINAS GERAIS EM SAO PAULO
2009,1191,SEF,SECRETARIA DE ESTADO DE FAZENDA
2009,1221,SECTES,"SECRETARIA DE ESTADO DE CIENCIA, TECNOLOGIA E ENSINO SUPERIOR"
2009,1231,SEAPA,"SECRETARIA DE ESTADO DE AGRICULTURA, PECUARIA E ABASTECIMENTO"
2009,1251,PMMG,POLICIA MILITAR DO ESTADO DE MINAS GERAIS
2009,1261,SEE,SECRETARIA DE ESTADO DE EDUCACAO
2009,1271,SEC,SECRETARIA DE ESTADO DE CULTURA
2009,1301,SETOP,SECRETARIA DE ESTADO DE TRANSPORTES E OBRAS PUBLICAS
2009,1321,SES,SECRETARIA DE ESTADO DE SAUDE
2009,1371,SEMAD,SECRETARIA DE ESTADO DE MEIO AMBIENTE E DESENVOLVIMENTO SUSTENTAVEL
2009,1401,CBMMG,CORPO DE BOMBEIROS MILITAR DO ESTADO DE MINAS GERAIS
2009,1411,SETUR,SECRETARIA DE ESTADO DE TURISMO
2009,1441,DEF PUB,DEFENSORIA PUBLICA DO ESTADO DE MINAS GERAIS
2009,1451,SEDS,SECRETARIA DE ESTADO DE DEFESA SOCIAL
2009,1461,SEDE,SECRETARIA DE ESTADO DE DESENVOLVIMENTO ECONOMICO
2009,1471,SEDRU,SECRETARIA DE ESTADO DE DESENVOLVIMENTO REGIONAL E POLITICA URBANA
2009,1481,SEDESE,SECRETARIA DE ESTADO DE DESENVOLVIMENTO SOCIAL
2009,1491,SEGOV,SECRETARIA DE ESTADO DE GOVERNO
2009,1501,SEPLAG,SECRETARIA DE ESTADO DE PLANEJAMENTO E GESTAO
2009,1511,PCMG,POLICIA CIVIL DO ESTADO DE MINAS GERAIS
2009,1521,CGE,AUDITORIA-GERAL DO ESTADO DE MINAS GERAIS
2009,1531,SEEJ,SECRETARIA DE ESTADO DE ESPORTES E DA JUVENTUDE
2009,1541,ESP-MG,ESCOLA DE SAUDE PUBLICA DO ESTADO DE MINAS GERAIS
2009,1551,DETRAN/MG,DEPARTAMENTO DE TRANSITO DE MINAS GERAIS
2009,1911,EGE-SEF,EGE SEC.FAZENDA-ENCARGOS DIVERSOS
2009,1915,TRANSF EMPRESAS,TRANSFERENCIAS DO ESTADO A EMPRESAS
2009,1941,EGE-SEPLAG,EGE-SECRETARIA DE ESTADO DE PLANEJAMENTO E GESTAO
2009,1991,R CONTING,RESERVA DE CONTINGENCIA
2009,2011,IPSEMG,INSTITUTO DE PREVIDENCIA DOS SERVIDORES DO ESTADO DE MINAS GERAIS
2009,2041,LEMG,LOTERIA DO ESTADO DE MINAS GERAIS
2009,2061,FJP,FUNDACAO JOAO PINHEIRO
2009,2071,FAPEMIG,FUNDACAO DE AMPARO A PESQUISA DO ESTADO DE MINAS GERAIS
2009,2081,CETEC,FUNDACAO CENTRO TECNOLOGICO DE MINAS GERAIS
2009,2091,FEAM,FUNDACAO ESTADUAL DO MEIO AMBIENTE
2009,2101,IEF,INSTITUTO ESTADUAL DE FLORESTAS
2009,2111,RURALMINAS,FUNDACAO RURAL MINEIRA - RURALMINAS
2009,2121,IPSM,INSTITUTO DE PREVIDENCIA DOS SERVIDORES MILITARES DO ESTADO DE MINAS GERAIS
2009,2141,DEOP,DEPARTAMENTO DE OBRAS PUBLICAS DO ESTADO DE MINAS GERAIS
2009,2151,FHA,FUNDACAO HELENA ANTIPOFF
2009,2161,FUCAM,FUNDACAO EDUCACIONAL CAIO MARTINS
2009,2171,FAOP,FUNDACAO DE ARTE DE OURO PRETO
2009,2181,FCS,FUNDACAO CLOVIS SALGADO
2009,2201,IEPHA,INSTITUTO ESTADUAL DO PATRIMONIO HISTORICO E ARTISTICO DE MINAS GERAIS - IEPHA
2009,2211,TV MINAS,FUNDACAO TV MINAS CULTURAL E EDUCATIVA
2009,2231,ADEMG,ADMINISTRACAO DE ESTADIOS DO ESTADO DE MINAS GERAIS
2009,2241,IGAM,INSTITUTO MINEIRO DE GESTAO DAS AGUAS
2009,2251,JUCEMG,JUNTA COMERCIAL DO ESTADO DE MINAS GERAIS
2009,2261,FUNED,FUNDACAO EZEQUIEL DIAS
2009,2271,FHEMIG,FUNDACAO HOSPITALAR DO ESTADO DE MINAS GERAIS
2009,2281,UTRAMIG,FUNDACAO DE EDUCACAO PARA O TRABALHO DE MINAS GERAIS
2009,2301,DER/MG,DEPARTAMENTO DE ESTRADAS DE RODAGEM DO ESTADO DE MINAS GERAIS
2009,2311,UNIMONTES,UNIVERSIDADE ESTADUAL DE MONTES CLAROS
2009,2321,HEMOMINAS,FUNDACAO CENTRO DE HEMATOLOGIA E HEMOTERAPIA DE MINAS GERAIS
2009,2331,IPEM/MG,INSTITUTO DE PESOS E MEDIDAS DO ESTADO DE MINAS GERAIS
2009,2351,UEMG,UNIVERSIDADE DO ESTADO DE MINAS GERAIS
2009,2361,IPLEMG,INSTITUTO DE PREVIDENCIA DO LEGISLATIVO DO ESTADO DE MINAS GERAIS
2009,2371,IMA,INSTITUTO MINEIRO DE AGROPECUARIA
2009,2381,DETEL,DEPARTAMENTO ESTADUAL DE TELECOMUNICACOES DE MINAS GERAIS
2009,2391,IO/MG,IMPRENSA OFICIAL DO ESTADO DE MINAS GERAIS
2009,2401,IGA,INSTITUTO DE GEOCIENCIAS APLICADAS
2009,2411,ITER,INSTITUTO DE TERRAS DO ESTADO DE MINAS GERAIS
2009,2421,IDENE,INSTITUTO DE DESENVOLVIMENTO DO NORTE E NORDESTE DE MINAS GERAIS
2009,2431,AGENCIA RMBH,AGENCIA DE DESENVOLVIMENTO DA REGIAO METROPOLITANA DE BELO HORIZONTE
2009,3041,EMATER,EMPRESA DE ASSISTENCIA TECNICA E EXTENSAO RURAL DO ESTADO DE MINAS GERAIS
2009,3051,EPAMIG,EMPRESA DE PESQUISA AGROPECUARIA DE MINAS GERAIS
2009,3151,RADIO,RADIO INCONFIDENCIA LTDA.
2009,4041,FUNDO JAIBA,FUNDO DE DESENVOLVIMENTO REGIONAL DO JAIBA
2009,4061,FUNDO PRO-FLORESTA,FUNDO PRO-FLORESTA
2009,4091,FIA,FUNDO PARA A INFANCIA E A ADOLESCENCIA
2009,4101,FEH,FUNDO ESTADUAL DE HABITACAO
2009,4111,FUNDESE,FUNDO DE FOMENTO E DESENVOLVIMENTO SOCIOECONOMICO DO ESTADO DE MINAS GERAIS
2009,4121,FUNDHAB,FUNDO DE APOIO HABITACIONAL DA ASSEMBLEIA LEGISLATIVA DE MINAS GERAIS
2009,4141,FPE,FUNDO PENITENCIARIO ESTADUAL
2009,4151,FASTUR,FUNDO DE ASSISTENCIA AO TURISMO
2009,4171,FUNDERUR,FUNDO ESTADUAL DE DESENVOLVIMENTO RURAL
2009,4251,FEAS,FUNDO ESTADUAL DE ASSISTENCIA SOCIAL
2009,4291,FES,FUNDO ESTADUAL DE SAUDE
2009,4321,FUNPREN,"FUNDO ESTADUAL DE PREVENCAO, FISCALIZACAO E REPRESSAO DE ENTORPECENTES"
2009,4331,FDM,FUNDO DE DESENVOLVIMENTO METROPOLITANO
2009,4341,FHIDRO,"FUNDO DE RECUPERACAO, PROTECAO E DESENVOLVIMENTO SUSTENTAVEL DAS BACIAS HIDROGRAFICAS DO ESTADO MG"
2009,4381,FUNTRANS,FUNDO ESTADUAL DE DESENVOLVIMENTO DE TRANSPORTES
2009,4421,FUNDIF,FUNDO ESTADUAL DE DEFESA DE DIREITOS DIFUSOS
2009,4431,FUNPEMG,FUNDO DE PREVIDENCIA DO ESTADO DE MINAS GERAIS
2009,4441,FUNEMP,FUNDO ESPECIAL DO MINISTERIO PUBLICO DO ESTADO DE MINAS GERAIS
2009,4451,FEPDC,FUNDO ESTADUAL DE PROTECAO E DEFESA DO CONSUMIDOR
2009,4461,FUNFIP,FUNDO FINANCEIRO DE PREVIDENCIA
2009,4481,FUNDO PPP,FUNDO DE PARCERIAS PUBLICO-PRIVADAS DO ESTADO DE MINAS GERAIS
2009,4491,FEC,FUNDO ESTADUAL DE CULTURA
2009,4501,FUNDO DE EQUALIZACAO,FUNDO DE EQUALIZACAO DO ESTADO DE MINAS GERAIS
2009,4511,FINDES,FUNDO DE INCENTIVO AO DESENVOLVIMENTO
2009,4521,FUNDOMIC,FUNDO DE UNIVERSALIZACAO DO ACESSO A SERVICOS DE TELECOMUNICACAO EM MINAS GERAIS
2009,4531,FIIT,FUNDO DE INCENTIVO A INOVACAO TECNOLOGICA
2009,4541,FAHMEMG,FUNDO DE APOIO HABITACIONAL AOS MILITARES DO ESTADO DE MINAS GERAIS
2009,9801,SEPLAG/FPC,FOLHA DE PESSOAL CENTRALIZADA
2009,9999,EMG - ADM. DIRETA,EMG - ADMINISTRACAO DIRETA
2010,1011,ALEMG,ASSEMBLEIA LEGISLATIVA DO ESTADO DE MINAS GERAIS
2010,1021,TCEMG,TRIBUNAL DE CONTAS DO ESTADO DE MINAS GERAIS
2010,1031,TJMG,TRIBUNAL DE JUSTICA DO ESTADO DE MINAS GERAIS
2010,1051,TJMMG,TRIBUNAL DE JUSTICA MILITAR DO ESTADO DE MINAS GERAIS
2010,1071,GABINETE MILITAR,GABINETE MILITAR DO GOVERNADOR DO ESTADO DE MINAS GERAIS
2010,1081,AGE,ADVOCACIA-GERAL DO ESTADO
2010,1091,PGJ,PROCURADORIA GERAL DE JUSTICA
2010,1101,OGE,OUVIDORIA-GERAL DO ESTADO DE MINAS GERAIS
2010,1111,ERBR,ESCRITORIO DE REPRESENTACAO DO GOVERNO DO ESTADO DE MINAS GERAIS EM BRASILIA
2010,1141,ERRJ,ESCRITORIO DE REPRESENTACAO DO GOVERNO DO ESTADO DE MINAS GERAIS NO RIO DE JANEIRO
2010,1161,ERSP,ESCRITORIO  DE REPRESENTACAO DO GOVERNO DO ESTADO DE MINAS GERAIS EM SAO PAULO
2010,1191,SEF,SECRETARIA DE ESTADO DE FAZENDA
2010,1221,SECTES,"SECRETARIA DE ESTADO DE CIENCIA, TECNOLOGIA E ENSINO SUPERIOR"
2010,1231,SEAPA,"SECRETARIA DE ESTADO DE AGRICULTURA, PECUARIA E ABASTECIMENTO"
2010,1251,PMMG,POLICIA MILITAR DO ESTADO DE MINAS GERAIS
2010,1261,SEE,SECRETARIA DE ESTADO DE EDUCACAO
2010,1271,SEC,SECRETARIA DE ESTADO DE CULTURA
2010,1301,SETOP,SECRETARIA DE ESTADO DE TRANSPORTES E OBRAS PUBLICAS
2010,1321,SES,SECRETARIA DE ESTADO DE SAUDE
2010,1371,SEMAD,SECRETARIA DE ESTADO DE MEIO AMBIENTE E DESENVOLVIMENTO SUSTENTAVEL
2010,1401,CBMMG,CORPO DE BOMBEIROS MILITAR DO ESTADO DE MINAS GERAIS
2010,1411,SETUR,SECRETARIA DE ESTADO DE TURISMO
2010,1441,DEF PUB,DEFENSORIA PUBLICA DO ESTADO DE MINAS GERAIS
2010,1451,SEDS,SECRETARIA DE ESTADO DE DEFESA SOCIAL
2010,1461,SEDE,SECRETARIA DE ESTADO DE DESENVOLVIMENTO ECONOMICO
2010,1471,SEDRU,SECRETARIA DE ESTADO DE DESENVOLVIMENTO REGIONAL E POLITICA URBANA
2010,1481,SEDESE,SECRETARIA DE ESTADO DE DESENVOLVIMENTO SOCIAL
2010,1491,SEGOV,SECRETARIA DE ESTADO DE GOVERNO
2010,1501,SEPLAG,SECRETARIA DE ESTADO DE PLANEJAMENTO E GESTAO
2010,1511,PCMG,POLICIA CIVIL DO ESTADO DE MINAS GERAIS
2010,1521,CGE,AUDITORIA-GERAL DO ESTADO DE MINAS GERAIS
2010,1531,SEEJ,SECRETARIA DE ESTADO DE ESPORTES E DA JUVENTUDE
2010,1541,ESP-MG,ESCOLA DE SAUDE PUBLICA DO ESTADO DE MINAS GERAIS
2010,1551,DETRAN/MG,DEPARTAMENTO DE TRANSITO DE MINAS GERAIS
2010,1561,CAMG,CIDADE ADMINISTRATIVA
2010,1911,EGE-SEF,EGE SEC.FAZENDA-ENCARGOS DIVERSOS
2010,1915,TRANSF EMPRESAS,TRANSFERENCIAS DO ESTADO A EMPRESAS
2010,1941,EGE-SEPLAG,EGE-SECRETARIA DE ESTADO DE PLANEJAMENTO E GESTAO
2010,1991,R CONTING,RESERVA DE CONTINGENCIA
2010,2011,IPSEMG,INSTITUTO DE PREVIDENCIA DOS SERVIDORES DO ESTADO DE MINAS GERAIS
2010,2041,LEMG,LOTERIA DO ESTADO DE MINAS GERAIS
2010,2061,FJP,FUNDACAO JOAO PINHEIRO
2010,2071,FAPEMIG,FUNDACAO DE AMPARO A PESQUISA DO ESTADO DE MINAS GERAIS
2010,2081,CETEC,FUNDACAO CENTRO TECNOLOGICO DE MINAS GERAIS
2010,2091,FEAM,FUNDACAO ESTADUAL DO MEIO AMBIENTE
2010,2101,IEF,INSTITUTO ESTADUAL DE FLORESTAS
2010,2111,RURALMINAS,FUNDACAO RURAL MINEIRA - RURALMINAS
2010,2121,IPSM,INSTITUTO DE PREVIDENCIA DOS SERVIDORES MILITARES DO ESTADO DE MINAS GERAIS
2010,2141,DEOP,DEPARTAMENTO DE OBRAS PUBLICAS DO ESTADO DE MINAS GERAIS
2010,2151,FHA,FUNDACAO HELENA ANTIPOFF
2010,2161,FUCAM,FUNDACAO EDUCACIONAL CAIO MARTINS
2010,2171,FAOP,FUNDACAO DE ARTE DE OURO PRETO
2010,2181,FCS,FUNDACAO CLOVIS SALGADO
2010,2201,IEPHA,INSTITUTO ESTADUAL DO PATRIMONIO HISTORICO E ARTISTICO DE MINAS GERAIS - IEPHA
2010,2211,TV MINAS,FUNDACAO TV MINAS CULTURAL E EDUCATIVA
2010,2231,ADEMG,ADMINISTRACAO DE ESTADIOS DO ESTADO DE MINAS GERAIS
2010,2241,IGAM,INSTITUTO MINEIRO DE GESTAO DAS AGUAS
2010,2251,JUCEMG,JUNTA COMERCIAL DO ESTADO DE MINAS GERAIS
2010,2261,FUNED,FUNDACAO EZEQUIEL DIAS
2010,2271,FHEMIG,FUNDACAO HOSPITALAR DO ESTADO DE MINAS GERAIS
2010,2281,UTRAMIG,FUNDACAO DE EDUCACAO PARA O TRABALHO DE MINAS GERAIS
2010,2301,DER/MG,DEPARTAMENTO DE ESTRADAS DE RODAGEM DO ESTADO DE MINAS GERAIS
2010,2311,UNIMONTES,UNIVERSIDADE ESTADUAL DE MONTES CLAROS
2010,2321,HEMOMINAS,FUNDACAO CENTRO DE HEMATOLOGIA E HEMOTERAPIA DE MINAS GERAIS
2010,2331,IPEM/MG,INSTITUTO DE PESOS E MEDIDAS DO ESTADO DE MINAS GERAIS
2010,2351,UEMG,UNIVERSIDADE DO ESTADO DE MINAS GERAIS
2010,2361,IPLEMG,INSTITUTO DE PREVIDENCIA DO LEGISLATIVO DO ESTADO DE MINAS GERAIS
2010,2371,IMA,INSTITUTO MINEIRO DE AGROPECUARIA
2010,2381,DETEL,DEPARTAMENTO ESTADUAL DE TELECOMUNICACOES DE MINAS GERAIS
2010,2391,IO/MG,IMPRENSA OFICIAL DO ESTADO DE MINAS GERAIS
2010,2401,IGA,INSTITUTO DE GEOCIENCIAS APLICADAS
2010,2411,ITER,INSTITUTO DE TERRAS DO ESTADO DE MINAS GERAIS
2010,2421,IDENE,INSTITUTO DE DESENVOLVIMENTO DO NORTE E NORDESTE DE MINAS GERAIS
2010,2431,AGENCIA RMBH,AGENCIA DE DESENVOLVIMENTO DA REGIAO METROPOLITANA DE BELO HORIZONTE
2010,2441,ARSAE-MG,AGENCIA REGULADORA DE SERVICOS DE ABASTECIMENTO DE AGUA E DE ESGOTAMENTO SANITARIO DO ESTADO DE MG
2010,2451,HIDROEX,"FUNDACAO CENTRO INTERNACIONAL DE EDUCACAO, CAPACITACAO E PESQUISA APLICADA EM AGUAS"
2010,3041,EMATER,EMPRESA DE ASSISTENCIA TECNICA E EXTENSAO RURAL DO ESTADO DE MINAS GERAIS
2010,3051,EPAMIG,EMPRESA DE PESQUISA AGROPECUARIA DE MINAS GERAIS
2010,3151,RADIO,RADIO INCONFIDENCIA LTDA.
2010,4041,FUNDO JAIBA,FUNDO DE DESENVOLVIMENTO REGIONAL DO JAIBA
2010,4061,FUNDO PRO-FLORESTA,FUNDO PRO-FLORESTA
2010,4091,FIA,FUNDO PARA A INFANCIA E A ADOLESCENCIA
2010,4101,FEH,FUNDO ESTADUAL DE HABITACAO
2010,4111,FUNDESE,FUNDO DE FOMENTO E DESENVOLVIMENTO SOCIOECONOMICO DO ESTADO DE MINAS GERAIS
2010,4121,FUNDHAB,FUNDO DE APOIO HABITACIONAL DA ASSEMBLEIA LEGISLATIVA DE MINAS GERAIS
2010,4141,FPE,FUNDO PENITENCIARIO ESTADUAL
2010,4151,FASTUR,FUNDO DE ASSISTENCIA AO TURISMO
2010,4171,FUNDERUR,FUNDO ESTADUAL DE DESENVOLVIMENTO RURAL
2010,4251,FEAS,FUNDO ESTADUAL DE ASSISTENCIA SOCIAL
2010,4291,FES,FUNDO ESTADUAL DE SAUDE
2010,4321,FUNPREN,"FUNDO ESTADUAL DE PREVENCAO, FISCALIZACAO E REPRESSAO DE ENTORPECENTES"
2010,4331,FDM,FUNDO DE DESENVOLVIMENTO METROPOLITANO
2010,4341,FHIDRO,"FUNDO DE RECUPERACAO, PROTECAO E DESENVOLVIMENTO SUSTENTAVEL DAS BACIAS HIDROGRAFICAS DO ESTADO MG"
2010,4381,FUNTRANS,FUNDO ESTADUAL DE DESENVOLVIMENTO DE TRANSPORTES
2010,4421,FUNDIF,FUNDO ESTADUAL DE DEFESA DE DIREITOS DIFUSOS
2010,4431,FUNPEMG,FUNDO DE PREVIDENCIA DO ESTADO DE MINAS GERAIS
2010,4441,FUNEMP,FUNDO ESPECIAL DO MINISTERIO PUBLICO DO ESTADO DE MINAS GERAIS
2010,4451,FEPDC,FUNDO ESTADUAL DE PROTECAO E DEFESA DO CONSUMIDOR
2010,4461,FUNFIP,FUNDO FINANCEIRO DE PREVIDENCIA
2010,4481,FUNDO PPP,FUNDO DE PARCERIAS PUBLICO-PRIVADAS DO ESTADO DE MINAS GERAIS
2010,4491,FEC,FUNDO ESTADUAL DE CULTURA
2010,4501,FUNDO DE EQUALIZACAO,FUNDO DE EQUALIZACAO DO ESTADO DE MINAS GERAIS
2010,4511,FINDES,FUNDO DE INCENTIVO AO DESENVOLVIMENTO
2010,4521,FUNDOMIC,FUNDO DE UNIVERSALIZACAO DO ACESSO A SERVICOS DE TELECOMUNICACAO EM MINAS GERAIS
2010,4531,FIIT,FUNDO DE INCENTIVO A INOVACAO TECNOLOGICA
2010,4541,FAHMEMG,FUNDO DE APOIO HABITACIONAL AOS MILITARES DO ESTADO DE MINAS GERAIS
2010,4551,FUNAPEC,FUNDO DE ASSISTENCIA AO PECULIO DOS SERVIDORES PUBLICOS DO ESTADO DE M
2010,9801,SEPLAG/FPC,FOLHA DE PESSOAL CENTRALIZADA
2010,9999,EMG - ADM. DIRETA,EMG - ADMINISTRACAO DIRETA
2011,1011,ALEMG,ASSEMBLEIA LEGISLATIVA DO ESTADO DE MINAS GERAIS
2011,1021,TCEMG,TRIBUNAL DE CONTAS DO ESTADO DE MINAS GERAIS
2011,1031,TJMG,TRIBUNAL DE JUSTICA DO ESTADO DE MINAS GERAIS
2011,1051,TJMMG,TRIBUNAL DE JUSTICA MILITAR DO ESTADO DE MINAS GERAIS
2011,1071,GABINETE MILITAR,GABINETE MILITAR DO GOVERNADOR DO ESTADO DE MINAS GERAIS
2011,1081,AGE,ADVOCACIA-GERAL DO ESTADO
2011,1091,PGJ,PROCURADORIA GERAL DE JUSTICA
2011,1101,OGE,OUVIDORIA-GERAL DO ESTADO DE MINAS GERAIS
2011,1111,ERBR,ESCRITORIO DE REPRESENTACAO DO GOVERNO DO ESTADO DE MINAS GERAIS EM BRASILIA
2011,1141,ERRJ,ESCRITORIO DE REPRESENTACAO DO GOVERNO DO ESTADO DE MINAS GERAIS NO RIO DE JANEIRO
2011,1161,ERSP,ESCRITORIO  DE REPRESENTACAO DO GOVERNO DO ESTADO DE MINAS GERAIS EM SAO PAULO
2011,1191,SEF,SECRETARIA DE ESTADO DE FAZENDA
2011,1221,SECTES,"SECRETARIA DE ESTADO DE CIENCIA, TECNOLOGIA E ENSINO SUPERIOR"
2011,1231,SEAPA,"SECRETARIA DE ESTADO DE AGRICULTURA, PECUARIA E ABASTECIMENTO"
2011,1251,PMMG,POLICIA MILITAR DO ESTADO DE MINAS GERAIS
2011,1261,SEE,SECRETARIA DE ESTADO DE EDUCACAO
2011,1271,SEC,SECRETARIA DE ESTADO DE CULTURA
2011,1301,SETOP,SECRETARIA DE ESTADO DE TRANSPORTES E OBRAS PUBLICAS
2011,1321,SES,SECRETARIA DE ESTADO DE SAUDE
2011,1371,SEMAD,SECRETARIA DE ESTADO DE MEIO AMBIENTE E DESENVOLVIMENTO SUSTENTAVEL
2011,1401,CBMMG,CORPO DE BOMBEIROS MILITAR DO ESTADO DE MINAS GERAIS
2011,1411,SETUR,SECRETARIA DE ESTADO DE TURISMO
2011,1441,DEF PUB,DEFENSORIA PUBLICA DO ESTADO DE MINAS GERAIS
2011,1451,SEDS,SECRETARIA DE ESTADO DE DEFESA SOCIAL
2011,1461,SEDE,SECRETARIA DE ESTADO DE DESENVOLVIMENTO ECONOMICO
2011,1471,SEDRU,SECRETARIA DE ESTADO DE DESENVOLVIMENTO REGIONAL E POLITICA URBANA
2011,1481,SEDESE,SECRETARIA DE ESTADO DE DESENVOLVIMENTO SOCIAL
2011,1491,SEGOV,SECRETARIA DE ESTADO DE GOVERNO
2011,1501,SEPLAG,SECRETARIA DE ESTADO DE PLANEJAMENTO E GESTAO
2011,1511,PCMG,POLICIA CIVIL DO ESTADO DE MINAS GERAIS
2011,1521,CGE,CONTROLADORIA-GERAL DO ESTADO
2011,1531,SEEJ,SECRETARIA DE ESTADO DE ESPORTES E DA JUVENTUDE
2011,1541,ESP-MG,ESCOLA DE SAUDE PUBLICA DO ESTADO DE MINAS GERAIS
2011,1551,DETRAN/MG,DEPARTAMENTO DE TRANSITO DE MINAS GERAIS
2011,1561,CAMG,CIDADE ADMINISTRATIVA
2011,1571,CASA CIVIL,SECRETARIA DE ESTADO DE CASA CIVIL E DE RELACOES INSTITUCIONAIS
2011,1581,SETE,SECRETARIA DE ESTADO DE TRABALHO E EMPREGO
2011,1591,SEDVAN,SECRETARIA DE ESTADO DE DESENVOLVIMENTO DOS VALES DO JEQUITINHONHA E M
2011,1601,EPE,ESCRITORIO DE PRIORIDADES ESTRATEGICAS
2011,1631,SEC. GERAL,SECRETARIA-GERAL
2011,1911,EGE-SEF,EGE SEC.FAZENDA-ENCARGOS DIVERSOS
2011,1915,TRANSF EMPRESAS,TRANSFERENCIAS DO ESTADO A EMPRESAS
2011,1941,EGE-SEPLAG,EGE-SECRETARIA DE ESTADO DE PLANEJAMENTO E GESTAO
2011,1991,R CONTING,RESERVA DE CONTINGENCIA
2011,2011,IPSEMG,INSTITUTO DE PREVIDENCIA DOS SERVIDORES DO ESTADO DE MINAS GERAIS
2011,2041,LEMG,LOTERIA DO ESTADO DE MINAS GERAIS
2011,2061,FJP,FUNDACAO JOAO PINHEIRO
2011,2071,FAPEMIG,FUNDACAO DE AMPARO A PESQUISA DO ESTADO DE MINAS GERAIS
2011,2081,CETEC,FUNDACAO CENTRO TECNOLOGICO DE MINAS GERAIS
2011,2091,FEAM,FUNDACAO ESTADUAL DO MEIO AMBIENTE
2011,2101,IEF,INSTITUTO ESTADUAL DE FLORESTAS
2011,2111,RURALMINAS,FUNDACAO RURAL MINEIRA - RURALMINAS
2011,2121,IPSM,INSTITUTO DE PREVIDENCIA DOS SERVIDORES MILITARES DO ESTADO DE MINAS GERAIS
2011,2141,DEOP,DEPARTAMENTO DE OBRAS PUBLICAS DO ESTADO DE MINAS GERAIS
2011,2151,FHA,FUNDACAO HELENA ANTIPOFF
2011,2161,FUCAM,FUNDACAO EDUCACIONAL CAIO MARTINS
2011,2171,FAOP,FUNDACAO DE ARTE DE OURO PRETO
2011,2181,FCS,FUNDACAO CLOVIS SALGADO
2011,2201,IEPHA,INSTITUTO ESTADUAL DO PATRIMONIO HISTORICO E ARTISTICO DE MINAS GERAIS - IEPHA
2011,2211,TV MINAS,FUNDACAO TV MINAS CULTURAL E EDUCATIVA
2011,2231,ADEMG,ADMINISTRACAO DE ESTADIOS DO ESTADO DE MINAS GERAIS
2011,2241,IGAM,INSTITUTO MINEIRO DE GESTAO DAS AGUAS
2011,2251,JUCEMG,JUNTA COMERCIAL DO ESTADO DE MINAS GERAIS
2011,2261,FUNED,FUNDACAO EZEQUIEL DIAS
2011,2271,FHEMIG,FUNDACAO HOSPITALAR DO ESTADO DE MINAS GERAIS
2011,2281,UTRAMIG,FUNDACAO DE EDUCACAO PARA O TRABALHO DE MINAS GERAIS
2011,2301,DER/MG,DEPARTAMENTO DE ESTRADAS DE RODAGEM DO ESTADO DE MINAS GERAIS
2011,2311,UNIMONTES,UNIVERSIDADE ESTADUAL DE MONTES CLAROS
2011,2321,HEMOMINAS,FUNDACAO CENTRO DE HEMATOLOGIA E HEMOTERAPIA DE MINAS GERAIS
2011,2331,IPEM/MG,INSTITUTO DE PESOS E MEDIDAS DO ESTADO DE MINAS GERAIS
2011,2351,UEMG,UNIVERSIDADE DO ESTADO DE MINAS GERAIS
2011,2361,IPLEMG,INSTITUTO DE PREVIDENCIA DO LEGISLATIVO DO ESTADO DE MINAS GERAIS
2011,2371,IMA,INSTITUTO MINEIRO DE AGROPECUARIA
2011,2381,DETEL,DEPARTAMENTO ESTADUAL DE TELECOMUNICACOES DE MINAS GERAIS
2011,2391,IO/MG,IMPRENSA OFICIAL DO ESTADO DE MINAS GERAIS
2011,2401,IGA,INSTITUTO DE GEOCIENCIAS APLICADAS
2011,2411,ITER,INSTITUTO DE TERRAS DO ESTADO DE MINAS GERAIS
2011,2421,IDENE,INSTITUTO DE DESENVOLVIMENTO DO NORTE E NORDESTE DE MINAS GERAIS
2011,2431,AGENCIA RMBH,AGENCIA DE DESENVOLVIMENTO DA REGIAO METROPOLITANA DE BELO HORIZONTE
2011,2441,ARSAE-MG,AGENCIA REGULADORA DE SERVICOS DE ABASTECIMENTO DE AGUA E DE ESGOTAMENTO SANITARIO DO ESTADO DE MG
2011,2451,HIDROEX,"FUNDACAO CENTRO INTERNACIONAL DE EDUCACAO, CAPACITACAO E PESQUISA APLICADA EM AGUAS"
2011,3041,EMATER,EMPRESA DE ASSISTENCIA TECNICA E EXTENSAO RURAL DO ESTADO DE MINAS GERAIS
2011,3051,EPAMIG,EMPRESA DE PESQUISA AGROPECUARIA DE MINAS GERAIS
2011,3151,RADIO,RADIO INCONFIDENCIA LTDA.
2011,4041,FUNDO JAIBA,FUNDO DE DESENVOLVIMENTO REGIONAL DO JAIBA
2011,4061,FUNDO PRO-FLORESTA,FUNDO PRO-FLORESTA
2011,4091,FIA,FUNDO PARA A INFANCIA E A ADOLESCENCIA
2011,4101,FEH,FUNDO ESTADUAL DE HABITACAO
2011,4111,FUNDESE,FUNDO DE FOMENTO E DESENVOLVIMENTO SOCIOECONOMICO DO ESTADO DE MINAS GERAIS
2011,4121,FUNDHAB,FUNDO DE APOIO HABITACIONAL DA ASSEMBLEIA LEGISLATIVA DE MINAS GERAIS
2011,4141,FPE,FUNDO PENITENCIARIO ESTADUAL
2011,4151,FASTUR,FUNDO DE ASSISTENCIA AO TURISMO
2011,4171,FUNDERUR,FUNDO ESTADUAL DE DESENVOLVIMENTO RURAL
2011,4251,FEAS,FUNDO ESTADUAL DE ASSISTENCIA SOCIAL
2011,4291,FES,FUNDO ESTADUAL DE SAUDE
2011,4321,FUNPREN,"FUNDO ESTADUAL DE PREVENCAO, FISCALIZACAO E REPRESSAO DE ENTORPECENTES"
2011,4331,FDM,FUNDO DE DESENVOLVIMENTO METROPOLITANO
2011,4341,FHIDRO,"FUNDO DE RECUPERACAO, PROTECAO E DESENVOLVIMENTO SUSTENTAVEL DAS BACIAS HIDROGRAFICAS DO ESTADO MG"
2011,4381,FUNTRANS,FUNDO ESTADUAL DE DESENVOLVIMENTO DE TRANSPORTES
2011,4421,FUNDIF,FUNDO ESTADUAL DE DEFESA DE DIREITOS DIFUSOS
2011,4431,FUNPEMG,FUNDO DE PREVIDENCIA DO ESTADO DE MINAS GERAIS
2011,4441,FUNEMP,FUNDO ESPECIAL DO MINISTERIO PUBLICO DO ESTADO DE MINAS GERAIS
2011,4451,FEPDC,FUNDO ESTADUAL DE PROTECAO E DEFESA DO CONSUMIDOR
2011,4461,FUNFIP,FUNDO FINANCEIRO DE PREVIDENCIA
2011,4481,FUNDO PPP,FUNDO DE PARCERIAS PUBLICO-PRIVADAS DO ESTADO DE MINAS GERAIS
2011,4491,FEC,FUNDO ESTADUAL DE CULTURA
2011,4501,FUNDO DE EQUALIZACAO,FUNDO DE EQUALIZACAO DO ESTADO DE MINAS GERAIS
2011,4511,FINDES,FUNDO DE INCENTIVO AO DESENVOLVIMENTO
2011,4521,FUNDOMIC,FUNDO DE UNIVERSALIZACAO DO ACESSO A SERVICOS DE TELECOMUNICACAO EM MINAS GERAIS
2011,4531,FIIT,FUNDO DE INCENTIVO A INOVACAO TECNOLOGICA
2011,4541,FAHMEMG,FUNDO DE APOIO HABITACIONAL AOS MILITARES DO ESTADO DE MINAS GERAIS
2011,4551,FUNAPEC,FUNDO DE ASSISTENCIA AO PECULIO DOS SERVIDORES PUBLICOS DO ESTADO DE M
2011,9801,SEPLAG/FPC,FOLHA DE PESSOAL CENTRALIZADA
2011,9999,EMG - ADM. DIRETA,EMG - ADMINISTRACAO DIRETA
2012,1011,ALEMG,ASSEMBLEIA LEGISLATIVA DO ESTADO DE MINAS GERAIS
2012,1021,TCEMG,TRIBUNAL DE CONTAS DO ESTADO DE MINAS GERAIS
2012,1031,TJMG,TRIBUNAL DE JUSTICA DO ESTADO DE MINAS GERAIS
2012,1051,TJMMG,TRIBUNAL DE JUSTICA MILITAR DO ESTADO DE MINAS GERAIS
2012,1071,GABINETE MILITAR,GABINETE MILITAR DO GOVERNADOR DO ESTADO DE MINAS GERAIS
2012,1081,AGE,ADVOCACIA-GERAL DO ESTADO
2012,1091,PGJ,PROCURADORIA GERAL DE JUSTICA
2012,1101,OGE,OUVIDORIA-GERAL DO ESTADO DE MINAS GERAIS
2012,1111,ERBR,ESCRITORIO DE REPRESENTACAO DO GOVERNO DO ESTADO DE MINAS GERAIS EM BRASILIA
2012,1141,ERRJ,ESCRITORIO DE REPRESENTACAO DO GOVERNO DO ESTADO DE MINAS GERAIS NO RIO DE JANEIRO
2012,1161,ERSP,ESCRITORIO  DE REPRESENTACAO DO GOVERNO DO ESTADO DE MINAS GERAIS EM SAO PAULO
2012,1191,SEF,SECRETARIA DE ESTADO DE FAZENDA
2012,1221,SECTES,"SECRETARIA DE ESTADO DE CIENCIA, TECNOLOGIA E ENSINO SUPERIOR"
2012,1231,SEAPA,"SECRETARIA DE ESTADO DE AGRICULTURA, PECUARIA E ABASTECIMENTO"
2012,1251,PMMG,POLICIA MILITAR DO ESTADO DE MINAS GERAIS
2012,1261,SEE,SECRETARIA DE ESTADO DE EDUCACAO
2012,1271,SEC,SECRETARIA DE ESTADO DE CULTURA
2012,1301,SETOP,SECRETARIA DE ESTADO  DE TRANSPORTES  E OBRAS PUBLICAS
2012,1321,SES,SECRETARIA DE ESTADO DE SAUDE
2012,1371,SEMAD,SECRETARIA DE ESTADO DE MEIO AMBIENTE E DESENVOLVIMENTO SUSTENTAVEL
2012,1401,CBMMG,CORPO DE BOMBEIROS MILITAR DO ESTADO DE MINAS GERAIS
2012,1411,SETUR,SECRETARIA DE ESTADO DE TURISMO
2012,1441,DEF PUB,DEFENSORIA PUBLICA DO ESTADO DE MINAS GERAIS
2012,1451,SEDS,SECRETARIA DE ESTADO DE DEFESA SOCIAL
2012,1461,SEDE,SECRETARIA DE ESTADO DE DESENVOLVIMENTO ECONOMICO
2012,1471,SEDRU,SECRETARIA DE ESTADO DE DESENVOLVIMENTO REGIONAL E POLITICA URBANA
2012,1481,SEDESE,SECRETARIA DE ESTADO DE DESENVOLVIMENTO SOCIAL
2012,1491,SEGOV,SECRETARIA DE ESTADO DE GOVERNO
2012,1501,SEPLAG,SECRETARIA DE ESTADO DE PLANEJAMENTO E GESTAO
2012,1511,PCMG,POLICIA CIVIL DO ESTADO DE MINAS GERAIS
2012,1521,CGE,CONTROLADORIA-GERAL DO ESTADO
2012,1531,SEEJ,SECRETARIA DE ESTADO DE ESPORTES E DA JUVENTUDE
2012,1541,ESP-MG,ESCOLA DE SAUDE PUBLICA DO ESTADO DE MINAS GERAIS
2012,1551,DETRAN/MG,DEPARTAMENTO DE TRANSITO DE MINAS GERAIS
2012,1561,CAMG,CIDADE ADMINISTRATIVA
2012,1571,CASA CIVIL,SECRETARIA DE ESTADO DE CASA CIVIL E DE RELACOES INSTITUCIONAIS
2012,1581,SETE,SECRETARIA DE ESTADO DE TRABALHO E EMPREGO
2012,1591,SEDVAN,SECRETARIA DE ESTADO DE DESENVOLVIMENTO DOS VALES DO JEQUITINHONHA E MUCURI E DO NORTE DE MINAS
2012,1601,EPE,ESCRITORIO DE PRIORIDADES ESTRATEGICAS
2012,1631,SEC. GERAL,SECRETARIA-GERAL
2012,1911,EGE-SEF,EGE SEC.FAZENDA-ENCARGOS DIVERSOS
2012,1915,TRANSF EMPRESAS,TRANSFERENCIAS DO ESTADO A EMPRESAS
2012,1941,EGE-SEPLAG,EGE-SECRETARIA DE ESTADO DE PLANEJAMENTO E GESTAO
2012,1991,R CONTING,RESERVA DE CONTINGENCIA
2012,2011,IPSEMG,INSTITUTO DE PREVIDENCIA DOS SERVIDORES DO ESTADO DE MINAS GERAIS
2012,2041,LEMG,LOTERIA DO ESTADO DE MINAS GERAIS
2012,2061,FJP,FUNDACAO JOAO PINHEIRO
2012,2071,FAPEMIG,FUNDACAO DE AMPARO A PESQUISA DO ESTADO DE MINAS GERAIS
2012,2081,CETEC,FUNDACAO CENTRO TECNOLOGICO DE MINAS GERAIS
2012,2091,FEAM,FUNDACAO ESTADUAL DO MEIO AMBIENTE
2012,2101,IEF,INSTITUTO ESTADUAL DE FLORESTAS
2012,2111,RURALMINAS,FUNDACAO RURAL MINEIRA
2012,2121,IPSM,INSTITUTO DE PREVIDENCIA DOS SERVIDORES MILITARES DO ESTADO DE MINAS GERAIS
2012,2141,DEOP,DEPARTAMENTO DE OBRAS PUBLICAS DO ESTADO DE MINAS GERAIS
2012,2151,FHA,FUNDACAO HELENA ANTIPOFF
2012,2161,FUCAM,FUNDACAO EDUCACIONAL CAIO MARTINS
2012,2171,FAOP,FUNDACAO DE ARTE DE OURO PRETO
2012,2181,FCS,FUNDACAO CLOVIS SALGADO
2012,2201,IEPHA,INSTITUTO ESTADUAL DO PATRIMONIO HISTORICO E ARTISTICO DE MINAS GERAIS
2012,2211,TV MINAS,FUNDACAO TV MINAS CULTURAL E EDUCATIVA
2012,2231,ADEMG,ADMINISTRACAO DE ESTADIOS DO ESTADO DE MINAS GERAIS
2012,2241,IGAM,INSTITUTO MINEIRO DE GESTAO DAS AGUAS
2012,2251,JUCEMG,JUNTA COMERCIAL DO ESTADO DE MINAS GERAIS
2012,2261,FUNED,FUNDACAO EZEQUIEL DIAS
2012,2271,FHEMIG,FUNDACAO HOSPITALAR DO ESTADO DE MINAS GERAIS
2012,2281,UTRAMIG,FUNDACAO DE EDUCACAO PARA O TRABALHO DE MINAS GERAIS
2012,2301,DER/MG,DEPARTAMENTO DE ESTRADAS DE RODAGEM DO ESTADO DE MINAS GERAIS
2012,2311,UNIMONTES,UNIVERSIDADE ESTADUAL DE MONTES CLAROS
2012,2321,HEMOMINAS,FUNDACAO CENTRO DE HEMATOLOGIA E HEMOTERAPIA DE MINAS GERAIS
2012,2331,IPEM/MG,INSTITUTO DE METROLOGIA E QUALIDADE DO ESTADO DE MINAS GERAIS
2012,2351,UEMG,UNIVERSIDADE DO ESTADO DE MINAS GERAIS
2012,2361,IPLEMG,INSTITUTO DE PREVIDENCIA DO LEGISLATIVO DO ESTADO DE MINAS GERAIS
2012,2371,IMA,INSTITUTO MINEIRO DE AGROPECUARIA
2012,2381,DETEL,DEPARTAMENTO ESTADUAL DE TELECOMUNICACOES DE MINAS GERAIS
2012,2391,IO/MG,IMPRENSA OFICIAL DO ESTADO DE MINAS GERAIS
2012,2401,IGA,INSTITUTO DE GEOCIENCIAS APLICADAS
2012,2411,ITER,INSTITUTO DE TERRAS DO ESTADO DE MINAS GERAIS
2012,2421,IDENE,INSTITUTO DE DESENVOLVIMENTO DO NORTE E NORDESTE DE MINAS GERAIS
2012,2431,AGÊNCIA RMBH,AGENCIA DE DESENVOLVIMENTO DA REGIAO METROPOLITANA DE BELO HORIZONTE
2012,2441,ARSAE-MG,AGENCIA REGULADORA DE SERVICOS DE ABASTECIMENTO DE AGUA E DE ESGOTAMENTO SANITARIO DO ESTADO DE MINA
2012,2451,HIDROEX,"FUNDACAO CENTRO INTERNACIONAL DE EDUCACAO, CAPACITACAO E PESQUISA APLICADA EM AGUAS"
2012,2461,ARMVA,AGENCIA DE DESENVOLVIMENTO DA REGIAO METROPOLITANA DO VALE DO ACO
2012,3041,EMATER,EMPRESA DE ASSISTENCIA TECNICA E EXTENSAO RURAL DO ESTADO DE MINAS GERAIS
2012,3051,EPAMIG,EMPRESA DE PESQUISA AGROPECUARIA DE MINAS GERAIS
2012,3151,RADIO,RADIO INCONFIDENCIA LTDA.
2012,4041,FUNDO JAÍBA,FUNDO DE DESENVOLVIMENTO REGIONAL DO JAIBA
2012,4061,FUNDO PRÓ-FLORESTA,FUNDO PRO-FLORESTA
2012,4091,FIA,FUNDO PARA A INFANCIA E A ADOLESCENCIA
2012,4101,FEH,FUNDO ESTADUAL DE HABITACAO
2012,4111,FUNDESE,FUNDO DE FOMENTO E DESENVOLVIMENTO SOCIOECONOMICO DO ESTADO DE MINAS GERAIS
2012,4121,FUNDHAB,FUNDO DE APOIO HABITACIONAL DA ASSEMBLEIA LEGISLATIVA DE MINAS GERAIS
2012,4141,FPE,FUNDO PENITENCIARIO ESTADUAL
2012,4151,FASTUR,FUNDO DE ASSISTENCIA AO TURISMO
2012,4171,FUNDERUR,FUNDO ESTADUAL DE DESENVOLVIMENTO RURAL
2012,4251,FEAS,FUNDO ESTADUAL DE ASSISTENCIA SOCIAL
2012,4291,FES,FUNDO ESTADUAL DE SAUDE
2012,4321,FUNPREN,"FUNDO ESTADUAL DE PREVENCAO, FISCALIZACAO E REPRESSAO DE ENTORPECENTES"
2012,4331,FDM,FUNDO DE DESENVOLVIMENTO METROPOLITANO
2012,4341,FHIDRO,"FUNDO DE RECUPERACAO, PROTECAO E DESENVOLVIMENTO SUSTENTAVEL DAS BACIAS HIDROGRAFICAS DO ESTADO DE M"
2012,4381,FUNTRANS,FUNDO ESTADUAL DE DESENVOLVIMENTO DE TRANSPORTES
2012,4421,FUNDIF,FUNDO ESTADUAL DE DEFESA DE DIREITOS DIFUSOS
2012,4431,FUNPEMG,FUNDO DE PREVIDENCIA DO ESTADO DE MINAS GERAIS
2012,4441,FUNEMP,FUNDO ESPECIAL DO MINISTERIO PUBLICO DO ESTADO DE MINAS GERAIS
2012,4451,FEPDC,FUNDO ESTADUAL DE PROTECAO E DEFESA DO CONSUMIDOR
2012,4461,FUNFIP,FUNDO FINANCEIRO DE PREVIDENCIA
2012,4481,FUNDO PPP,FUNDO DE PARCERIAS PUBLICO-PRIVADAS DO ESTADO DE MINAS GERAIS
2012,4491,FEC,FUNDO ESTADUAL DE CULTURA
2012,4501,FUNDO DE EQUALIZAÇÃO,FUNDO DE EQUALIZACAO DO ESTADO DE MINAS GERAIS
2012,4511,FINDES,FUNDO DE INCENTIVO AO DESENVOLVIMENTO
2012,4521,FUNDOMIC,FUNDO DE UNIVERSALIZACAO DO ACESSO A SERVICOS DE TELECOMUNICACAO EM MINAS GERAIS
2012,4531,FIIT,FUNDO DE INCENTIVO A INOVACAO TECNOLOGICA
2012,4541,FAHMEMG,FUNDO DE APOIO HABITACIONAL AOS MILITARES DO ESTADO DE MINAS GERAIS
2012,4551,FUNAPEC,FUNDO DE ASSISTENCIA AO PECULIO DOS SERVIDORES PUBLICOS DO ESTADO DE MINAS GERAIS
2012,4561,FEM,FUNDO DE ERRADICACAO DA MISERIA
2012,4571,FECIFIM,FUNDO ESTADUAL PARA A CIDADANIA FISCAL MINEIRA
2012,9801,SEPLAG/FPC,FOLHA DE PESSOAL CENTRALIZADA
2012,9999,EMG - ADM. DIRETA,EMG - ADMINISTRACAO DIRETA
2013,1011,ALEMG,ASSEMBLEIA LEGISLATIVA DO ESTADO DE MINAS GERAIS
2013,1021,TCEMG,TRIBUNAL DE CONTAS DO ESTADO DE MINAS GERAIS
2013,1031,TJMG,TRIBUNAL DE JUSTICA DO ESTADO DE MINAS GERAIS
2013,1051,TJMMG,TRIBUNAL DE JUSTICA MILITAR DO ESTADO DE MINAS GERAIS
2013,1071,GABINETE MILITAR,GABINETE MILITAR DO GOVERNADOR DO ESTADO DE MINAS GERAIS
2013,1081,AGE,ADVOCACIA-GERAL DO ESTADO
2013,1091,PGJ,PROCURADORIA GERAL DE JUSTICA
2013,1101,OGE,OUVIDORIA-GERAL DO ESTADO DE MINAS GERAIS
2013,1111,ERBR,ESCRITORIO DE REPRESENTACAO DO GOVERNO DO ESTADO DE MINAS GERAIS EM BRASILIA
2013,1141,ERRJ,ESCRITORIO DE REPRESENTACAO DO GOVERNO DO ESTADO DE MINAS GERAIS NO RIO DE JANEIRO
2013,1161,ERSP,ESCRITORIO  DE REPRESENTACAO DO GOVERNO DO ESTADO DE MINAS GERAIS EM SAO PAULO
2013,1191,SEF,SECRETARIA DE ESTADO DE FAZENDA
2013,1221,SECTES,"SECRETARIA DE ESTADO DE CIENCIA, TECNOLOGIA E ENSINO SUPERIOR"
2013,1231,SEAPA,"SECRETARIA DE ESTADO DE AGRICULTURA, PECUARIA E ABASTECIMENTO"
2013,1251,PMMG,POLICIA MILITAR DO ESTADO DE MINAS GERAIS
2013,1261,SEE,SECRETARIA DE ESTADO DE EDUCACAO
2013,1271,SEC,SECRETARIA DE ESTADO DE CULTURA
2013,1301,SETOP,SECRETARIA DE ESTADO  DE TRANSPORTES  E OBRAS PUBLICAS
2013,1321,SES,SECRETARIA DE ESTADO DE SAUDE
2013,1371,SEMAD,SECRETARIA DE ESTADO DE MEIO AMBIENTE E DESENVOLVIMENTO SUSTENTAVEL
2013,1401,CBMMG,CORPO DE BOMBEIROS MILITAR DO ESTADO DE MINAS GERAIS
2013,1411,SETUR,SECRETARIA DE ESTADO DE TURISMO
2013,1441,DEF PUB,DEFENSORIA PUBLICA DO ESTADO DE MINAS GERAIS
2013,1451,SEDS,SECRETARIA DE ESTADO DE DEFESA SOCIAL
2013,1461,SEDE,SECRETARIA DE ESTADO DE DESENVOLVIMENTO ECONOMICO
2013,1471,SEDRU,SECRETARIA DE ESTADO DE DESENVOLVIMENTO REGIONAL E POLITICA URBANA
2013,1481,SEDESE,SECRETARIA DE ESTADO DE DESENVOLVIMENTO SOCIAL
2013,1491,SEGOV,SECRETARIA DE ESTADO DE GOVERNO
2013,1501,SEPLAG,SECRETARIA DE ESTADO DE PLANEJAMENTO E GESTAO
2013,1511,PCMG,POLICIA CIVIL DO ESTADO DE MINAS GERAIS
2013,1521,CGE,CONTROLADORIA-GERAL DO ESTADO
2013,1531,SEEJ,SECRETARIA DE ESTADO DE ESPORTES E DA JUVENTUDE
2013,1541,ESP-MG,ESCOLA DE SAUDE PUBLICA DO ESTADO DE MINAS GERAIS
2013,1551,DETRAN/MG,DEPARTAMENTO DE TRANSITO DE MINAS GERAIS
2013,1561,CAMG,CIDADE ADMINISTRATIVA
2013,1571,CASA CIVIL,SECRETARIA DE ESTADO DE CASA CIVIL E DE RELACOES INSTITUCIONAIS
2013,1581,SETE,SECRETARIA DE ESTADO DE TRABALHO E EMPREGO
2013,1591,SEDVAN,SECRETARIA DE ESTADO DE DESENVOLVIMENTO DOS VALES DO JEQUITINHONHA E MUCURI E DO NORTE DE MINAS
2013,1601,EPE,ESCRITORIO DE PRIORIDADES ESTRATEGICAS
2013,1631,SEC. GERAL,SECRETARIA-GERAL
2013,1911,EGE-SEF,EGE SEC.FAZENDA-ENCARGOS DIVERSOS
2013,1915,TRANSF EMPRESAS,TRANSFERENCIAS DO ESTADO A EMPRESAS
2013,1941,EGE-SEPLAG,EGE-SECRETARIA DE ESTADO DE PLANEJAMENTO E GESTAO
2013,1991,R CONTING,RESERVA DE CONTINGENCIA
2013,2011,IPSEMG,INSTITUTO DE PREVIDENCIA DOS SERVIDORES DO ESTADO DE MINAS GERAIS
2013,2041,LEMG,LOTERIA DO ESTADO DE MINAS GERAIS
2013,2061,FJP,FUNDACAO JOAO PINHEIRO
2013,2071,FAPEMIG,FUNDACAO DE AMPARO A PESQUISA DO ESTADO DE MINAS GERAIS
2013,2081,CETEC,FUNDACAO CENTRO TECNOLOGICO DE MINAS GERAIS
2013,2091,FEAM,FUNDACAO ESTADUAL DO MEIO AMBIENTE
2013,2101,IEF,INSTITUTO ESTADUAL DE FLORESTAS
2013,2111,RURALMINAS,FUNDACAO RURAL MINEIRA
2013,2121,IPSM,INSTITUTO DE PREVIDENCIA DOS SERVIDORES MILITARES DO ESTADO DE MINAS GERAIS
2013,2141,DEOP,DEPARTAMENTO DE OBRAS PUBLICAS DO ESTADO DE MINAS GERAIS
2013,2151,FHA,FUNDACAO HELENA ANTIPOFF
2013,2161,FUCAM,FUNDACAO EDUCACIONAL CAIO MARTINS
2013,2171,FAOP,FUNDACAO DE ARTE DE OURO PRETO
2013,2181,FCS,FUNDACAO CLOVIS SALGADO
2013,2201,IEPHA,INSTITUTO ESTADUAL DO PATRIMONIO HISTORICO E ARTISTICO DE MINAS GERAIS
2013,2211,TV MINAS,FUNDACAO TV MINAS CULTURAL E EDUCATIVA
2013,2231,ADEMG,ADMINISTRACAO DE ESTADIOS DO ESTADO DE MINAS GERAIS
2013,2241,IGAM,INSTITUTO MINEIRO DE GESTAO DAS AGUAS
2013,2251,JUCEMG,JUNTA COMERCIAL DO ESTADO DE MINAS GERAIS
2013,2261,FUNED,FUNDACAO EZEQUIEL DIAS
2013,2271,FHEMIG,FUNDACAO HOSPITALAR DO ESTADO DE MINAS GERAIS
2013,2281,UTRAMIG,FUNDACAO DE EDUCACAO PARA O TRABALHO DE MINAS GERAIS
2013,2301,DER/MG,DEPARTAMENTO DE ESTRADAS DE RODAGEM DO ESTADO DE MINAS GERAIS
2013,2311,UNIMONTES,UNIVERSIDADE ESTADUAL DE MONTES CLAROS
2013,2321,HEMOMINAS,FUNDACAO CENTRO DE HEMATOLOGIA E HEMOTERAPIA DE MINAS GERAIS
2013,2331,IPEM/MG,INSTITUTO DE METROLOGIA E QUALIDADE DO ESTADO DE MINAS GERAIS
2013,2351,UEMG,UNIVERSIDADE DO ESTADO DE MINAS GERAIS
2013,2361,IPLEMG,INSTITUTO DE PREVIDENCIA DO LEGISLATIVO DO ESTADO DE MINAS GERAIS
2013,2371,IMA,INSTITUTO MINEIRO DE AGROPECUARIA
2013,2381,DETEL,DEPARTAMENTO ESTADUAL DE TELECOMUNICACOES DE MINAS GERAIS
2013,2391,IO/MG,IMPRENSA OFICIAL DO ESTADO DE MINAS GERAIS
2013,2401,IGA,INSTITUTO DE GEOCIENCIAS APLICADAS
2013,2411,ITER,INSTITUTO DE TERRAS DO ESTADO DE MINAS GERAIS
2013,2421,IDENE,INSTITUTO DE DESENVOLVIMENTO DO NORTE E NORDESTE DE MINAS GERAIS
2013,2431,AGÊNCIA RMBH,AGENCIA DE DESENVOLVIMENTO DA REGIAO METROPOLITANA DE BELO HORIZONTE
2013,2441,ARSAE-MG,AGENCIA REGULADORA DE SERVICOS DE ABASTECIMENTO DE AGUA E DE ESGOTAMENTO SANITARIO DO ESTADO DE MINA
2013,2451,HIDROEX,"FUNDACAO CENTRO INTERNACIONAL DE EDUCACAO, CAPACITACAO E PESQUISA APLICADA EM AGUAS"
2013,2461,ARMVA,AGENCIA DE DESENVOLVIMENTO DA REGIAO METROPOLITANA DO VALE DO ACO
2013,3041,EMATER,EMPRESA DE ASSISTENCIA TECNICA E EXTENSAO RURAL DO ESTADO DE MINAS GERAIS
2013,3051,EPAMIG,EMPRESA DE PESQUISA AGROPECUARIA DE MINAS GERAIS
2013,3151,RADIO,RADIO INCONFIDENCIA LTDA.
2013,4031,FEPJ,FUNDO ESPECIAL DO PODER JUDICIARIO DO ESTADO DE MINAS GERAIS
2013,4041,FUNDO JAÍBA,FUNDO DE DESENVOLVIMENTO REGIONAL DO JAIBA
2013,4061,FUNDO PRÓ-FLORESTA,FUNDO PRO-FLORESTA
2013,4091,FIA,FUNDO PARA A INFANCIA E A ADOLESCENCIA
2013,4101,FEH,FUNDO ESTADUAL DE HABITACAO
2013,4111,FUNDESE,FUNDO DE FOMENTO E DESENVOLVIMENTO SOCIOECONOMICO DO ESTADO DE MINAS GERAIS
2013,4121,FUNDHAB,FUNDO DE APOIO HABITACIONAL DA ASSEMBLEIA LEGISLATIVA DE MINAS GERAIS
2013,4141,FPE,FUNDO PENITENCIARIO ESTADUAL
2013,4151,FASTUR,FUNDO DE ASSISTENCIA AO TURISMO
2013,4171,FUNDERUR,FUNDO ESTADUAL DE DESENVOLVIMENTO RURAL
2013,4251,FEAS,FUNDO ESTADUAL DE ASSISTENCIA SOCIAL
2013,4291,FES,FUNDO ESTADUAL DE SAUDE
2013,4321,FUNPREN,"FUNDO ESTADUAL DE PREVENCAO, FISCALIZACAO E REPRESSAO DE ENTORPECENTES"
2013,4331,FDM,FUNDO DE DESENVOLVIMENTO METROPOLITANO
2013,4341,FHIDRO,"FUNDO DE RECUPERACAO, PROTECAO E DESENVOLVIMENTO SUSTENTAVEL DAS BACIAS HIDROGRAFICAS DO ESTADO DE M"
2013,4381,FUNTRANS,FUNDO ESTADUAL DE DESENVOLVIMENTO DE TRANSPORTES
2013,4421,FUNDIF,FUNDO ESTADUAL DE DEFESA DE DIREITOS DIFUSOS
2013,4431,FUNPEMG,FUNDO DE PREVIDENCIA DO ESTADO DE MINAS GERAIS
2013,4441,FUNEMP,FUNDO ESPECIAL DO MINISTERIO PUBLICO DO ESTADO DE MINAS GERAIS
2013,4451,FEPDC,FUNDO ESTADUAL DE PROTECAO E DEFESA DO CONSUMIDOR
2013,4461,FUNFIP,FUNDO FINANCEIRO DE PREVIDENCIA
2013,4481,FUNDO PPP,FUNDO DE PARCERIAS PUBLICO-PRIVADAS DO ESTADO DE MINAS GERAIS
2013,4491,FEC,FUNDO ESTADUAL DE CULTURA
2013,4501,FUNDO DE EQUALIZAÇÃO,FUNDO DE EQUALIZACAO DO ESTADO DE MINAS GERAIS
2013,4511,FINDES,FUNDO DE INCENTIVO AO DESENVOLVIMENTO
2013,4521,FUNDOMIC,FUNDO DE UNIVERSALIZACAO DO ACESSO A SERVICOS DE TELECOMUNICACAO EM MINAS GERAIS
2013,4531,FIIT,FUNDO DE INCENTIVO A INOVACAO TECNOLOGICA
2013,4541,FAHMEMG,FUNDO DE APOIO HABITACIONAL AOS MILITARES DO ESTADO DE MINAS GERAIS
2013,4551,FUNAPEC,FUNDO DE ASSISTENCIA AO PECULIO DOS SERVIDORES PUBLICOS DO ESTADO DE MINAS GERAIS
2013,4571,FECIFIM,FUNDO ESTADUAL PARA A CIDADANIA FISCAL MINEIRA
2013,4581,FECAFE,FUNDO ESTADUAL DO CAFE
2013,9801,SEPLAG/FPC,FOLHA DE PESSOAL CENTRALIZADA
2013,9999,EMG - ADM. DIRETA,EMG - ADMINISTRACAO DIRETA
2014,1011,ALEMG,ASSEMBLEIA LEGISLATIVA DO ESTADO DE MINAS GERAIS
2014,1021,TCEMG,TRIBUNAL DE CONTAS DO ESTADO DE MINAS GERAIS
2014,1031,TJMG,TRIBUNAL DE JUSTICA DO ESTADO DE MINAS GERAIS
2014,1051,TJMMG,TRIBUNAL DE JUSTICA MILITAR DO ESTADO DE MINAS GERAIS
2014,1071,GABINETE MILITAR,GABINETE MILITAR DO GOVERNADOR DO ESTADO DE MINAS GERAIS
2014,1081,AGE,ADVOCACIA-GERAL DO ESTADO
2014,1091,PGJ,PROCURADORIA GERAL DE JUSTICA
2014,1101,OGE,OUVIDORIA-GERAL DO ESTADO DE MINAS GERAIS
2014,1111,ERBR,ESCRITORIO DE REPRESENTACAO DO GOVERNO DO ESTADO DE MINAS GERAIS EM BRASILIA
2014,1141,ERRJ,ESCRITORIO DE REPRESENTACAO DO GOVERNO DO ESTADO DE MINAS GERAIS NO RIO DE JANEIRO
2014,1161,ERSP,ESCRITORIO  DE REPRESENTACAO DO GOVERNO DO ESTADO DE MINAS GERAIS EM SAO PAULO
2014,1191,SEF,SECRETARIA DE ESTADO DE FAZENDA
2014,1221,SECTES,"SECRETARIA DE ESTADO DE CIENCIA, TECNOLOGIA E ENSINO SUPERIOR"
2014,1231,SEAPA,"SECRETARIA DE ESTADO DE AGRICULTURA, PECUARIA E ABASTECIMENTO"
2014,1251,PMMG,POLICIA MILITAR DO ESTADO DE MINAS GERAIS
2014,1261,SEE,SECRETARIA DE ESTADO DE EDUCACAO
2014,1271,SEC,SECRETARIA DE ESTADO DE CULTURA
2014,1301,SETOP,SECRETARIA DE ESTADO  DE TRANSPORTES  E OBRAS PUBLICAS
2014,1321,SES,SECRETARIA DE ESTADO DE SAUDE
2014,1371,SEMAD,SECRETARIA DE ESTADO DE MEIO AMBIENTE E DESENVOLVIMENTO SUSTENTAVEL
2014,1401,CBMMG,CORPO DE BOMBEIROS MILITAR DO ESTADO DE MINAS GERAIS
2014,1411,SETES,SECRETARIA DE ESTADO DE TURISMO E ESPORTES
2014,1441,DEF PUB,DEFENSORIA PUBLICA DO ESTADO DE MINAS GERAIS
2014,1451,SEDS,SECRETARIA DE ESTADO DE DEFESA SOCIAL
2014,1461,SEDE,SECRETARIA DE ESTADO DE DESENVOLVIMENTO ECONOMICO
2014,1471,SEDRU,"SECRETARIA DE ESTADO DE DESENVOLVIMENTO REGIONAL, POLITICA URBANA E GESTAO METROPOLITANA"
2014,1481,SEDESE,SECRETARIA DE ESTADO DE TRABALHO E DESENVOLVIMENTO SOCIAL
2014,1491,SEGOV,SECRETARIA DE ESTADO DE GOVERNO
2014,1501,SEPLAG,SECRETARIA DE ESTADO DE PLANEJAMENTO E GESTAO
2014,1511,PCMG,POLICIA CIVIL DO ESTADO DE MINAS GERAIS
2014,1521,CGE,CONTROLADORIA-GERAL DO ESTADO
2014,1541,ESP-MG,ESCOLA DE SAUDE PUBLICA DO ESTADO DE MINAS GERAIS
2014,1551,DETRAN/MG,DEPARTAMENTO DE TRANSITO DE MINAS GERAIS
2014,1561,CAMG,CIDADE ADMINISTRATIVA
2014,1571,CASA CIVIL,SECRETARIA DE ESTADO DE CASA CIVIL E DE RELACOES INSTITUCIONAIS
2014,1591,SEDINOR,SECRETARIA DE ESTADO DE DESENVOLVIMENTO E INTEGRACAO DO NORTE E NORDESTE DE MINAS GERAIS
2014,1601,EPE,ESCRITORIO DE PRIORIDADES ESTRATEGICAS
2014,1631,SEC. GERAL,SECRETARIA-GERAL
2014,1661,INTENDÊNCIA,INTENDENCIA
2014,1911,EGE-SEF,EGE SEC.FAZENDA-ENCARGOS DIVERSOS
2014,1915,TRANSF EMPRESAS,TRANSFERENCIAS DO ESTADO A EMPRESAS
2014,1941,EGE-SEPLAG,EGE-SECRETARIA DE ESTADO DE PLANEJAMENTO E GESTAO
2014,1991,R CONTING,RESERVA DE CONTINGENCIA
2014,2011,IPSEMG,INSTITUTO DE PREVIDENCIA DOS SERVIDORES DO ESTADO DE MINAS GERAIS
2014,2041,LEMG,LOTERIA DO ESTADO DE MINAS GERAIS
2014,2061,FJP,FUNDACAO JOAO PINHEIRO
2014,2071,FAPEMIG,FUNDACAO DE AMPARO A PESQUISA DO ESTADO DE MINAS GERAIS
2014,2091,FEAM,FUNDACAO ESTADUAL DO MEIO AMBIENTE
2014,2101,IEF,INSTITUTO ESTADUAL DE FLORESTAS
2014,2111,RURALMINAS,FUNDACAO RURAL MINEIRA
2014,2121,IPSM,INSTITUTO DE PREVIDENCIA DOS SERVIDORES MILITARES DO ESTADO DE MINAS GERAIS
2014,2141,DEOP,DEPARTAMENTO DE OBRAS PUBLICAS DO ESTADO DE MINAS GERAIS
2014,2151,FHA,FUNDACAO HELENA ANTIPOFF
2014,2161,FUCAM,FUNDACAO EDUCACIONAL CAIO MARTINS
2014,2171,FAOP,FUNDACAO DE ARTE DE OURO PRETO
2014,2181,FCS,FUNDACAO CLOVIS SALGADO
2014,2201,IEPHA,INSTITUTO ESTADUAL DO PATRIMONIO HISTORICO E ARTISTICO DE MINAS GERAIS
2014,2211,TV MINAS,FUNDACAO TV MINAS CULTURAL E EDUCATIVA
2014,2241,IGAM,INSTITUTO MINEIRO DE GESTAO DAS AGUAS
2014,2251,JUCEMG,JUNTA COMERCIAL DO ESTADO DE MINAS GERAIS
2014,2261,FUNED,FUNDACAO EZEQUIEL DIAS
2014,2271,FHEMIG,FUNDACAO HOSPITALAR DO ESTADO DE MINAS GERAIS
2014,2281,UTRAMIG,FUNDACAO DE EDUCACAO PARA O TRABALHO DE MINAS GERAIS
2014,2301,DER/MG,DEPARTAMENTO DE ESTRADAS DE RODAGEM DO ESTADO DE MINAS GERAIS
2014,2311,UNIMONTES,UNIVERSIDADE ESTADUAL DE MONTES CLAROS
2014,2321,HEMOMINAS,FUNDACAO CENTRO DE HEMATOLOGIA E HEMOTERAPIA DE MINAS GERAIS
2014,2331,IPEM/MG,INSTITUTO DE METROLOGIA E QUALIDADE DO ESTADO DE MINAS GERAIS
2014,2351,UEMG,UNIVERSIDADE DO ESTADO DE MINAS GERAIS
2014,2361,IPLEMG,INSTITUTO DE PREVIDENCIA DO LEGISLATIVO DO ESTADO DE MINAS GERAIS
2014,2371,IMA,INSTITUTO MINEIRO DE AGROPECUARIA
2014,2381,DETEL,DEPARTAMENTO ESTADUAL DE TELECOMUNICACOES DE MINAS GERAIS
2014,2391,IO/MG,IMPRENSA OFICIAL DO ESTADO DE MINAS GERAIS
2014,2401,IGTEC,INSTITUTO DE GEOINFORMACAO  E TECNOLOGIA
2014,2421,IDENE,INSTITUTO DE DESENVOLVIMENTO DO NORTE E NORDESTE DE MINAS GERAIS
2014,2431,AGÊNCIA RMBH,AGENCIA DE DESENVOLVIMENTO DA REGIAO METROPOLITANA DE BELO HORIZONTE
2014,2441,ARSAE-MG,AGENCIA REGULADORA DE SERVICOS DE ABASTECIMENTO DE AGUA E DE ESGOTAMENTO SANITARIO DO ESTADO DE MINA
2014,2451,HIDROEX,"FUNDACAO CENTRO INTERNACIONAL DE EDUCACAO, CAPACITACAO E PESQUISA APLICADA EM AGUAS"
2014,2461,ARMVA,AGENCIA DE DESENVOLVIMENTO DA REGIAO METROPOLITANA DO VALE DO ACO
2014,3041,EMATER,EMPRESA DE ASSISTENCIA TECNICA E EXTENSAO RURAL DO ESTADO DE MINAS GERAIS
2014,3051,EPAMIG,EMPRESA DE PESQUISA AGROPECUARIA DE MINAS GERAIS
2014,3151,RADIO,RADIO INCONFIDENCIA LTDA.
2014,4031,FEPJ,FUNDO ESPECIAL DO PODER JUDICIARIO DO ESTADO DE MINAS GERAIS
2014,4041,FUNDO JAÍBA,FUNDO DE DESENVOLVIMENTO REGIONAL DO JAIBA
2014,4061,FUNDO PRÓ-FLORESTA,FUNDO PRO-FLORESTA
2014,4091,FIA,FUNDO PARA A INFANCIA E A ADOLESCENCIA
2014,4101,FEH,FUNDO ESTADUAL DE HABITACAO
2014,4111,FUNDESE,FUNDO DE FOMENTO E DESENVOLVIMENTO SOCIOECONOMICO DO ESTADO DE MINAS GERAIS
2014,4121,FUNDHAB,FUNDO DE APOIO HABITACIONAL DA ASSEMBLEIA LEGISLATIVA DE MINAS GERAIS
2014,4141,FPE,FUNDO PENITENCIARIO ESTADUAL
2014,4151,FASTUR,FUNDO DE ASSISTENCIA AO TURISMO
2014,4171,FUNDERUR,FUNDO ESTADUAL DE DESENVOLVIMENTO RURAL
2014,4251,FEAS,FUNDO ESTADUAL DE ASSISTENCIA SOCIAL
2014,4291,FES,FUNDO ESTADUAL DE SAUDE
2014,4321,FUNPREN,"FUNDO ESTADUAL DE PREVENCAO, FISCALIZACAO E REPRESSAO DE ENTORPECENTES"
2014,4331,FDM,FUNDO DE DESENVOLVIMENTO METROPOLITANO
2014,4341,FHIDRO,"FUNDO DE RECUPERACAO, PROTECAO E DESENVOLVIMENTO SUSTENTAVEL DAS BACIAS HIDROGRAFICAS DO ESTADO DE M"
2014,4381,FUNTRANS,FUNDO ESTADUAL DE DESENVOLVIMENTO DE TRANSPORTES
2014,4421,FUNDIF,FUNDO ESTADUAL DE DEFESA DE DIREITOS DIFUSOS
2014,4441,FUNEMP,FUNDO ESPECIAL DO MINISTERIO PUBLICO DO ESTADO DE MINAS GERAIS
2014,4451,FEPDC,FUNDO ESTADUAL DE PROTECAO E DEFESA DO CONSUMIDOR
2014,4461,FUNFIP,FUNDO FINANCEIRO DE PREVIDENCIA
2014,4481,FUNDO PPP,FUNDO DE PARCERIAS PUBLICO-PRIVADAS DO ESTADO DE MINAS GERAIS
2014,4491,FEC,FUNDO ESTADUAL DE CULTURA
2014,4501,FUNDO DE EQUALIZAÇÃO,FUNDO DE EQUALIZACAO DO ESTADO DE MINAS GERAIS
2014,4511,FINDES,FUNDO DE INCENTIVO AO DESENVOLVIMENTO
2014,4521,FUNDOMIC,FUNDO DE UNIVERSALIZACAO DO ACESSO A SERVICOS DE TELECOMUNICACAO EM MINAS GERAIS
2014,4531,FIIT,FUNDO DE INCENTIVO A INOVACAO TECNOLOGICA
2014,4541,FAHMEMG,FUNDO DE APOIO HABITACIONAL AOS MILITARES DO ESTADO DE MINAS GERAIS
2014,4551,FUNAPEC,FUNDO DE ASSISTENCIA AO PECULIO DOS SERVIDORES PUBLICOS DO ESTADO DE M
2014,4571,FECIFIM,FUNDO ESTADUAL PARA A CIDADANIA FISCAL MINEIRA
2014,4581,FECAFE,FUNDO ESTADUAL DO CAFE
2014,9801,SEPLAG/FPC,FOLHA DE PESSOAL CENTRALIZADA
2014,9999,EMG - ADM. DIRETA,EMG - ADMINISTRACAO DIRETA
2015,1011,ALEMG,ASSEMBLEIA LEGISLATIVA DO ESTADO DE MINAS GERAIS
2015,1021,TCEMG,TRIBUNAL DE CONTAS DO ESTADO DE MINAS GERAIS
2015,1031,TJMG,TRIBUNAL DE JUSTICA DO ESTADO DE MINAS GERAIS
2015,1051,TJMMG,TRIBUNAL DE JUSTICA MILITAR DO ESTADO DE MINAS GERAIS
2015,1071,GABINETE MILITAR,GABINETE MILITAR DO GOVERNADOR DO ESTADO DE MINAS GERAIS
2015,1081,AGE,ADVOCACIA-GERAL DO ESTADO
2015,1091,PGJ,PROCURADORIA GERAL DE JUSTICA
2015,1101,OGE,OUVIDORIA-GERAL DO ESTADO DE MINAS GERAIS
2015,1111,ERBR,ESCRITORIO DE REPRESENTACAO DO GOVERNO DO ESTADO DE MINAS GERAIS EM BRASILIA
2015,1141,ERRJ,ESCRITORIO DE REPRESENTACAO DO GOVERNO DO ESTADO DE MINAS GERAIS NO RIO DE JANEIRO
2015,1161,ERSP,ESCRITORIO  DE REPRESENTACAO DO GOVERNO DO ESTADO DE MINAS GERAIS EM SAO PAULO
2015,1191,SEF,SECRETARIA DE ESTADO DE FAZENDA
2015,1221,SECTES,"SECRETARIA DE ESTADO DE CIENCIA, TECNOLOGIA E ENSINO SUPERIOR"
2015,1231,SEAPA,"SECRETARIA DE ESTADO DE AGRICULTURA, PECUARIA E ABASTECIMENTO"
2015,1251,PMMG,POLICIA MILITAR DO ESTADO DE MINAS GERAIS
2015,1261,SEE,SECRETARIA DE ESTADO DE EDUCACAO
2015,1271,SEC,SECRETARIA DE ESTADO DE CULTURA
2015,1301,SETOP,SECRETARIA DE ESTADO  DE TRANSPORTES  E OBRAS PUBLICAS
2015,1371,SEMAD,SECRETARIA DE ESTADO DE MEIO AMBIENTE E DESENVOLVIMENTO SUSTENTAVEL
2015,1401,CBMMG,CORPO DE BOMBEIROS MILITAR DO ESTADO DE MINAS GERAIS
2015,1411,SETUR,SECRETARIA DE ESTADO DE TURISMO
2015,1441,DEF PUB,DEFENSORIA PUBLICA DO ESTADO DE MINAS GERAIS
2015,1451,SEDS,SECRETARIA DE ESTADO DE DEFESA SOCIAL
2015,1461,SEDE,SECRETARIA DE ESTADO DE DESENVOLVIMENTO ECONOMICO
2015,1471,SEDRU,"SECRETARIA DE ESTADO DE DESENVOLVIMENTO REGIONAL, POLITICA URBANA E GESTAO METROPOLITANA"
2015,1481,SEDESE,SECRETARIA DE ESTADO DE TRABALHO E DESENVOLVIMENTO SOCIAL
2015,1491,SEGOV,SECRETARIA DE ESTADO DE GOVERNO
2015,1501,SEPLAG,SECRETARIA DE ESTADO DE PLANEJAMENTO E GESTAO
2015,1511,PCMG,POLICIA CIVIL DO ESTADO DE MINAS GERAIS
2015,1521,CGE,CONTROLADORIA-GERAL DO ESTADO
2015,1541,ESP-MG,ESCOLA DE SAUDE PUBLICA DO ESTADO DE MINAS GERAIS
2015,1551,DETRAN/MG,DEPARTAMENTO DE TRANSITO DE MINAS GERAIS
2015,1561,CAMG,CIDADE ADMINISTRATIVA
2015,1571,CASA CIVIL,SECRETARIA DE ESTADO DE CASA CIVIL E DE RELACOES INSTITUCIONAIS
2015,1591,SEDINOR,SECRETARIA DE ESTADO DE DESENVOLVIMENTO E INTEGRACAO DO NORTE E NORDESTE DE MINAS GERAIS
2015,1601,EPE,ESCRITORIO DE PRIORIDADES ESTRATEGICAS
2015,1631,SEC. GERAL,SECRETARIA-GERAL
2015,1641,SEDA,SECRETARIA DE ESTADO DE DESENVOLVIMENTO AGRARIO
2015,1651,SEDPAC,"SECRETARIA DE ESTADO DE DIREITOS HUMANOS, PARTICIPACAO SOCIAL E CIDADA"
2015,1661,INTENDÊNCIA,INTENDENCIA
2015,1671,SEESP,SECRETARIA DE ESTADO DE ESPORTES
2015,1681,SERH,SECRETARIA DE ESTADO DE RECURSOS HUMANOS
2015,1911,EGE-SEF,EGE SEC.FAZENDA-ENCARGOS DIVERSOS
2015,1915,TRANSF EMPRESAS,TRANSFERENCIAS DO ESTADO A EMPRESAS
2015,1941,EGE-SEPLAG,EGE-SECRETARIA DE ESTADO DE PLANEJAMENTO E GESTAO
2015,1991,RC,RESERVA DE CONTINGENCIA
2015,2011,IPSEMG,INSTITUTO DE PREVIDENCIA DOS SERVIDORES DO ESTADO DE MINAS GERAIS
2015,2041,LEMG,LOTERIA DO ESTADO DE MINAS GERAIS
2015,2061,FJP,FUNDACAO JOAO PINHEIRO
2015,2071,FAPEMIG,FUNDACAO DE AMPARO A PESQUISA DO ESTADO DE MINAS GERAIS
2015,2091,FEAM,FUNDACAO ESTADUAL DO MEIO AMBIENTE
2015,2101,IEF,INSTITUTO ESTADUAL DE FLORESTAS
2015,2111,RURALMINAS,FUNDACAO RURAL MINEIRA
2015,2121,IPSM,INSTITUTO DE PREVIDENCIA DOS SERVIDORES MILITARES DO ESTADO DE MINAS GERAIS
2015,2141,DEOP,DEPARTAMENTO DE OBRAS PUBLICAS DO ESTADO DE MINAS GERAIS
2015,2151,FHA,FUNDACAO HELENA ANTIPOFF
2015,2161,FUCAM,FUNDACAO EDUCACIONAL CAIO MARTINS
2015,2171,FAOP,FUNDACAO DE ARTE DE OURO PRETO
2015,2181,FCS,FUNDACAO CLOVIS SALGADO
2015,2201,IEPHA,INSTITUTO ESTADUAL DO PATRIMONIO HISTORICO E ARTISTICO DE MINAS GERAIS
2015,2211,TV MINAS,FUNDACAO TV MINAS CULTURAL E EDUCATIVA
2015,2241,IGAM,INSTITUTO MINEIRO DE GESTAO DAS AGUAS
2015,2251,JUCEMG,JUNTA COMERCIAL DO ESTADO DE MINAS GERAIS
2015,2261,FUNED,FUNDACAO EZEQUIEL DIAS
2015,2271,FHEMIG,FUNDACAO HOSPITALAR DO ESTADO DE MINAS GERAIS
2015,2281,UTRAMIG,FUNDACAO DE EDUCACAO PARA O TRABALHO DE MINAS GERAIS
2015,2301,DER/MG,DEPARTAMENTO DE ESTRADAS DE RODAGEM DO ESTADO DE MINAS GERAIS
2015,2311,UNIMONTES,UNIVERSIDADE ESTADUAL DE MONTES CLAROS
2015,2321,HEMOMINAS,FUNDACAO CENTRO DE HEMATOLOGIA E HEMOTERAPIA DE MINAS GERAIS
2015,2331,IPEM/MG,INSTITUTO DE METROLOGIA E QUALIDADE DO ESTADO DE MINAS GERAIS
2015,2351,UEMG,UNIVERSIDADE DO ESTADO DE MINAS GERAIS
2015,2361,IPLEMG,INSTITUTO DE PREVIDENCIA DO LEGISLATIVO DO ESTADO DE MINAS GERAIS
2015,2371,IMA,INSTITUTO MINEIRO DE AGROPECUARIA
2015,2381,DETEL,DEPARTAMENTO ESTADUAL DE TELECOMUNICACOES DE MINAS GERAIS
2015,2391,IO/MG,IMPRENSA OFICIAL DO ESTADO DE MINAS GERAIS
2015,2401,IGTEC,INSTITUTO DE GEOINFORMACAO  E TECNOLOGIA
2015,2421,IDENE,INSTITUTO DE DESENVOLVIMENTO DO NORTE E NORDESTE DE MINAS GERAIS
2015,2431,AGÊNCIA RMBH,AGENCIA DE DESENVOLVIMENTO DA REGIAO METROPOLITANA DE BELO HORIZONTE
2015,2441,ARSAE-MG,AGENCIA REGULADORA DE SERVICOS DE ABASTECIMENTO DE AGUA E DE ESGOTAMENTO SANITARIO DO ESTADO DE MINA
2015,2451,HIDROEX,"FUNDACAO CENTRO INTERNACIONAL DE EDUCACAO, CAPACITACAO E PESQUISA APLICADA EM AGUAS"
2015,2461,ARMVA,AGENCIA DE DESENVOLVIMENTO DA REGIAO METROPOLITANA DO VALE DO ACO
2015,3041,EMATER,EMPRESA DE ASSISTENCIA TECNICA E EXTENSAO RURAL DO ESTADO DE MINAS GERAIS
2015,3051,EPAMIG,EMPRESA DE PESQUISA AGROPECUARIA DE MINAS GERAIS
2015,3151,RADIO,RADIO INCONFIDENCIA LTDA.
2015,4031,FEPJ,FUNDO ESPECIAL DO PODER JUDICIARIO DO ESTADO DE MINAS GERAIS
2015,4041,FUNDO JAÍBA,FUNDO DE DESENVOLVIMENTO REGIONAL DO JAIBA
2015,4061,FUNDO PRÓ-FLORESTA,FUNDO PRO-FLORESTA
2015,4091,FIA,FUNDO PARA A INFANCIA E A ADOLESCENCIA
2015,4101,FEH,FUNDO ESTADUAL DE HABITACAO
2015,4111,FUNDESE,FUNDO DE FOMENTO E DESENVOLVIMENTO SOCIOECONOMICO DO ESTADO DE MINAS GERAIS
2015,4121,FUNDHAB,FUNDO DE APOIO HABITACIONAL DA ASSEMBLEIA LEGISLATIVA DE MINAS GERAIS
2015,4141,FPE,FUNDO PENITENCIARIO ESTADUAL
2015,4151,FASTUR,FUNDO DE ASSISTENCIA AO TURISMO
2015,4171,FUNDERUR,FUNDO ESTADUAL DE DESENVOLVIMENTO RURAL
2015,4251,FEAS,FUNDO ESTADUAL DE ASSISTENCIA SOCIAL
2015,4291,FES,FUNDO ESTADUAL DE SAUDE
2015,4321,FUNPREN,"FUNDO ESTADUAL DE PREVENCAO, FISCALIZACAO E REPRESSAO DE ENTORPECENTES"
2015,4331,FDM,FUNDO DE DESENVOLVIMENTO METROPOLITANO
2015,4341,FHIDRO,"FUNDO DE RECUPERACAO, PROTECAO E DESENVOLVIMENTO SUSTENTAVEL DAS BACIAS HIDROGRAFICAS DO ESTADO DE M"
2015,4381,FUNTRANS,FUNDO ESTADUAL DE DESENVOLVIMENTO DE TRANSPORTES
2015,4421,FUNDIF,FUNDO ESTADUAL DE DEFESA DE DIREITOS DIFUSOS
2015,4441,FUNEMP,FUNDO ESPECIAL DO MINISTERIO PUBLICO DO ESTADO DE MINAS GERAIS
2015,4451,FEPDC,FUNDO ESTADUAL DE PROTECAO E DEFESA DO CONSUMIDOR
2015,4461,FUNFIP,FUNDO FINANCEIRO DE PREVIDENCIA
2015,4481,FUNDO PPP,FUNDO DE PARCERIAS PUBLICO-PRIVADAS DO ESTADO DE MINAS GERAIS
2015,4491,FEC,FUNDO ESTADUAL DE CULTURA
2015,4501,FUNDO DE EQUALIZAÇÃO,FUNDO DE EQUALIZACAO DO ESTADO DE MINAS GERAIS
2015,4511,FINDES,FUNDO DE INCENTIVO AO DESENVOLVIMENTO
2015,4531,FIIT,FUNDO DE INCENTIVO A INOVACAO TECNOLOGICA
2015,4541,FAHMEMG,FUNDO DE APOIO HABITACIONAL AOS MILITARES DO ESTADO DE MINAS GERAIS
2015,4551,FUNAPEC,FUNDO DE ASSISTENCIA AO PECULIO DOS SERVIDORES PUBLICOS DO ESTADO DE MINAS GERAIS
2015,4571,FECIFIM,FUNDO ESTADUAL PARA A CIDADANIA FISCAL MINEIRA
2015,4581,FECAFÉ,FUNDO ESTADUAL DO CAFE
2015,4601,FEI,FUNDO ESTADUAL DOS DIREITOS DO IDOSO
2015,9801,SEPLAG/FPC,FOLHA DE PESSOAL CENTRALIZADA
2015,9999,EMG - ADM. DIRETA,EMG - ADMINISTRACAO DIRETA
2016,1011,ALEMG,ASSEMBLEIA LEGISLATIVA DO ESTADO DE MINAS GERAIS
2016,1021,TCEMG,TRIBUNAL DE CONTAS DO ESTADO DE MINAS GERAIS
2016,1031,TJMG,TRIBUNAL DE JUSTICA DO ESTADO DE MINAS GERAIS
2016,1051,TJMMG,TRIBUNAL DE JUSTICA MILITAR DO ESTADO DE MINAS GERAIS
2016,1071,GABINETE MILITAR,GABINETE MILITAR DO GOVERNADOR DO ESTADO DE MINAS GERAIS
2016,1081,AGE,ADVOCACIA-GERAL DO ESTADO
2016,1091,PGJ,PROCURADORIA GERAL DE JUSTICA
2016,1101,OGE,OUVIDORIA-GERAL DO ESTADO DE MINAS GERAIS
2016,1111,ERBR,ESCRITORIO DE REPRESENTACAO DO GOVERNO DO ESTADO DE MINAS GERAIS EM BRASILIA
2016,1191,SEF,SECRETARIA DE ESTADO DE FAZENDA
2016,1221,SEDECTES,"SECRETARIA DE ESTADO DE DESENVOLVIMENTO ECONOMICO, CIENCIA, TECNOLOGIA E ENSINO SUPERIOR"
2016,1231,SEAPA,"SECRETARIA DE ESTADO DE AGRICULTURA, PECUARIA E ABASTECIMENTO"
2016,1251,PMMG,POLICIA MILITAR DO ESTADO DE MINAS GERAIS
2016,1261,SEE,SECRETARIA DE ESTADO DE EDUCACAO
2016,1271,SEC,SECRETARIA DE ESTADO DE CULTURA
2016,1301,SETOP,SECRETARIA DE ESTADO  DE TRANSPORTES  E OBRAS PUBLICAS
2016,1371,SEMAD,SECRETARIA DE ESTADO DE MEIO AMBIENTE E DESENVOLVIMENTO SUSTENTAVEL
2016,1401,CBMMG,CORPO DE BOMBEIROS MILITAR DO ESTADO DE MINAS GERAIS
2016,1411,SETUR,SECRETARIA DE ESTADO DE TURISMO
2016,1441,DEF PUB,DEFENSORIA PUBLICA DO ESTADO DE MINAS GERAIS
2016,1451,SEAP,SECRETARIA DE ESTADO DE ADMINISTRACAO PRISIONAL
2016,1461,SEDE,SECRETARIA DE ESTADO DE DESENVOLVIMENTO ECONOMICO
2016,1471,SECIR,SECRETARIA DE ESTADO DE CIDADES E DE INTEGRACAO REGIONAL
2016,1481,SEDESE,SECRETARIA DE ESTADO DE TRABALHO E DESENVOLVIMENTO SOCIAL
2016,1491,SEGOV,SECRETARIA DE ESTADO DE GOVERNO
2016,1501,SEPLAG,SECRETARIA DE ESTADO DE PLANEJAMENTO E GESTAO
2016,1502,CAMG,CIDADE ADMINISTRATIVA
2016,1511,PCMG,POLICIA CIVIL DO ESTADO DE MINAS GERAIS
2016,1521,CGE,CONTROLADORIA-GERAL DO ESTADO
2016,1541,ESP-MG,ESCOLA DE SAUDE PUBLICA DO ESTADO DE MINAS GERAIS
2016,1551,DETRAN/MG,DEPARTAMENTO DE TRANSITO DE MINAS GERAIS
2016,1571,SECCRI,SECRETARIA DE ESTADO DE CASA CIVIL E DE RELACOES INSTITUCIONAIS
2016,1591,SEDINOR,SECRETARIA DE ESTADO DE DESENVOLVIMENTO E INTEGRACAO DO NORTE E NORDESTE DE MINAS GERAIS
2016,1631,SEC. GERAL,SECRETARIA-GERAL
2016,1641,SEDA,SECRETARIA DE ESTADO DE DESENVOLVIMENTO AGRARIO
2016,1651,SEDPAC,"SECRETARIA DE ESTADO DE DIREITOS HUMANOS, PARTICIPACAO SOCIAL E CIDADANIA"
2016,1661,INTENDÊNCIA,INTENDENCIA
2016,1671,SEESP,SECRETARIA DE ESTADO DE ESPORTES
2016,1691,SESP,SECRETARIA DE ESTADO DE SEGURANCA PUBLICA
2016,1701,SEEDIF,SECRETARIA DE ESTADO EXTRAORDINARIA DE DESENVOLVIMENTO INTEGRADO E FOR
2016,1911,EGE-SEF,EGE SEC.FAZENDA-ENCARGOS DIVERSOS
2016,1915,PARTICIPAÇÃO EMPRESAS,PARTICIPACAO NO AUMENTO DO CAPITAL SOCIAL DE EMPRESAS
2016,1916,GDPE - SEF,GESTAO DA DIVIDA PUBLICA ESTADUAL
2016,1941,EGE-SEPLAG,EGE-SECRETARIA DE ESTADO DE PLANEJAMENTO E GESTAO
2016,1991,RC,RESERVA DE CONTINGENCIA
2016,2011,IPSEMG,INSTITUTO DE PREVIDENCIA DOS SERVIDORES DO ESTADO DE MINAS GERAIS
2016,2041,LEMG,LOTERIA DO ESTADO DE MINAS GERAIS
2016,2061,FJP,FUNDACAO JOAO PINHEIRO
2016,2071,FAPEMIG,FUNDACAO DE AMPARO A PESQUISA DO ESTADO DE MINAS GERAIS
2016,2091,FEAM,FUNDACAO ESTADUAL DO MEIO AMBIENTE
2016,2101,IEF,INSTITUTO ESTADUAL DE FLORESTAS
2016,2111,RURALMINAS,FUNDACAO RURAL MINEIRA
2016,2121,IPSM,INSTITUTO DE PREVIDENCIA DOS SERVIDORES MILITARES DO ESTADO DE MINAS GERAIS
2016,2141,DEOP,DEPARTAMENTO DE OBRAS PUBLICAS DO ESTADO DE MINAS GERAIS
2016,2151,FHA,FUNDACAO HELENA ANTIPOFF
2016,2161,FUCAM,FUNDACAO EDUCACIONAL CAIO MARTINS
2016,2171,FAOP,FUNDACAO DE ARTE DE OURO PRETO
2016,2181,FCS,FUNDACAO CLOVIS SALGADO
2016,2201,IEPHA,INSTITUTO ESTADUAL DO PATRIMONIO HISTORICO E ARTISTICO DE MINAS GERAIS
2016,2211,TV MINAS,FUNDACAO TV MINAS CULTURAL E EDUCATIVA
2016,2241,IGAM,INSTITUTO MINEIRO DE GESTAO DAS AGUAS
2016,2251,JUCEMG,JUNTA COMERCIAL DO ESTADO DE MINAS GERAIS
2016,2261,FUNED,FUNDACAO EZEQUIEL DIAS
2016,2271,FHEMIG,FUNDACAO HOSPITALAR DO ESTADO DE MINAS GERAIS
2016,2281,UTRAMIG,FUNDACAO DE EDUCACAO PARA O TRABALHO DE MINAS GERAIS
2016,2301,DEER-MG,DEPARTAMENTO DE EDIFICACOES E ESTRADAS DE RODAGEM DO ESTADO
2016,2311,UNIMONTES,UNIVERSIDADE ESTADUAL DE MONTES CLAROS
2016,2321,HEMOMINAS,FUNDACAO CENTRO DE HEMATOLOGIA E HEMOTERAPIA DE MINAS GERAIS
2016,2331,IPEM/MG,INSTITUTO DE METROLOGIA E QUALIDADE DO ESTADO DE MINAS GERAIS
2016,2351,UEMG,UNIVERSIDADE DO ESTADO DE MINAS GERAIS
2016,2361,IPLEMG,INSTITUTO DE PREVIDENCIA DO LEGISLATIVO DO ESTADO DE MINAS GERAIS
2016,2371,IMA,INSTITUTO MINEIRO DE AGROPECUARIA
2016,2381,DETEL,DEPARTAMENTO ESTADUAL DE TELECOMUNICACOES DE MINAS GERAIS
2016,2391,IO/MG,IMPRENSA OFICIAL DO ESTADO DE MINAS GERAIS
2016,2401,IGTEC,INSTITUTO DE GEOINFORMACAO  E TECNOLOGIA
2016,2421,IDENE,INSTITUTO DE DESENVOLVIMENTO DO NORTE E NORDESTE DE MINAS GERAIS
2016,2431,AGÊNCIA RMBH,AGENCIA DE DESENVOLVIMENTO DA REGIAO METROPOLITANA DE BELO HORIZONTE
2016,2441,ARSAE-MG,AGENCIA REGULADORA DE SERVICOS DE ABASTECIMENTO DE AGUA E DE ESGOTAMENTO SANITARIO DO ESTADO DE MINA
2016,2451,HIDROEX,"FUNDACAO CENTRO INTERNACIONAL DE EDUCACAO, CAPACITACAO E PESQUISA APLICADA EM AGUAS"
2016,2461,ARMVA,AGENCIA DE DESENVOLVIMENTO DA REGIAO METROPOLITANA DO VALE DO ACO
2016,3041,EMATER,EMPRESA DE ASSISTENCIA TECNICA E EXTENSAO RURAL DO ESTADO DE MINAS GERAIS
2016,3051,EPAMIG,EMPRESA DE PESQUISA AGROPECUARIA DE MINAS GERAIS
2016,3151,EMC,EMPRESA MINEIRA DE COMUNICACAO
2016,4031,FEPJ,FUNDO ESPECIAL DO PODER JUDICIARIO DO ESTADO DE MINAS GERAIS
2016,4041,FUNDO JAÍBA,FUNDO DE DESENVOLVIMENTO REGIONAL DO JAIBA
2016,4061,FUNDO PRÓ-FLORESTA,FUNDO PRO-FLORESTA
2016,4091,FIA,FUNDO PARA A INFANCIA E A ADOLESCENCIA
2016,4101,FEH,FUNDO ESTADUAL DE HABITACAO
2016,4111,FUNDESE,FUNDO DE FOMENTO E DESENVOLVIMENTO SOCIOECONOMICO DO ESTADO DE MINAS GERAIS
2016,4121,FUNDHAB,FUNDO DE APOIO HABITACIONAL DA ASSEMBLEIA LEGISLATIVA DE MINAS GERAIS
2016,4141,FPE,FUNDO PENITENCIARIO ESTADUAL
2016,4151,FASTUR,FUNDO DE ASSISTENCIA AO TURISMO
2016,4171,FUNDERUR,FUNDO ESTADUAL DE DESENVOLVIMENTO RURAL
2016,4251,FEAS,FUNDO ESTADUAL DE ASSISTENCIA SOCIAL
2016,4291,FES,FUNDO ESTADUAL DE SAUDE
2016,4321,FUNPREN,"FUNDO ESTADUAL DE PREVENCAO, FISCALIZACAO E REPRESSAO DE ENTORPECENTES"
2016,4331,FDM,FUNDO DE DESENVOLVIMENTO METROPOLITANO
2016,4341,FHIDRO,"FUNDO DE RECUPERACAO, PROTECAO E DESENVOLVIMENTO SUSTENTAVEL DAS BACIAS HIDROGRAFICAS DO ESTADO DE M"
2016,4381,FUNTRANS,FUNDO ESTADUAL DE DESENVOLVIMENTO DE TRANSPORTES
2016,4421,FUNDIF,FUNDO ESTADUAL DE DEFESA DE DIREITOS DIFUSOS
2016,4441,FUNEMP,FUNDO ESPECIAL DO MINISTERIO PUBLICO DO ESTADO DE MINAS GERAIS
2016,4451,FEPDC,FUNDO ESTADUAL DE PROTECAO E DEFESA DO CONSUMIDOR
2016,4461,FUNFIP,FUNDO FINANCEIRO DE PREVIDENCIA
2016,4481,FUNDO PPP,FUNDO DE PARCERIAS PUBLICO-PRIVADAS DO ESTADO DE MINAS GERAIS
2016,4491,FEC,FUNDO ESTADUAL DE CULTURA
2016,4501,FUNDO DE EQUALIZAÇÃO,FUNDO DE EQUALIZACAO DO ESTADO DE MINAS GERAIS
2016,4511,FINDES,FUNDO DE INCENTIVO AO DESENVOLVIMENTO
2016,4531,FIIT,FUNDO DE INCENTIVO A INOVACAO TECNOLOGICA
2016,4541,FAHMEMG,FUNDO DE APOIO HABITACIONAL AOS MILITARES DO ESTADO DE MINAS GERAIS
2016,4551,FUNAPEC,FUNDO DE ASSISTENCIA AO PECULIO DOS SERVIDORES PUBLICOS DO ESTADO DE MINAS GERAIS
2016,4571,FECIFIM,FUNDO ESTADUAL PARA A CIDADANIA FISCAL MINEIRA
2016,4581,FECAFÉ,FUNDO ESTADUAL DO CAFE
2016,4601,FEI,FUNDO ESTADUAL DOS DIREITOS DO IDOSO
2016,9801,FPC/SEF,FOLHA DE PESSOAL CENTRALIZADA - SEF
2016,9999,EMG - ADM. DIRETA,EMG - ADMINISTRACAO DIRETA
2017,1011,ALEMG,ASSEMBLEIA LEGISLATIVA DO ESTADO DE MINAS GERAIS
2017,1021,TCEMG,TRIBUNAL DE CONTAS DO ESTADO DE MINAS GERAIS
2017,1031,TJMG,TRIBUNAL DE JUSTICA DO ESTADO DE MINAS GERAIS
2017,1051,TJMMG,TRIBUNAL DE JUSTICA MILITAR DO ESTADO DE MINAS GERAIS
2017,1071,GABINETE MILITAR,GABINETE MILITAR DO GOVERNADOR DO ESTADO DE MINAS GERAIS
2017,1081,AGE,ADVOCACIA-GERAL DO ESTADO
2017,1091,PGJ,PROCURADORIA GERAL DE JUSTICA
2017,1101,OGE,OUVIDORIA-GERAL DO ESTADO DE MINAS GERAIS
2017,1191,SEF,SECRETARIA DE ESTADO DE FAZENDA
2017,1221,SEDECTES,"SECRETARIA DE ESTADO DE DESENVOLVIMENTO ECONOMICO, CIENCIA, TECNOLOGIA E ENSINO SUPERIOR"
2017,1231,SEAPA,"SECRETARIA DE ESTADO DE AGRICULTURA, PECUARIA E ABASTECIMENTO"
2017,1251,PMMG,POLICIA MILITAR DO ESTADO DE MINAS GERAIS
2017,1261,SEE,SECRETARIA DE ESTADO DE EDUCACAO
2017,1271,SEC,SECRETARIA DE ESTADO DE CULTURA
2017,1301,SETOP,SECRETARIA DE ESTADO  DE TRANSPORTES  E OBRAS PUBLICAS
2017,1371,SEMAD,SECRETARIA DE ESTADO DE MEIO AMBIENTE E DESENVOLVIMENTO SUSTENTAVEL
2017,1401,CBMMG,CORPO DE BOMBEIROS MILITAR DO ESTADO DE MINAS GERAIS
2017,1411,SETUR,SECRETARIA DE ESTADO DE TURISMO
2017,1441,DEF PUB,DEFENSORIA PUBLICA DO ESTADO DE MINAS GERAIS
2017,1451,SEAP,SECRETARIA DE ESTADO DE ADMINISTRACAO PRISIONAL
2017,1471,SECIR,SECRETARIA DE ESTADO DE CIDADES E DE INTEGRACAO REGIONAL
2017,1481,SEDESE,SECRETARIA DE ESTADO DE TRABALHO E DESENVOLVIMENTO SOCIAL
2017,1491,SEGOV,SECRETARIA DE ESTADO DE GOVERNO
2017,1501,SEPLAG,SECRETARIA DE ESTADO DE PLANEJAMENTO E GESTAO
2017,1502,CAMG,CIDADE ADMINISTRATIVA
2017,1511,PCMG,POLICIA CIVIL DO ESTADO DE MINAS GERAIS
2017,1521,CGE,CONTROLADORIA-GERAL DO ESTADO
2017,1541,ESP-MG,ESCOLA DE SAUDE PUBLICA DO ESTADO DE MINAS GERAIS
2017,1551,DETRAN/MG,DEPARTAMENTO DE TRANSITO DE MINAS GERAIS
2017,1571,SECCRI,SECRETARIA DE ESTADO DE CASA CIVIL E DE RELACOES INSTITUCIONAIS
2017,1591,SEDINOR,SECRETARIA DE ESTADO DE DESENVOLVIMENTO E INTEGRACAO DO NORTE E NORDESTE DE MINAS GERAIS
2017,1631,SEC. GERAL,SECRETARIA-GERAL
2017,1641,SEDA,SECRETARIA DE ESTADO DE DESENVOLVIMENTO AGRARIO
2017,1651,SEDPAC,"SECRETARIA DE ESTADO DE DIREITOS HUMANOS, PARTICIPACAO SOCIAL E CIDADANIA"
2017,1671,SEESP,SECRETARIA DE ESTADO DE ESPORTES
2017,1691,SESP,SECRETARIA DE ESTADO DE SEGURANCA PUBLICA
2017,1701,SEEDIF,SECRETARIA DE ESTADO EXTRAORDINARIA DE DESENVOLVIMENTO INTEGRADO E FORUNS REGIONAIS
2017,1911,EGE-SEF,EGE SEC.FAZENDA-ENCARGOS DIVERSOS
2017,1915,PARTICIPAÇÃO EMPRESAS,PARTICIPACAO NO AUMENTO DO CAPITAL SOCIAL DE EMPRESAS
2017,1916,GDPE - SEF,GESTAO DA DIVIDA PUBLICA ESTADUAL
2017,1941,EGE-SEPLAG,EGE-SECRETARIA DE ESTADO DE PLANEJAMENTO E GESTAO
2017,1991,RC,RESERVA DE CONTINGENCIA
2017,2011,IPSEMG,INSTITUTO DE PREVIDENCIA DOS SERVIDORES DO ESTADO DE MINAS GERAIS
2017,2041,LEMG,LOTERIA DO ESTADO DE MINAS GERAIS
2017,2061,FJP,FUNDACAO JOAO PINHEIRO
2017,2071,FAPEMIG,FUNDACAO DE AMPARO A PESQUISA DO ESTADO DE MINAS GERAIS
2017,2091,FEAM,FUNDACAO ESTADUAL DO MEIO AMBIENTE
2017,2101,IEF,INSTITUTO ESTADUAL DE FLORESTAS
2017,2121,IPSM,INSTITUTO DE PREVIDENCIA DOS SERVIDORES MILITARES DO ESTADO DE MINAS GERAIS
2017,2151,FHA,FUNDACAO HELENA ANTIPOFF
2017,2161,FUCAM,FUNDACAO EDUCACIONAL CAIO MARTINS
2017,2171,FAOP,FUNDACAO DE ARTE DE OURO PRETO
2017,2181,FCS,FUNDACAO CLOVIS SALGADO
2017,2201,IEPHA,INSTITUTO ESTADUAL DO PATRIMONIO HISTORICO E ARTISTICO DE MINAS GERAIS
2017,2211,TV MINAS,FUNDACAO TV MINAS CULTURAL E EDUCATIVA
2017,2241,IGAM,INSTITUTO MINEIRO DE GESTAO DAS AGUAS
2017,2251,JUCEMG,JUNTA COMERCIAL DO ESTADO DE MINAS GERAIS
2017,2261,FUNED,FUNDACAO EZEQUIEL DIAS
2017,2271,FHEMIG,FUNDACAO HOSPITALAR DO ESTADO DE MINAS GERAIS
2017,2281,UTRAMIG,FUNDACAO DE EDUCACAO PARA O TRABALHO DE MINAS GERAIS
2017,2301,DEER-MG,DEPARTAMENTO DE EDIFICACOES E ESTRADAS DE RODAGEM DO ESTADO DE MINAS GERAIS
2017,2311,UNIMONTES,UNIVERSIDADE ESTADUAL DE MONTES CLAROS
2017,2321,HEMOMINAS,FUNDACAO CENTRO DE HEMATOLOGIA E HEMOTERAPIA DE MINAS GERAIS
2017,2331,IPEM/MG,INSTITUTO DE METROLOGIA E QUALIDADE DO ESTADO DE MINAS GERAIS
2017,2351,UEMG,UNIVERSIDADE DO ESTADO DE MINAS GERAIS
2017,2361,IPLEMG,INSTITUTO DE PREVIDENCIA DO LEGISLATIVO DO ESTADO DE MINAS GERAIS
2017,2371,IMA,INSTITUTO MINEIRO DE AGROPECUARIA
2017,2381,DETEL,DEPARTAMENTO ESTADUAL DE TELECOMUNICACOES DE MINAS GERAIS
2017,2421,IDENE,INSTITUTO DE DESENVOLVIMENTO DO NORTE E NORDESTE DE MINAS GERAIS
2017,2431,AGÊNCIA RMBH,AGENCIA DE DESENVOLVIMENTO DA REGIAO METROPOLITANA DE BELO HORIZONTE
2017,2441,ARSAE-MG,AGENCIA REGULADORA DE SERVICOS DE ABASTECIMENTO DE AGUA E DE ESGOTAMENTO SANITARIO DO ESTADO DE MINA
2017,2461,ARMVA,AGENCIA DE DESENVOLVIMENTO DA REGIAO METROPOLITANA DO VALE DO ACO
2017,3041,EMATER,EMPRESA DE ASSISTENCIA TECNICA E EXTENSAO RURAL DO ESTADO DE MINAS GERAIS
2017,3051,EPAMIG,EMPRESA DE PESQUISA AGROPECUARIA DE MINAS GERAIS
2017,3151,EMC,EMPRESA MINEIRA DE COMUNICACAO
2017,4031,FEPJ,FUNDO ESPECIAL DO PODER JUDICIARIO DO ESTADO DE MINAS GERAIS
2017,4041,FUNDO JAÍBA,FUNDO DE DESENVOLVIMENTO REGIONAL DO JAIBA
2017,4061,FUNDO PRÓ-FLORESTA,FUNDO PRO-FLORESTA
2017,4091,FIA,FUNDO PARA A INFANCIA E A ADOLESCENCIA
2017,4101,FEH,FUNDO ESTADUAL DE HABITACAO
2017,4111,FUNDESE,FUNDO DE FOMENTO E DESENVOLVIMENTO SOCIOECONOMICO DO ESTADO DE MINAS GERAIS
2017,4121,FUNDHAB,FUNDO DE APOIO HABITACIONAL DA ASSEMBLEIA LEGISLATIVA DE MINAS GERAIS
2017,4141,FPE,FUNDO PENITENCIARIO ESTADUAL
2017,4151,FASTUR,FUNDO DE ASSISTENCIA AO TURISMO
2017,4171,FUNDERUR,FUNDO ESTADUAL DE DESENVOLVIMENTO RURAL
2017,4251,FEAS,FUNDO ESTADUAL DE ASSISTENCIA SOCIAL
2017,4291,FES,FUNDO ESTADUAL DE SAUDE
2017,4321,FUNPREN,"FUNDO ESTADUAL DE PREVENCAO, FISCALIZACAO E REPRESSAO DE ENTORPECENTES"
2017,4331,FDM,FUNDO DE DESENVOLVIMENTO METROPOLITANO
2017,4341,FHIDRO,"FUNDO DE RECUPERACAO, PROTECAO E DESENVOLVIMENTO SUSTENTAVEL DAS BACIAS HIDROGRAFICAS DO ESTADO DE M"
2017,4381,FUNTRANS,FUNDO ESTADUAL DE DESENVOLVIMENTO DE TRANSPORTES
2017,4421,FUNDIF,FUNDO ESTADUAL DE DEFESA DE DIREITOS DIFUSOS
2017,4441,FUNEMP,FUNDO ESPECIAL DO MINISTERIO PUBLICO DO ESTADO DE MINAS GERAIS
2017,4451,FEPDC,FUNDO ESTADUAL DE PROTECAO E DEFESA DO CONSUMIDOR
2017,4461,FUNFIP,FUNDO FINANCEIRO DE PREVIDENCIA
2017,4481,FUNDO PPP,FUNDO DE PARCERIAS PUBLICO-PRIVADAS DO ESTADO DE MINAS GERAIS
2017,4491,FEC,FUNDO ESTADUAL DE CULTURA
2017,4501,FUNDO DE EQUALIZAÇÃO,FUNDO DE EQUALIZACAO DO ESTADO DE MINAS GERAIS
2017,4511,FINDES,FUNDO DE INCENTIVO AO DESENVOLVIMENTO
2017,4531,FIIT,FUNDO DE INCENTIVO A INOVACAO TECNOLOGICA
2017,4541,FAHMEMG,FUNDO DE APOIO HABITACIONAL AOS MILITARES DO ESTADO DE MINAS GERAIS
2017,4551,FUNAPEC,FUNDO DE ASSISTENCIA AO PECULIO DOS SERVIDORES DO ESTADO DE MINAS GERAIS
2017,4571,FECIFIM,FUNDO ESTADUAL PARA A CIDADANIA FISCAL MINEIRA
2017,4581,FECAFÉ,FUNDO ESTADUAL DO CAFE
2017,4601,FEI,FUNDO ESTADUAL DOS DIREITOS DO IDOSO
2017,4621,MG INVESTE,FUNDO DE INVESTIMENTO DO ESTADO DE MINAS GERAIS
2017,9801,FPC/SEF,FOLHA DE PESSOAL CENTRALIZADA - SEF
2017,9999,EMG - ADM. DIRETA,EMG - ADMINISTRACAO DIRETA
2018,1011,ALEMG,ASSEMBLEIA LEGISLATIVA DO ESTADO DE MINAS GERAIS
2018,1021,TCEMG,TRIBUNAL DE CONTAS DO ESTADO DE MINAS GERAIS
2018,1031,TJMG,TRIBUNAL DE JUSTICA DO ESTADO DE MINAS GERAIS
2018,1051,TJMMG,TRIBUNAL DE JUSTICA MILITAR DO ESTADO DE MINAS GERAIS
2018,1071,GABINETE MILITAR,GABINETE MILITAR DO GOVERNADOR DO ESTADO DE MINAS GERAIS
2018,1081,AGE,ADVOCACIA-GERAL DO ESTADO
2018,1091,PGJ,PROCURADORIA GERAL DE JUSTICA
2018,1101,OGE,OUVIDORIA-GERAL DO ESTADO DE MINAS GERAIS
2018,1191,SEF,SECRETARIA DE ESTADO DE FAZENDA
2018,1221,SEDECTES,"SECRETARIA DE ESTADO DE DESENVOLVIMENTO ECONOMICO, CIENCIA, TECNOLOGIA E ENSINO SUPERIOR"
2018,1231,SEAPA,"SECRETARIA DE ESTADO DE AGRICULTURA, PECUARIA E ABASTECIMENTO"
2018,1251,PMMG,POLICIA MILITAR DO ESTADO DE MINAS GERAIS
2018,1261,SEE,SECRETARIA DE ESTADO DE EDUCACAO
2018,1271,SEC,SECRETARIA DE ESTADO DE CULTURA
2018,1301,SETOP,SECRETARIA DE ESTADO  DE TRANSPORTES  E OBRAS PUBLICAS
2018,1371,SEMAD,SECRETARIA DE ESTADO DE MEIO AMBIENTE E DESENVOLVIMENTO SUSTENTAVEL
2018,1401,CBMMG,CORPO DE BOMBEIROS MILITAR DO ESTADO DE MINAS GERAIS
2018,1411,SETUR,SECRETARIA DE ESTADO DE TURISMO
2018,1441,DEF PUB,DEFENSORIA PUBLICA DO ESTADO DE MINAS GERAIS
2018,1451,SEAP,SECRETARIA DE ESTADO DE ADMINISTRACAO PRISIONAL
2018,1471,SECIR,SECRETARIA DE ESTADO DE CIDADES E DE INTEGRACAO REGIONAL
2018,1481,SEDESE,SECRETARIA DE ESTADO DE TRABALHO E DESENVOLVIMENTO SOCIAL
2018,1491,SEGOV,SECRETARIA DE ESTADO DE GOVERNO
2018,1501,SEPLAG,SECRETARIA DE ESTADO DE PLANEJAMENTO E GESTAO
2018,1502,CAMG,CIDADE ADMINISTRATIVA
2018,1511,PCMG,POLICIA CIVIL DO ESTADO DE MINAS GERAIS
2018,1521,CGE,CONTROLADORIA-GERAL DO ESTADO
2018,1541,ESP-MG,ESCOLA DE SAUDE PUBLICA DO ESTADO DE MINAS GERAIS
2018,1551,DETRAN/MG,DEPARTAMENTO DE TRANSITO DE MINAS GERAIS
2018,1571,SECCRI,SECRETARIA DE ESTADO DE CASA CIVIL E DE RELACOES INSTITUCIONAIS
2018,1591,SEDINOR,SECRETARIA DE ESTADO DE DESENVOLVIMENTO E INTEGRACAO DO NORTE E NORDESTE DE MINAS GERAIS
2018,1631,SEC. GERAL,SECRETARIA-GERAL
2018,1641,SEDA,SECRETARIA DE ESTADO DE DESENVOLVIMENTO AGRARIO
2018,1651,SEDPAC,"SECRETARIA DE ESTADO DE DIREITOS HUMANOS, PARTICIPACAO SOCIAL E CIDADANIA"
2018,1671,SEESP,SECRETARIA DE ESTADO DE ESPORTES
2018,1691,SESP,SECRETARIA DE ESTADO DE SEGURANCA PUBLICA
2018,1701,SEEDIF,SECRETARIA DE ESTADO EXTRAORDINARIA DE DESENVOLVIMENTO INTEGRADO E FORUNS REGIONAIS
2018,1911,EGE-SEF,EGE SEC.FAZENDA-ENCARGOS DIVERSOS
2018,1915,PARTICIPAÇÃO EMPRESAS,PARTICIPACAO NO AUMENTO DO CAPITAL SOCIAL DE EMPRESAS
2018,1916,GDPE - SEF,GESTAO DA DIVIDA PUBLICA ESTADUAL
2018,1941,EGE-SEPLAG,EGE-SECRETARIA DE ESTADO DE PLANEJAMENTO E GESTAO
2018,1991,RC,RESERVA DE CONTINGENCIA
2018,2011,IPSEMG,INSTITUTO DE PREVIDENCIA DOS SERVIDORES DO ESTADO DE MINAS GERAIS
2018,2041,LEMG,LOTERIA DO ESTADO DE MINAS GERAIS
2018,2061,FJP,FUNDACAO JOAO PINHEIRO
2018,2071,FAPEMIG,FUNDACAO DE AMPARO A PESQUISA DO ESTADO DE MINAS GERAIS
2018,2091,FEAM,FUNDACAO ESTADUAL DO MEIO AMBIENTE
2018,2101,IEF,INSTITUTO ESTADUAL DE FLORESTAS
2018,2121,IPSM,INSTITUTO DE PREVIDENCIA DOS SERVIDORES MILITARES DO ESTADO DE MINAS GERAIS
2018,2151,FHA,FUNDACAO HELENA ANTIPOFF
2018,2161,FUCAM,FUNDACAO EDUCACIONAL CAIO MARTINS
2018,2171,FAOP,FUNDACAO DE ARTE DE OURO PRETO
2018,2181,FCS,FUNDACAO CLOVIS SALGADO
2018,2201,IEPHA,INSTITUTO ESTADUAL DO PATRIMONIO HISTORICO E ARTISTICO DE MINAS GERAIS
2018,2211,TV MINAS,FUNDACAO TV MINAS CULTURAL E EDUCATIVA
2018,2241,IGAM,INSTITUTO MINEIRO DE GESTAO DAS AGUAS
2018,2251,JUCEMG,JUNTA COMERCIAL DO ESTADO DE MINAS GERAIS
2018,2261,FUNED,FUNDACAO EZEQUIEL DIAS
2018,2271,FHEMIG,FUNDACAO HOSPITALAR DO ESTADO DE MINAS GERAIS
2018,2281,UTRAMIG,FUNDACAO DE EDUCACAO PARA O TRABALHO DE MINAS GERAIS
2018,2301,DEER-MG,DEPARTAMENTO DE EDIFICACOES E ESTRADAS DE RODAGEM DO ESTADO DE MINAS GERAIS
2018,2311,UNIMONTES,UNIVERSIDADE ESTADUAL DE MONTES CLAROS
2018,2321,HEMOMINAS,FUNDACAO CENTRO DE HEMATOLOGIA E HEMOTERAPIA DE MINAS GERAIS
2018,2331,IPEM/MG,INSTITUTO DE METROLOGIA E QUALIDADE DO ESTADO DE MINAS GERAIS
2018,2351,UEMG,UNIVERSIDADE DO ESTADO DE MINAS GERAIS
2018,2361,IPLEMG,INSTITUTO DE PREVIDENCIA DO LEGISLATIVO DO ESTADO DE MINAS GERAIS
2018,2371,IMA,INSTITUTO MINEIRO DE AGROPECUARIA
2018,2381,DETEL,DEPARTAMENTO ESTADUAL DE TELECOMUNICACOES DE MINAS GERAIS
2018,2421,IDENE,INSTITUTO DE DESENVOLVIMENTO DO NORTE E NORDESTE DE MINAS GERAIS
2018,2431,AGÊNCIA RMBH,AGENCIA DE DESENVOLVIMENTO DA REGIAO METROPOLITANA DE BELO HORIZONTE
2018,2441,ARSAE-MG,AGENCIA REGULADORA DE SERVICOS DE ABASTECIMENTO DE AGUA E DE ESGOTAMENTO SANITARIO DO ESTADO DE MINA
2018,2461,ARMVA,AGENCIA DE DESENVOLVIMENTO DA REGIAO METROPOLITANA DO VALE DO ACO
2018,3041,EMATER,EMPRESA DE ASSISTENCIA TECNICA E EXTENSAO RURAL DO ESTADO DE MINAS GERAIS
2018,3051,EPAMIG,EMPRESA DE PESQUISA AGROPECUARIA DE MINAS GERAIS
2018,3151,EMC,EMPRESA MINEIRA DE COMUNICACAO
2018,4031,FEPJ,FUNDO ESPECIAL DO PODER JUDICIARIO DO ESTADO DE MINAS GERAIS
2018,4091,FIA,FUNDO PARA A INFANCIA E A ADOLESCENCIA
2018,4101,FEH,FUNDO ESTADUAL DE HABITACAO
2018,4111,FUNDESE,FUNDO DE FOMENTO E DESENVOLVIMENTO SOCIOECONOMICO DO ESTADO DE MINAS GERAIS
2018,4121,FUNDHAB,FUNDO DE APOIO HABITACIONAL DA ASSEMBLEIA LEGISLATIVA DE MINAS GERAIS
2018,4141,FPE,FUNDO PENITENCIARIO ESTADUAL
2018,4151,FASTUR,FUNDO DE ASSISTENCIA AO TURISMO
2018,4171,FUNDERUR,FUNDO ESTADUAL DE DESENVOLVIMENTO RURAL
2018,4251,FEAS,FUNDO ESTADUAL DE ASSISTENCIA SOCIAL
2018,4291,FES,FUNDO ESTADUAL DE SAUDE
2018,4321,FUNPREN,"FUNDO ESTADUAL DE PREVENCAO, FISCALIZACAO E REPRESSAO DE ENTORPECENTES"
2018,4331,FDM,FUNDO DE DESENVOLVIMENTO METROPOLITANO
2018,4341,FHIDRO,"FUNDO DE RECUPERACAO, PROTECAO E DESENVOLVIMENTO SUSTENTAVEL DAS BACIAS HIDROGRAFICAS DO ESTADO DE M"
2018,4381,FUNTRANS,FUNDO ESTADUAL DE DESENVOLVIMENTO DE TRANSPORTES
2018,4421,FUNDIF,FUNDO ESTADUAL DE DEFESA DE DIREITOS DIFUSOS
2018,4441,FUNEMP,FUNDO ESPECIAL DO MINISTERIO PUBLICO DO ESTADO DE MINAS GERAIS
2018,4451,FEPDC,FUNDO ESTADUAL DE PROTECAO E DEFESA DO CONSUMIDOR
2018,4461,FUNFIP,FUNDO FINANCEIRO DE PREVIDENCIA
2018,4491,FEC,FUNDO ESTADUAL DE CULTURA
2018,4531,FIIT,FUNDO DE INCENTIVO A INOVACAO TECNOLOGICA
2018,4541,FAHMEMG,FUNDO DE APOIO HABITACIONAL AOS MILITARES DO ESTADO DE MINAS GERAIS
2018,4551,FUNAPEC,FUNDO DE ASSISTENCIA AO PECULIO DOS SERVIDORES DO ESTADO DE MINAS GERAIS
2018,4581,FECAFÉ,FUNDO ESTADUAL DO CAFE
2018,4601,FEI,FUNDO ESTADUAL DOS DIREITOS DO IDOSO
2018,4611,FUNCONTAS,FUNDO DO TRIBUNAL DE CONTAS DO ESTADO DE MINAS GERAIS
2018,4621,MG INVESTE,FUNDO DE INVESTIMENTO DO ESTADO DE MINAS GERAIS
2018,4631,FPP - MG,FUNDO DE PAGAMENTO DE PARCERIAS PUBLICO-PRIVADAS DE MINAS GERAIS
2018,4641,FGP-MG,FUNDO DE GARANTIAS DE PARCERIAS PUBLICO PRIVADAS DE MINAS GERAIS
2018,4651,FECIDAT,FUNDO ESPECIAL DE CREDITOS INADIMPLIDOS E DIVIDA ATIVA
2018,4661,FAIMG,FUNDO DE ATIVOS IMOBILIARIOS DE MINAS GERAIS
2018,4671,FIIMG,FUNDO DE INVESTIMENTOS IMOBILIARIOS DE MINAS GERAIS
2018,9801,FPC/SEF,FOLHA DE PESSOAL CENTRALIZADA - SEF
2018,9999,EMG - ADM. DIRETA,EMG - ADMINISTRACAO DIRETA
2019,1011,ALMG,ASSEMBLEIA LEGISLATIVA DO ESTADO DE MINAS GERAIS
2019,1021,TCEMG,TRIBUNAL DE CONTAS DO ESTADO DE MINAS GERAIS
2019,1031,TJMG,TRIBUNAL DE JUSTICA DO ESTADO DE MINAS GERAIS
2019,1051,TJMMG,TRIBUNAL DE JUSTICA MILITAR DO ESTADO DE MINAS GERAIS
2019,1071,GABINETE MILITAR,GABINETE MILITAR DO GOVERNADOR DO ESTADO DE MINAS GERAIS
2019,1081,AGE,ADVOCACIA GERAL DO ESTADO
2019,1091,MPMG,PROCURADORIA GERAL DE JUSTICA
2019,1101,OGE,OUVIDORIA-GERAL DO ESTADO DE MINAS GERAIS
2019,1191,SEF,SECRETARIA DE ESTADO DE FAZENDA
2019,1221,SEDE,SECRETARIA DE ESTADO DE DESENVOLVIMENTO ECONOMICO
2019,1231,SEAPA,"SECRETARIA DE ESTADO DE AGRICULTURA, PECUARIA E ABASTECIMENTO"
2019,1251,PMMG,POLICIA MILITAR DO ESTADO DE MINAS GERAIS
2019,1261,SEE,SECRETARIA DE ESTADO DE EDUCACAO
2019,1271,SECULT,SECRETARIA DE ESTADO DE CULTURA E TURISMO
2019,1301,SEINFRA,SECRETARIA DE ESTADO  DE INFRAESTRUTURA E MOBILIDADE
2019,1371,SEMAD,SECRETARIA DE ESTADO DE MEIO AMBIENTE E DESENVOLVIMENTO SUSTENTAVEL
2019,1401,CBMMG,CORPO DE BOMBEIROS MILITAR DO ESTADO DE MINAS GERAIS
2019,1411,SETUR,SECRETARIA DE ESTADO DE TURISMO
2019,1441,DEF PUB,DEFENSORIA PUBLICA DO ESTADO DE MINAS GERAIS
2019,1451,SEJUSP,SECRETARIA DE ESTADO DE JUSTICA E SEGURANCA PUBLICA
2019,1471,SECIR,SECRETARIA DE ESTADO DE CIDADES E DE INTEGRACAO REGIONAL
2019,1481,SEDESE,SECRETARIA DE ESTADO DE  DESENVOLVIMENTO SOCIAL
2019,1491,SEGOV,SECRETARIA DE ESTADO DE GOVERNO
2019,1501,SEPLAG,SECRETARIA DE ESTADO DE PLANEJAMENTO E GESTAO
2019,1502,CAMG,CIDADE ADMINISTRATIVA
2019,1511,PCMG,POLICIA CIVIL DO ESTADO DE MINAS GERAIS
2019,1521,CGE,CONTROLADORIA-GERAL DO ESTADO
2019,1541,ESP-MG,ESCOLA DE SAUDE PUBLICA DO ESTADO DE MINAS GERAIS
2019,1551,DETRAN/MG,DEPARTAMENTO DE TRANSITO DE MINAS GERAIS
2019,1571,CASA CIVIL,SECRETARIA DE ESTADO DE CASA CIVIL E DE RELACOES INSTITUCIONAIS
2019,1591,SEDINOR,SECRETARIA DE ESTADO DE DESENVOLVIMENTO E INTEGRACAO DO NORTE E NORDESTE DE MINAS GERAIS
2019,1631,SEC. GERAL,SECRETARIA-GERAL
2019,1641,SEDA,SECRETARIA DE ESTADO DE DESENVOLVIMENTO AGRARIO
2019,1651,SEDPAC,"SECRETARIA DE ESTADO DE DIREITOS HUMANOS, PARTICIPACAO SOCIAL E CIDADANIA"
2019,1671,SEESP,SECRETARIA DE ESTADO DE ESPORTES
2019,1691,SESP,SECRETARIA DE ESTADO DE SEGURANCA PUBLICA
2019,1911,EGE-SEF,EGE SEC.FAZENDA-ENCARGOS DIVERSOS
2019,1915,PARTICIPACAO EMPRESAS,PARTICIPACAO NO AUMENTO DO CAPITAL SOCIAL DE EMPRESAS
2019,1916,GDPE - SEF,GESTAO DA DIVIDA PUBLICA ESTADUAL
2019,1941,EGE-SEPLAG,EGE-SECRETARIA DE ESTADO DE PLANEJAMENTO E GESTAO
2019,1991,RC,RESERVA DE CONTINGENCIA
2019,2011,IPSEMG,INSTITUTO DE PREVIDENCIA DOS SERVIDORES DO ESTADO DE MINAS GERAIS
2019,2041,LEMG,LOTERIA DO ESTADO DE MINAS GERAIS
2019,2061,FJP,FUNDACAO JOAO PINHEIRO
2019,2071,FAPEMIG,FUNDACAO DE AMPARO A PESQUISA DO ESTADO DE MINAS GERAIS
2019,2091,FEAM,FUNDACAO ESTADUAL DO MEIO AMBIENTE
2019,2101,IEF,INSTITUTO ESTADUAL DE FLORESTAS
2019,2121,IPSM,INSTITUTO DE PREVIDENCIA DOS SERVIDORES MILITARES DO ESTADO DE MINAS GERAIS
2019,2151,FHA,FUNDACAO HELENA ANTIPOFF
2019,2161,FUCAM,FUNDACAO EDUCACIONAL CAIO MARTINS
2019,2171,FAOP,FUNDACAO DE ARTE DE OURO PRETO
2019,2181,FCS,FUNDACAO CLOVIS SALGADO
2019,2201,IEPHA,INSTITUTO ESTADUAL DO PATRIMONIO HISTORICO E ARTISTICO DE MINAS GERAIS
2019,2211,TV MINAS,FUNDACAO TV MINAS CULTURAL E EDUCATIVA
2019,2241,IGAM,INSTITUTO MINEIRO DE GESTAO DAS AGUAS
2019,2251,JUCEMG,JUNTA COMERCIAL DO ESTADO DE MINAS GERAIS
2019,2261,FUNED,FUNDACAO EZEQUIEL DIAS
2019,2271,FHEMIG,FUNDACAO HOSPITALAR DO ESTADO DE MINAS GERAIS
2019,2281,UTRAMIG,FUNDACAO DE EDUCACAO PARA O TRABALHO DE MINAS GERAIS
2019,2301,DEER-MG,DEPARTAMENTO DE EDIFICACOES E ESTRADAS DE RODAGEM DO ESTADO DE MINAS GERAIS
2019,2311,UNIMONTES,UNIVERSIDADE ESTADUAL DE MONTES CLAROS
2019,2321,HEMOMINAS,FUNDACAO CENTRO DE HEMATOLOGIA E HEMOTERAPIA DE MINAS GERAIS
2019,2331,IPEM/MG,INSTITUTO DE METROLOGIA E QUALIDADE DO ESTADO DE MINAS GERAIS
2019,2351,UEMG,UNIVERSIDADE DO ESTADO DE MINAS GERAIS
2019,2361,IPLEMG,INSTITUTO DE PREVIDENCIA DO LEGISLATIVO DO ESTADO DE MINAS GERAIS
2019,2371,IMA,INSTITUTO MINEIRO DE AGROPECUARIA
2019,2421,IDENE,INSTITUTO DE DESENVOLVIMENTO DO NORTE E NORDESTE DE MINAS GERAIS
2019,2431,AGÊNCIA RMBH,AGENCIA DE DESENVOLVIMENTO DA REGIAO METROPOLITANA DE BELO HORIZONTE
2019,2441,ARSAE-MG,AGENCIA REGULADORA DE SERVICOS DE ABASTECIMENTO DE AGUA E DE ESGOTAMENTO SANITARIO DO ESTADO DE MINA
2019,2461,ARMVA,AGENCIA DE DESENVOLVIMENTO DA REGIAO METROPOLITANA DO VALE DO ACO
2019,3041,EMATER,EMPRESA DE ASSISTENCIA TECNICA E EXTENSAO RURAL DO ESTADO DE MINAS GERAIS
2019,3051,EPAMIG,EMPRESA DE PESQUISA AGROPECUARIA DE MINAS GERAIS
2019,3151,EMC,EMPRESA MINEIRA DE COMUNICACAO
2019,4031,FEPJ,FUNDO ESPECIAL DO PODER JUDICIARIO DO ESTADO DE MINAS GERAIS
2019,4091,FIA,FUNDO PARA A INFANCIA E A ADOLESCENCIA
2019,4101,FEH,FUNDO ESTADUAL DE HABITACAO
2019,4111,FUNDESE,FUNDO DE FOMENTO E DESENVOLVIMENTO SOCIOECONOMICO DO ESTADO DE MINAS GERAIS
2019,4121,FUNDHAB,FUNDO DE APOIO HABITACIONAL DA ASSEMBLEIA LEGISLATIVA DE MINAS GERAIS
2019,4141,FPE,FUNDO PENITENCIARIO ESTADUAL
2019,4151,FASTUR,FUNDO DE ASSISTENCIA AO TURISMO
2019,4171,FUNDERUR,FUNDO ESTADUAL DE DESENVOLVIMENTO RURAL
2019,4251,FEAS,FUNDO ESTADUAL DE ASSISTENCIA SOCIAL
2019,4291,FES,FUNDO ESTADUAL DE SAUDE
2019,4321,FUNPREN,"FUNDO ESTADUAL DE PREVENCAO, FISCALIZACAO E REPRESSAO DE ENTORPECENTES"
2019,4331,FDM,FUNDO DE DESENVOLVIMENTO METROPOLITANO
2019,4341,FHIDRO,"FUNDO DE RECUPERACAO, PROTECAO E DESENVOLVIMENTO SUSTENTAVEL DAS BACIAS HIDROGRAFICAS DO ESTADO DE M"
2019,4381,FUNTRANS,FUNDO ESTADUAL DE DESENVOLVIMENTO DE TRANSPORTES
2019,4421,FUNDIF,FUNDO ESTADUAL DE DEFESA DE DIREITOS DIFUSOS
2019,4441,FUNEMP,FUNDO ESPECIAL DO MINISTERIO PUBLICO DO ESTADO DE MINAS GERAIS
2019,4451,FEPDC,FUNDO ESTADUAL DE PROTECAO E DEFESA DO CONSUMIDOR
2019,4461,FUNFIP,FUNDO FINANCEIRO DE PREVIDENCIA
2019,4491,FEC,FUNDO ESTADUAL DE CULTURA
2019,4531,FIIT,FUNDO DE INCENTIVO A INOVACAO TECNOLOGICA
2019,4541,FAHMEMG,FUNDO DE APOIO HABITACIONAL AOS MILITARES DO ESTADO DE MINAS GERAIS
2019,4551,FUNAPEC,FUNDO DE ASSISTENCIA AO PECULIO DOS SERVIDORES DO ESTADO DE MINAS GERAIS
2019,4581,FECAFÉ,FUNDO ESTADUAL DO CAFE
2019,4601,FEI,FUNDO ESTADUAL DOS DIREITOS DO IDOSO
2019,4611,FUNCONTAS,FUNDO DO TRIBUNAL DE CONTAS DO ESTADO DE MINAS GERAIS
2019,4621,MG INVESTE,FUNDO DE INVESTIMENTO DO ESTADO DE MINAS GERAIS
2019,4631,FPP - MG,FUNDO DE PAGAMENTO DE PARCERIAS PUBLICO-PRIVADAS DE MINAS GERAIS
2019,4641,FGP-MG,FUNDO DE GARANTIAS DE PARCERIAS PUBLICO-PRIVADAS DE MINAS GERAIS
2019,4651,FECIDAT,FUNDO ESPECIAL DE CREDITOS INADIMPLIDOS E DIVIDA ATIVA
2019,4661,FAIMG,FUNDO DE ATIVOS IMOBILIARIOS DE MINAS GERAIS
2019,4671,FIIMG,FUNDO DE INVESTIMENTOS IMOBILIARIOS DE MINAS GERAIS
2019,9801,FPC/SEF,FOLHA DE PESSOAL CENTRALIZADA - SEF
2019,9999,EMG - ADM. DIRETA,EMG - ADMINISTRACAO DIRETA
2020,1011,ALMG,ASSEMBLEIA LEGISLATIVA DO ESTADO DE MINAS GERAIS
2020,1021,TCEMG,TRIBUNAL DE CONTAS DO ESTADO DE MINAS GERAIS
2020,1031,TJMG,TRIBUNAL DE JUSTICA DO ESTADO DE MINAS GERAIS
2020,1051,TJMMG,TRIBUNAL DE JUSTICA MILITAR DO ESTADO DE MINAS GERAIS
2020,1071,GABINETE MILITAR,GABINETE MILITAR DO GOVERNADOR DO ESTADO DE MINAS GERAIS
2020,1081,AGE,ADVOCACIA GERAL DO ESTADO
2020,1091,MPMG,PROCURADORIA GERAL DE JUSTICA
2020,1101,OGE,OUVIDORIA-GERAL DO ESTADO DE MINAS GERAIS
2020,1191,SEF,SECRETARIA DE ESTADO DE FAZENDA
2020,1221,SEDE,SECRETARIA DE ESTADO DE DESENVOLVIMENTO ECONOMICO
2020,1231,SEAPA,"SECRETARIA DE ESTADO DE AGRICULTURA, PECUARIA E ABASTECIMENTO - SEAPA"
2020,1251,PMMG,POLICIA MILITAR DO ESTADO DE MINAS GERAIS
2020,1261,SEE,SECRETARIA DE ESTADO DE EDUCACAO
2020,1271,SECULT,SECRETARIA DE ESTADO DE CULTURA E TURISMO
2020,1301,SEINFRA,SECRETARIA DE ESTADO DE INFRAESTRUTURA E MOBILIDADE
2020,1371,SEMAD,SECRETARIA DE ESTADO DE MEIO AMBIENTE E DESENVOLVIMENTO SUSTENTAVEL
2020,1401,CBMMG,CORPO DE BOMBEIROS MILITAR DO ESTADO DE MINAS GERAIS
2020,1441,DEF PUB,DEFENSORIA PUBLICA DO ESTADO DE MINAS GERAIS
2020,1451,SEJUSP,SECRETARIA DE ESTADO DE JUSTICA E SEGURANCA PUBLICA
2020,1481,SEDESE,SECRETARIA DE ESTADO DE DESENVOLVIMENTO SOCIAL
2020,1491,SEGOV,SECRETARIA DE ESTADO DE GOVERNO
2020,1501,SEPLAG,SECRETARIA DE ESTADO DE PLANEJAMENTO E GESTAO
2020,1511,PCMG,POLICIA CIVIL DO ESTADO DE MINAS GERAIS
2020,1521,CGE,CONTROLADORIA-GERAL DO ESTADO
2020,1541,ESP MG,ESCOLA DE SAUDE PUBLICA DO ESTADO DE MINAS GERAIS
2020,1551,DETRAN - MG,DEPARTAMENTO DE TRANSITO DE MINAS GERAIS
2020,1631,SEC. GERAL,SECRETARIA-GERAL
2020,1911,EGE - SEF,EGE SEC.FAZENDA-ENCARGOS DIVERSOS
2020,1915,PARTICIPAÇÃO EMPRESAS,PARTICIPACAO NO AUMENTO DO CAPITAL SOCIAL DE EMPRESAS
2020,1916,GDPE - SEF,GESTAO DA DIVIDA PUBLICA ESTADUAL
2020,1941,EGE-SEPLAG,EGE-SECRETARIA DE ESTADO DE PLANEJAMENTO E GESTAO
2020,1991,RC,RESERVA DE CONTINGENCIA
2020,2011,IPSEMG,INSTITUTO DE PREVIDENCIA DOS SERVIDORES DO ESTADO DE MINAS GERAIS
2020,2041,LEMG,LOTERIA DO ESTADO DE MINAS GERAIS
2020,2061,FJP,FUNDACAO JOAO PINHEIRO
2020,2071,FAPEMIG,FUNDACAO DE AMPARO A PESQUISA DO ESTADO DE MINAS GERAIS
2020,2091,FEAM,FUNDACAO ESTADUAL DO MEIO AMBIENTE
2020,2101,IEF,INSTITUTO ESTADUAL DE FLORESTAS
2020,2121,IPSM,INSTITUTO DE PREVIDENCIA DOS SERVIDORES MILITARES DO ESTADO DE MINAS GERAIS
2020,2151,FHA,FUNDACAO HELENA ANTIPOFF
2020,2161,FUCAM,FUNDACAO EDUCACIONAL CAIO MARTINS
2020,2171,FAOP,FUNDACAO DE ARTE DE OURO PRETO
2020,2181,FCS,FUNDACAO CLOVIS SALGADO
2020,2201,IEPHA,INSTITUTO ESTADUAL DO PATRIMONIO HISTORICO E ARTISTICO DE MINAS GERAIS
2020,2211,TV MINAS,FUNDACAO TV MINAS CULTURAL E EDUCATIVA
2020,2241,IGAM,INSTITUTO MINEIRO DE GESTAO DAS AGUAS
2020,2251,JUCEMG,JUNTA COMERCIAL DO ESTADO DE MINAS GERAIS
2020,2261,FUNED,FUNDACAO EZEQUIEL DIAS
2020,2271,FHEMIG,FUNDACAO HOSPITALAR DO ESTADO DE MINAS GERAIS
2020,2281,UTRAMIG,FUNDACAO DE EDUCACAO PARA O TRABALHO DE MINAS GERAIS
2020,2301,DER-MG,DEPARTAMENTO DE EDIFICACOES E ESTRADAS DE RODAGEM DO ESTADO DE MINAS GERAIS
2020,2311,UNIMONTES,UNIVERSIDADE ESTADUAL DE MONTES CLAROS
2020,2321,HEMOMINAS,FUNDACAO CENTRO DE HEMATOLOGIA E HEMOTERAPIA DE MINAS GERAIS
2020,2331,IPEMMG,INSTITUTO DE METROLOGIA E QUALIDADE DO ESTADO DE MINAS GERAIS
2020,2351,UEMG,UNIVERSIDADE DO ESTADO DE MINAS GERAIS
2020,2361,IPLEMG,INSTITUTO DE PREVIDENCIA DO LEGISLATIVO DO ESTADO DE MINAS GERAIS
2020,2371,IMA,INSTITUTO MINEIRO DE AGROPECUARIA
2020,2421,IDENE,INSTITUTO DE DESENVOLVIMENTO DO NORTE E NORDESTE DE MINAS GERAIS
2020,2431,AGÊNCIA RMBH,AGENCIA DE DESENVOLVIMENTO DA REGIAO METROPOLITANA DE BELO HORIZONTE
2020,2441,ARSAE -MG,AGENCIA REGULADORA DE SERVICOS DE ABASTECIMENTO DE AGUA E DE ESGOTAMENTO SANITARIO DO ESTADO DE MINA
2020,2461,ARMVA,AGENCIA DE DESENVOLVIMENTO DA REGIAO METROPOLITANA DO VALE DO ACO
2020,3041,EMATER,EMPRESA DE ASSISTENCIA TECNICA E EXTENSAO RURAL DO ESTADO DE MINAS GERAIS
2020,3051,EPAMIG,EMPRESA DE PESQUISA AGROPECUARIA DE MINAS GERAIS
2020,3151,EMC,EMPRESA MINEIRA DE COMUNICACAO
2020,4031,FEPJ,FUNDO ESPECIAL DO PODER JUDICIARIO DO ESTADO DE MINAS GERAIS
2020,4091,FIA,FUNDO PARA A INFANCIA E A ADOLESCENCIA
2020,4101,FEH,FUNDO ESTADUAL DE HABITACAO
2020,4111,FUNDESE,FUNDO DE FOMENTO E DESENVOLVIMENTO SOCIOECONOMICO DO ESTADO DE MINAS GERAIS
2020,4121,FUNDHAB,FUNDO DE APOIO HABITACIONAL DA ASSEMBLEIA LEGISLATIVA DE MINAS GERAIS
2020,4141,FPE,FUNDO PENITENCIARIO ESTADUAL
2020,4151,FASTUR,FUNDO DE ASSISTENCIA AO TURISMO
2020,4171,FUNDERUR,FUNDO ESTADUAL DE DESENVOLVIMENTO RURAL
2020,4251,FEAS,FUNDO ESTADUAL DE ASSISTENCIA SOCIAL
2020,4291,FES,FUNDO ESTADUAL DE SAUDE
2020,4321,FUNPREN,"FUNDO ESTADUAL DE PREVENCAO, FISCALIZACAO E REPRESSAO DE ENTORPECENTES"
2020,4331,FDM,FUNDO DE DESENVOLVIMENTO METROPOLITANO
2020,4341,FHIDRO,"FUNDO DE RECUPERACAO, PROTECAO E DESENVOLVIMENTO SUSTENTAVEL DAS BACIAS HIDROGRAFICAS DO ESTADO DE M"
2020,4381,FUNTRANS,FUNDO ESTADUAL DE DESENVOLVIMENTO DE TRANSPORTES
2020,4421,FUNDIF,FUNDO ESTADUAL DE DEFESA DE DIREITOS DIFUSOS
2020,4441,FUNEMP,FUNDO ESPECIAL DO MINISTERIO PUBLICO DO ESTADO DE MINAS GERAIS
2020,4451,FEPDC,FUNDO ESTADUAL DE PROTECAO E DEFESA DO CONSUMIDOR
2020,4461,FUNFIP,FUNDO FINANCEIRO DE PREVIDENCIA
2020,4491,FEC,FUNDO ESTADUAL DE CULTURA
2020,4521,FUNDOMIC,FUNDO DE UNIVERSALIZACAO DO ACESSO A SERVICOS DE TELECOMUNICACAO EM MINAS GERAIS
2020,4531,FIIT,FUNDO DE INCENTIVO A INOVACAO TECNOLOGICA
2020,4541,FAHMEMG,FUNDO DE APOIO HABITACIONAL AOS MILITARES DO ESTADO DE MINAS GERAIS
2020,4551,FUNAPEC,FUNDO DE ASSISTENCIA AO PECULIO DOS SERVIDORES DO ESTADO DE MINAS GERAIS
2020,4601,FEI,FUNDO ESTADUAL DOS DIREITOS DO IDOSO
2020,4611,FUNCONTAS,FUNDO DO TRIBUNAL DE CONTAS DO ESTADO DE MINAS GERAIS
2020,4621,MG INVESTE,FUNDO DE INVESTIMENTO DO ESTADO DE MINAS GERAIS
2020,4631,FPP - MG,FUNDO DE PAGAMENTO DE PARCERIAS PUBLICO - PRIVADAS DE MINAS GERAIS
2020,4641,FGP - MG,FUNDO DE GARANTIAS DE PARCERIAS PUBLICO - PRIVADAS DE MINAS GERAIS
2020,4651,FECIDAT,FUNDO ESPECIAL DE CREDITOS INADIMPLIDOS E DIVIDA ATIVA
2020,4661,FAIMG,FUNDO DE ATIVOS IMOBILIARIOS DE MINAS GERAIS
2020,4671,FIIMG,FUNDO DE INVESTIMENTOS IMOBILIARIOS DE MINAS GERAIS
2020,4691,FESP-MG,FUNDO ESTADUAL DE SEGURANCA PUBLICA DE MINAS GERAIS
2020,9801,FPC/SEF,FOLHA DE PESSOAL CENTRALIZADA - SEF
2020,9999,EMG - ADM. DIRETA,EMG - ADMINISTRACAO DIRETA
2021,1011,ALMG,ASSEMBLEIA LEGISLATIVA DO ESTADO DE MINAS GERAIS
2021,1021,TCEMG,TRIBUNAL DE CONTAS DO ESTADO DE MINAS GERAIS
2021,1031,TJMG,TRIBUNAL DE JUSTICA DO ESTADO DE MINAS GERAIS
2021,1051,TJMMG,TRIBUNAL DE JUSTICA MILITAR DO ESTADO DE MINAS GERAIS
2021,1071,GABINETE MILITAR,GABINETE MILITAR DO GOVERNADOR DO ESTADO DE MINAS GERAIS
2021,1081,AGE,ADVOCACIA GERAL DO ESTADO
2021,1091,PGJ,PROCURADORIA GERAL DE JUSTICA
2021,1101,OGE,OUVIDORIA-GERAL DO ESTADO DE MINAS GERAIS
2021,1191,SEF,SECRETARIA DE ESTADO DE FAZENDA
2021,1221,SEDE,SECRETARIA DE ESTADO DE DESENVOLVIMENTO ECONOMICO
2021,1231,SEAPA,"SECRETARIA DE ESTADO DE AGRICULTURA, PECUARIA E ABASTECIMENTO - SEAPA"
2021,1251,PMMG,POLICIA MILITAR DO ESTADO DE MINAS GERAIS
2021,1261,SEE,SECRETARIA DE ESTADO DE EDUCACAO
2021,1271,SECULT,SECRETARIA DE ESTADO DE CULTURA E TURISMO
2021,1301,SEINFRA,SECRETARIA DE ESTADO DE INFRAESTRUTURA E MOBILIDADE
2021,1371,SEMAD,SECRETARIA DE ESTADO DE MEIO AMBIENTE E DESENVOLVIMENTO SUSTENTAVEL
2021,1401,CBMMG,CORPO DE BOMBEIROS MILITAR DO ESTADO DE MINAS GERAIS
2021,1441,DEF PUB,DEFENSORIA PUBLICA DO ESTADO DE MINAS GERAIS
2021,1451,SEJUSP,SECRETARIA DE ESTADO DE JUSTICA E SEGURANCA PUBLICA
2021,1481,SEDESE,SECRETARIA DE ESTADO DE DESENVOLVIMENTO SOCIAL
2021,1491,SEGOV,SECRETARIA DE ESTADO DE GOVERNO
2021,1501,SEPLAG,SECRETARIA DE ESTADO DE PLANEJAMENTO E GESTAO
2021,1511,PCMG,POLICIA CIVIL DO ESTADO DE MINAS GERAIS
2021,1521,CGE,CONTROLADORIA-GERAL DO ESTADO
2021,1541,ESP MG,ESCOLA DE SAUDE PUBLICA DO ESTADO DE MINAS GERAIS
2021,1631,SEC. GERAL,SECRETARIA-GERAL
2021,1911,EGE - SEF,EGE SEC.FAZENDA-ENCARGOS DIVERSOS
2021,1915,PARTICIPAÇÃO EMPRESAS,PARTICIPACAO NO AUMENTO DO CAPITAL SOCIAL DE EMPRESAS
2021,1916,GDPE - SEF,GESTAO DA DIVIDA PUBLICA ESTADUAL
2021,1917,IMOVEIS,GESTAO IMOBILIARIA
2021,1941,EGE-SEPLAG,EGE-SECRETARIA DE ESTADO DE PLANEJAMENTO E GESTAO
2021,1991,RC,RESERVA DE CONTINGENCIA
2021,2011,IPSEMG,INSTITUTO DE PREVIDENCIA DOS SERVIDORES DO ESTADO DE MINAS GERAIS
2021,2041,LEMG,LOTERIA DO ESTADO DE MINAS GERAIS
2021,2061,FJP,FUNDACAO JOAO PINHEIRO
2021,2071,FAPEMIG,FUNDACAO DE AMPARO A PESQUISA DO ESTADO DE MINAS GERAIS
2021,2091,FEAM,FUNDACAO ESTADUAL DO MEIO AMBIENTE
2021,2101,IEF,INSTITUTO ESTADUAL DE FLORESTAS
2021,2121,IPSM,INSTITUTO DE PREVIDENCIA DOS SERVIDORES MILITARES DO ESTADO DE MINAS GERAIS
2021,2151,FHA,FUNDACAO HELENA ANTIPOFF
2021,2161,FUCAM,FUNDACAO EDUCACIONAL CAIO MARTINS
2021,2171,FAOP,FUNDACAO DE ARTE DE OURO PRETO
2021,2181,FCS,FUNDACAO CLOVIS SALGADO
2021,2201,IEPHA,INSTITUTO ESTADUAL DO PATRIMONIO HISTORICO E ARTISTICO DE MINAS GERAIS
2021,2211,TV MINAS,FUNDACAO TV MINAS CULTURAL E EDUCATIVA
2021,2241,IGAM,INSTITUTO MINEIRO DE GESTAO DAS AGUAS
2021,2251,JUCEMG,JUNTA COMERCIAL DO ESTADO DE MINAS GERAIS
2021,2261,FUNED,FUNDACAO EZEQUIEL DIAS
2021,2271,FHEMIG,FUNDACAO HOSPITALAR DO ESTADO DE MINAS GERAIS
2021,2281,UTRAMIG,FUNDACAO DE EDUCACAO PARA O TRABALHO DE MINAS GERAIS
2021,2301,DER-MG,DEPARTAMENTO DE EDIFICACOES E ESTRADAS DE RODAGEM DO ESTADO DE MINAS GERAIS
2021,2311,UNIMONTES,UNIVERSIDADE ESTADUAL DE MONTES CLAROS
2021,2321,HEMOMINAS,FUNDACAO CENTRO DE HEMATOLOGIA E HEMOTERAPIA DE MINAS GERAIS
2021,2331,IPEMMG,INSTITUTO DE METROLOGIA E QUALIDADE DO ESTADO DE MINAS GERAIS
2021,2351,UEMG,UNIVERSIDADE DO ESTADO DE MINAS GERAIS
2021,2361,IPLEMG,INSTITUTO DE PREVIDENCIA DO LEGISLATIVO DO ESTADO DE MINAS GERAIS
2021,2371,IMA,INSTITUTO MINEIRO DE AGROPECUARIA
2021,2421,IDENE,INSTITUTO DE DESENVOLVIMENTO DO NORTE E NORDESTE DE MINAS GERAIS
2021,2431,AGÊNCIA RMBH,AGENCIA DE DESENVOLVIMENTO DA REGIAO METROPOLITANA DE BELO HORIZONTE
2021,2441,ARSAE -MG,AGENCIA REGULADORA DE SERVICOS DE ABASTECIMENTO DE AGUA E DE ESGOTAMENTO SANITARIO DO ESTADO DE MINA
2021,2461,ARMVA,AGENCIA DE DESENVOLVIMENTO DA REGIAO METROPOLITANA DO VALE DO ACO
2021,3041,EMATER,EMPRESA DE ASSISTENCIA TECNICA E EXTENSAO RURAL DO ESTADO DE MINAS GERAIS
2021,3051,EPAMIG,EMPRESA DE PESQUISA AGROPECUARIA DE MINAS GERAIS
2021,3151,EMC,EMPRESA MINEIRA DE COMUNICACAO
2021,4031,FEPJ,FUNDO ESPECIAL DO PODER JUDICIARIO DO ESTADO DE MINAS GERAIS
2021,4091,FIA,FUNDO PARA A INFANCIA E A ADOLESCENCIA
2021,4101,FEH,FUNDO ESTADUAL DE HABITACAO
2021,4111,FUNDESE,FUNDO DE FOMENTO E DESENVOLVIMENTO SOCIOECONOMICO DO ESTADO DE MINAS GERAIS
2021,4121,FUNDHAB,FUNDO DE APOIO HABITACIONAL DA ASSEMBLEIA LEGISLATIVA DE MINAS GERAIS
2021,4141,FPE,FUNDO PENITENCIARIO ESTADUAL
2021,4151,FASTUR,FUNDO DE ASSISTENCIA AO TURISMO
2021,4171,FUNDERUR,FUNDO ESTADUAL DE DESENVOLVIMENTO RURAL
2021,4251,FEAS,FUNDO ESTADUAL DE ASSISTENCIA SOCIAL
2021,4291,FES,FUNDO ESTADUAL DE SAUDE
2021,4321,FUNPREN,"FUNDO ESTADUAL DE PREVENCAO, FISCALIZACAO E REPRESSAO DE ENTORPECENTES"
2021,4331,FDM,FUNDO DE DESENVOLVIMENTO METROPOLITANO
2021,4341,FHIDRO,"FUNDO DE RECUPERACAO, PROTECAO E DESENVOLVIMENTO SUSTENTAVEL DAS BACIAS HIDROGRAFICAS DO ESTADO DE M"
2021,4381,FUNTRANS,FUNDO ESTADUAL DE DESENVOLVIMENTO DE TRANSPORTES
2021,4421,FUNDIF,FUNDO ESTADUAL DE DEFESA DE DIREITOS DIFUSOS
2021,4441,FUNEMP,FUNDO ESPECIAL DO MINISTERIO PUBLICO DO ESTADO DE MINAS GERAIS
2021,4451,FEPDC,FUNDO ESTADUAL DE PROTECAO E DEFESA DO CONSUMIDOR
2021,4491,FEC,FUNDO ESTADUAL DE CULTURA
2021,4531,FIIT,FUNDO DE INCENTIVO A INOVACAO TECNOLOGICA
2021,4541,FAHMEMG,FUNDO DE APOIO HABITACIONAL AOS MILITARES DO ESTADO DE MINAS GERAIS
2021,4551,FUNAPEC,FUNDO DE ASSISTENCIA AO PECULIO DOS SERVIDORES DO ESTADO DE MINAS GERAIS
2021,4601,FEI,FUNDO ESTADUAL DOS DIREITOS DO IDOSO
2021,4611,FUNCONTAS,FUNDO DO TRIBUNAL DE CONTAS DO ESTADO DE MINAS GERAIS
2021,4621,MG INVESTE,FUNDO DE INVESTIMENTO DO ESTADO DE MINAS GERAIS
2021,4631,FPP - MG,FUNDO DE PAGAMENTO DE PARCERIAS PUBLICO - PRIVADAS DE MINAS GERAIS
2021,4641,FGP - MG,FUNDO DE GARANTIAS DE PARCERIAS PUBLICO - PRIVADAS DE MINAS GERAIS
2021,4651,FECIDAT,FUNDO ESPECIAL DE CREDITOS INADIMPLIDOS E DIVIDA ATIVA
2021,4661,FAIMG,FUNDO DE ATIVOS IMOBILIARIOS DE MINAS GERAIS
2021,4671,FIIMG,FUNDO DE INVESTIMENTOS IMOBILIARIOS DE MINAS GERAIS
2021,4691,FESP-MG,FUNDO ESTADUAL DE SEGURANCA PUBLICA DE MINAS GERAIS
2021,4701,FET-MG,FUNDO ESTADUAL DO TRABALHO DE MINAS GERAIS
2021,4711,FFP - MG,FUNDO FINANCEIRO DE PREVIDENCIA DO ESTADO DE MINAS GERAIS
2021,4721,FEPREMG,FUNDO ESTADUAL DE PREVIDENCIA DO ESTADO DE MINAS GERAIS
2021,9801,EGE-SEPLAG/FOLHA CENT,FOLHA DE PESSOAL CENTRALIZADA-EGE SEPLAG
2021,9999,EMG - ADM. DIRETA,EMG - ADMINISTRACAO DIRETA
2022,1011,ALMG,ASSEMBLEIA LEGISLATIVA DO ESTADO DE MINAS GERAIS
2022,1021,TCEMG,TRIBUNAL DE CONTAS DO ESTADO DE MINAS GERAIS
2022,1031,TJMG,TRIBUNAL DE JUSTICA DO ESTADO DE MINAS GERAIS
2022,1051,TJMMG,TRIBUNAL DE JUSTICA MILITAR DO ESTADO DE MINAS GERAIS
2022,1071,GABINETE MILITAR,GABINETE MILITAR DO GOVERNADOR DO ESTADO DE MINAS GERAIS
2022,1081,AGE,ADVOCACIA GERAL DO ESTADO
2022,1091,PGJ,PROCURADORIA GERAL DE JUSTICA
2022,1101,OGE,OUVIDORIA-GERAL DO ESTADO DE MINAS GERAIS
2022,1191,SEF,SECRETARIA DE ESTADO DE FAZENDA
2022,1221,SEDE,SECRETARIA DE ESTADO DE DESENVOLVIMENTO ECONOMICO
2022,1231,SEAPA,"SECRETARIA DE ESTADO DE AGRICULTURA, PECUARIA E ABASTECIMENTO - SEAPA"
2022,1251,PMMG,POLICIA MILITAR DO ESTADO DE MINAS GERAIS
2022,1261,SEE,SECRETARIA DE ESTADO DE EDUCACAO
2022,1271,SECULT,SECRETARIA DE ESTADO DE CULTURA E TURISMO
2022,1301,SEINFRA,SECRETARIA DE ESTADO DE INFRAESTRUTURA E MOBILIDADE
2022,1371,SEMAD,SECRETARIA DE ESTADO DE MEIO AMBIENTE E DESENVOLVIMENTO SUSTENTAVEL
2022,1401,CBMMG,CORPO DE BOMBEIROS MILITAR DO ESTADO DE MINAS GERAIS
2022,1441,DEF PUB,DEFENSORIA PUBLICA DO ESTADO DE MINAS GERAIS
2022,1451,SEJUSP,SECRETARIA DE ESTADO DE JUSTICA E SEGURANCA PUBLICA
2022,1481,SEDESE,SECRETARIA DE ESTADO DE DESENVOLVIMENTO SOCIAL
2022,1491,SEGOV,SECRETARIA DE ESTADO DE GOVERNO
2022,1501,SEPLAG,SECRETARIA DE ESTADO DE PLANEJAMENTO E GESTAO
2022,1511,PCMG,POLICIA CIVIL DO ESTADO DE MINAS GERAIS
2022,1521,CGE,CONTROLADORIA-GERAL DO ESTADO
2022,1541,ESP MG,ESCOLA DE SAUDE PUBLICA DO ESTADO DE MINAS GERAIS
2022,1631,SEC. GERAL,SECRETARIA-GERAL
2022,1911,EGE - SEF,EGE SEC.FAZENDA-ENCARGOS DIVERSOS
2022,1915,PARTICIPAÇÃO EMPRESAS,PARTICIPACAO NO AUMENTO DO CAPITAL SOCIAL DE EMPRESAS
2022,1916,GDPE - SEF,GESTAO DA DIVIDA PUBLICA ESTADUAL
2022,1917,IMOVEIS,GESTAO IMOBILIARIA
2022,1941,EGE-SEPLAG,EGE-SECRETARIA DE ESTADO DE PLANEJAMENTO E GESTAO
2022,1991,RC,RESERVA DE CONTINGENCIA
2022,2011,IPSEMG,INSTITUTO DE PREVIDENCIA DOS SERVIDORES DO ESTADO DE MINAS GERAIS
2022,2041,LEMG,LOTERIA DO ESTADO DE MINAS GERAIS
2022,2061,FJP,FUNDACAO JOAO PINHEIRO
2022,2071,FAPEMIG,FUNDACAO DE AMPARO A PESQUISA DO ESTADO DE MINAS GERAIS
2022,2091,FEAM,FUNDACAO ESTADUAL DO MEIO AMBIENTE
2022,2101,IEF,INSTITUTO ESTADUAL DE FLORESTAS
2022,2121,IPSM,INSTITUTO DE PREVIDENCIA DOS SERVIDORES MILITARES DO ESTADO DE MINAS GERAIS
2022,2151,FHA,FUNDACAO HELENA ANTIPOFF
2022,2161,FUCAM,FUNDACAO EDUCACIONAL CAIO MARTINS
2022,2171,FAOP,FUNDACAO DE ARTE DE OURO PRETO
2022,2181,FCS,FUNDACAO CLOVIS SALGADO
2022,2201,IEPHA,INSTITUTO ESTADUAL DO PATRIMONIO HISTORICO E ARTISTICO DE MINAS GERAIS
2022,2211,TV MINAS,FUNDACAO TV MINAS CULTURAL E EDUCATIVA
2022,2241,IGAM,INSTITUTO MINEIRO DE GESTAO DAS AGUAS
2022,2251,JUCEMG,JUNTA COMERCIAL DO ESTADO DE MINAS GERAIS
2022,2261,FUNED,FUNDACAO EZEQUIEL DIAS
2022,2271,FHEMIG,FUNDACAO HOSPITALAR DO ESTADO DE MINAS GERAIS
2022,2281,UTRAMIG,FUNDACAO DE EDUCACAO PARA O TRABALHO DE MINAS GERAIS
2022,2301,DER-MG,DEPARTAMENTO DE EDIFICACOES E ESTRADAS DE RODAGEM DO ESTADO DE MINAS GERAIS
2022,2311,UNIMONTES,UNIVERSIDADE ESTADUAL DE MONTES CLAROS
2022,2321,HEMOMINAS,FUNDACAO CENTRO DE HEMATOLOGIA E HEMOTERAPIA DE MINAS GERAIS
2022,2331,IPEMMG,INSTITUTO DE METROLOGIA E QUALIDADE DO ESTADO DE MINAS GERAIS
2022,2351,UEMG,UNIVERSIDADE DO ESTADO DE MINAS GERAIS
2022,2361,IPLEMG,INSTITUTO DE PREVIDENCIA DO LEGISLATIVO DO ESTADO DE MINAS GERAIS
2022,2371,IMA,INSTITUTO MINEIRO DE AGROPECUARIA
2022,2421,IDENE,INSTITUTO DE DESENVOLVIMENTO DO NORTE E NORDESTE DE MINAS GERAIS
2022,2431,AGÊNCIA RMBH,AGENCIA DE DESENVOLVIMENTO DA REGIAO METROPOLITANA DE BELO HORIZONTE
2022,2441,ARSAE -MG,AGENCIA REGULADORA DE SERVICOS DE ABASTECIMENTO DE AGUA E DE ESGOTAMENTO SANITARIO DO ESTADO DE MINA
2022,2461,ARMVA,AGENCIA DE DESENVOLVIMENTO DA REGIAO METROPOLITANA DO VALE DO ACO
2022,3041,EMATER,EMPRESA DE ASSISTENCIA TECNICA E EXTENSAO RURAL DO ESTADO DE MINAS GERAIS
2022,3051,EPAMIG,EMPRESA DE PESQUISA AGROPECUARIA DE MINAS GERAIS
2022,3151,EMC,EMPRESA MINEIRA DE COMUNICACAO
2022,4031,FEPJ,FUNDO ESPECIAL DO PODER JUDICIARIO DO ESTADO DE MINAS GERAIS
2022,4091,FIA,FUNDO PARA A INFANCIA E A ADOLESCENCIA
2022,4101,FEH,FUNDO ESTADUAL DE HABITACAO
2022,4111,FUNDESE,FUNDO DE FOMENTO E DESENVOLVIMENTO SOCIOECONOMICO DO ESTADO DE MINAS GERAIS
2022,4121,FUNDHAB,FUNDO DE APOIO HABITACIONAL DA ASSEMBLEIA LEGISLATIVA DE MINAS GERAIS
2022,4141,FPE,FUNDO PENITENCIARIO ESTADUAL
2022,4151,FASTUR,FUNDO DE ASSISTENCIA AO TURISMO
2022,4171,FUNDERUR,FUNDO ESTADUAL DE DESENVOLVIMENTO RURAL
2022,4251,FEAS,FUNDO ESTADUAL DE ASSISTENCIA SOCIAL
2022,4291,FES,FUNDO ESTADUAL DE SAUDE
2022,4321,FUNPREN,"FUNDO ESTADUAL DE PREVENCAO, FISCALIZACAO E REPRESSAO DE ENTORPECENTES"
2022,4331,FDM,FUNDO DE DESENVOLVIMENTO METROPOLITANO
2022,4341,FHIDRO,"FUNDO DE RECUPERACAO, PROTECAO E DESENVOLVIMENTO SUSTENTAVEL DAS BACIAS HIDROGRAFICAS DO ESTADO DE M"
2022,4381,FUNTRANS,FUNDO ESTADUAL DE DESENVOLVIMENTO DE TRANSPORTES
2022,4421,FUNDIF,FUNDO ESTADUAL DE DEFESA DE DIREITOS DIFUSOS
2022,4441,FUNEMP,FUNDO ESPECIAL DO MINISTERIO PUBLICO DO ESTADO DE MINAS GERAIS
2022,4451,FEPDC,FUNDO ESTADUAL DE PROTECAO E DEFESA DO CONSUMIDOR
2022,4491,FEC,FUNDO ESTADUAL DE CULTURA
2022,4531,FIIT,FUNDO DE INCENTIVO A INOVACAO TECNOLOGICA
2022,4541,FAHMEMG,FUNDO DE APOIO HABITACIONAL AOS MILITARES DO ESTADO DE MINAS GERAIS
2022,4551,FUNAPEC,FUNDO DE ASSISTENCIA AO PECULIO DOS SERVIDORES DO ESTADO DE MINAS GERAIS
2022,4601,FEI,FUNDO ESTADUAL DOS DIREITOS DO IDOSO
2022,4611,FUNCONTAS,FUNDO DO TRIBUNAL DE CONTAS DO ESTADO DE MINAS GERAIS
2022,4621,MG INVESTE,FUNDO DE INVESTIMENTO DO ESTADO DE MINAS GERAIS
2022,4631,FPP - MG,FUNDO DE PAGAMENTO DE PARCERIAS PUBLICO - PRIVADAS DE MINAS GERAIS
2022,4641,FGP - MG,FUNDO DE GARANTIAS DE PARCERIAS PUBLICO - PRIVADAS DE MINAS GERAIS
2022,4651,FECIDAT,FUNDO ESPECIAL DE CREDITOS INADIMPLIDOS E DIVIDA ATIVA
2022,4661,FAIMG,FUNDO DE ATIVOS IMOBILIARIOS DE MINAS GERAIS
2022,4671,FIIMG,FUNDO DE INVESTIMENTOS IMOBILIARIOS DE MINAS GERAIS
2022,4691,FESP-MG,FUNDO ESTADUAL DE SEGURANCA PUBLICA DE MINAS GERAIS
2022,4701,FET-MG,FUNDO ESTADUAL DO TRABALHO DE MINAS GERAIS
2022,4711,FFP - MG,FUNDO FINANCEIRO DE PREVIDENCIA DO ESTADO DE MINAS GERAIS
2022,4721,FEPREMG,FUNDO ESTADUAL DE PREVIDENCIA DO ESTADO DE MINAS GERAIS
2022,9801,EGE-SEPLAG/FOLHA CENT,FOLHA DE PESSOAL CENTRALIZADA - EGE SEPLAG
2022,9999,EMG - ADM. DIRETA,EMG - ADMINISTRACAO DIRETA
2023,1011,ALMG,ASSEMBLEIA LEGISLATIVA DO ESTADO DE MINAS GERAIS
2023,1021,TCEMG,TRIBUNAL DE CONTAS DO ESTADO DE MINAS GERAIS
2023,1031,TJMG,TRIBUNAL DE JUSTICA DO ESTADO DE MINAS GERAIS
2023,1051,TJMMG,TRIBUNAL DE JUSTICA MILITAR DO ESTADO DE MINAS GERAIS
2023,1071,GABINETE MILITAR,GABINETE MILITAR DO GOVERNADOR DO ESTADO DE MINAS GERAIS
2023,1081,AGE,ADVOCACIA GERAL DO ESTADO
2023,1091,PGJ,PROCURADORIA GERAL DE JUSTICA
2023,1101,OGE,OUVIDORIA-GERAL DO ESTADO DE MINAS GERAIS
2023,1191,SEF,SECRETARIA DE ESTADO DE FAZENDA
2023,1221,SEDE,SECRETARIA DE ESTADO DE DESENVOLVIMENTO ECONOMICO
2023,1231,SEAPA,"SECRETARIA DE ESTADO DE AGRICULTURA, PECUARIA E ABASTECIMENTO - SEAPA"
2023,1251,PMMG,POLICIA MILITAR DO ESTADO DE MINAS GERAIS
2023,1261,SEE,SECRETARIA DE ESTADO DE EDUCACAO
2023,1271,SECULT,SECRETARIA DE ESTADO DE CULTURA E TURISMO
2023,1301,SEINFRA,"SECRETARIA DE ESTADO DE INFRAESTRUTURA, MOBILIDADE E PARCERIAS"
2023,1371,SEMAD,SECRETARIA DE ESTADO DE MEIO AMBIENTE E DESENVOLVIMENTO SUSTENTAVEL
2023,1401,CBMMG,CORPO DE BOMBEIROS MILITAR DO ESTADO DE MINAS GERAIS
2023,1441,DEF PUB,DEFENSORIA PUBLICA DO ESTADO DE MINAS GERAIS
2023,1451,SEJUSP,SECRETARIA DE ESTADO DE JUSTICA E SEGURANCA PUBLICA
2023,1481,SEDESE,SECRETARIA DE ESTADO DE DESENVOLVIMENTO SOCIAL
2023,1491,SEGOV,SECRETARIA DE ESTADO DE GOVERNO
2023,1501,SEPLAG,SECRETARIA DE ESTADO DE PLANEJAMENTO E GESTAO
2023,1511,PCMG,POLICIA CIVIL DO ESTADO DE MINAS GERAIS
2023,1521,CGE,CONTROLADORIA-GERAL DO ESTADO
2023,1541,ESP MG,ESCOLA DE SAUDE PUBLICA DO ESTADO DE MINAS GERAIS
2023,1631,SEC. GERAL,SECRETARIA-GERAL
2023,1711,SECOM,SECRETARIA DE ESTADO DE COMUNICACAO SOCIAL
2023,1721,SCC,SECRETARIA DE ESTADO DA CASA CIVIL
2023,1911,EGE - SEF,EGE SEC.FAZENDA-ENCARGOS DIVERSOS
2023,1915,PARTICIPAÇÃO EMPRESAS,PARTICIPACAO NO AUMENTO DO CAPITAL SOCIAL DE EMPRESAS
2023,1916,GDPE - SEF,GESTAO DA DIVIDA PUBLICA ESTADUAL
2023,1917,IMOVEIS,GESTAO IMOBILIARIA
2023,1941,EGE-SEPLAG,EGE-SECRETARIA DE ESTADO DE PLANEJAMENTO E GESTAO
2023,1951,EGE - CASA CIVIL,ENCARGOS GERAIS DO ESTADO - INSTRUMENTOS DE ENTRADA DE RECURSOS
2023,1991,RC,RESERVA DE CONTINGENCIA
2023,2011,IPSEMG,INSTITUTO DE PREVIDENCIA DOS SERVIDORES DO ESTADO DE MINAS GERAIS
2023,2041,LEMG,LOTERIA DO ESTADO DE MINAS GERAIS
2023,2061,FJP,FUNDACAO JOAO PINHEIRO
2023,2071,FAPEMIG,FUNDACAO DE AMPARO A PESQUISA DO ESTADO DE MINAS GERAIS
2023,2091,FEAM,FUNDACAO ESTADUAL DO MEIO AMBIENTE
2023,2101,IEF,INSTITUTO ESTADUAL DE FLORESTAS
2023,2121,IPSM,INSTITUTO DE PREVIDENCIA DOS SERVIDORES MILITARES DO ESTADO DE MINAS GERAIS
2023,2151,FHA,FUNDACAO HELENA ANTIPOFF
2023,2161,FUCAM,FUNDACAO EDUCACIONAL CAIO MARTINS
2023,2171,FAOP,FUNDACAO DE ARTE DE OURO PRETO
2023,2181,FCS,FUNDACAO CLOVIS SALGADO
2023,2201,IEPHA,INSTITUTO ESTADUAL DO PATRIMONIO HISTORICO E ARTISTICO DE MINAS GERAIS
2023,2211,TV MINAS,FUNDACAO TV MINAS CULTURAL E EDUCATIVA
2023,2241,IGAM,INSTITUTO MINEIRO DE GESTAO DAS AGUAS
2023,2251,JUCEMG,JUNTA COMERCIAL DO ESTADO DE MINAS GERAIS
2023,2261,FUNED,FUNDACAO EZEQUIEL DIAS
2023,2271,FHEMIG,FUNDACAO HOSPITALAR DO ESTADO DE MINAS GERAIS
2023,2281,UTRAMIG,FUNDACAO DE EDUCACAO PARA O TRABALHO DE MINAS GERAIS
2023,2301,DER-MG,DEPARTAMENTO DE EDIFICACOES E ESTRADAS DE RODAGEM DO ESTADO DE MINAS GERAIS
2023,2311,UNIMONTES,UNIVERSIDADE ESTADUAL DE MONTES CLAROS
2023,2321,HEMOMINAS,FUNDACAO CENTRO DE HEMATOLOGIA E HEMOTERAPIA DE MINAS GERAIS
2023,2331,IPEMMG,INSTITUTO DE METROLOGIA E QUALIDADE DO ESTADO DE MINAS GERAIS
2023,2351,UEMG,UNIVERSIDADE DO ESTADO DE MINAS GERAIS
2023,2361,IPLEMG,INSTITUTO DE PREVIDENCIA DO LEGISLATIVO DO ESTADO DE MINAS GERAIS
2023,2371,IMA,INSTITUTO MINEIRO DE AGROPECUARIA
2023,2421,IDENE,INSTITUTO DE DESENVOLVIMENTO DO NORTE E NORDESTE DE MINAS GERAIS
2023,2431,AGÊNCIA RMBH,AGENCIA DE DESENVOLVIMENTO DA REGIAO METROPOLITANA DE BELO HORIZONTE
2023,2441,ARSAE -MG,AGENCIA REGULADORA DE SERVICOS DE ABASTECIMENTO DE AGUA E DE ESGOTAMENTO SANITARIO DO ESTADO DE MINA
2023,2461,ARMVA,AGENCIA DE DESENVOLVIMENTO DA REGIAO METROPOLITANA DO VALE DO ACO
2023,3041,EMATER,EMPRESA DE ASSISTENCIA TECNICA E EXTENSAO RURAL DO ESTADO DE MINAS GERAIS
2023,3051,EPAMIG,EMPRESA DE PESQUISA AGROPECUARIA DE MINAS GERAIS
2023,3151,EMC,EMPRESA MINEIRA DE COMUNICACAO
2023,4031,FEPJ,FUNDO ESPECIAL DO PODER JUDICIARIO DO ESTADO DE MINAS GERAIS
2023,4091,FIA,FUNDO PARA A INFANCIA E A ADOLESCENCIA
2023,4101,FEH,FUNDO ESTADUAL DE HABITACAO
2023,4111,FUNDESE,FUNDO DE FOMENTO E DESENVOLVIMENTO SOCIOECONOMICO DO ESTADO DE MINAS GERAIS
2023,4121,FUNDHAB,FUNDO DE APOIO HABITACIONAL DA ASSEMBLEIA LEGISLATIVA DE MINAS GERAIS
2023,4141,FPE,FUNDO PENITENCIARIO ESTADUAL
2023,4151,FASTUR,FUNDO DE ASSISTENCIA AO TURISMO
2023,4171,FUNDERUR,FUNDO ESTADUAL DE DESENVOLVIMENTO RURAL
2023,4251,FEAS,FUNDO ESTADUAL DE ASSISTENCIA SOCIAL
2023,4291,FES,FUNDO ESTADUAL DE SAUDE
2023,4321,FUNPREN,"FUNDO ESTADUAL DE PREVENCAO, FISCALIZACAO E REPRESSAO DE ENTORPECENTES"
2023,4331,FDM,FUNDO DE DESENVOLVIMENTO METROPOLITANO
2023,4341,FHIDRO,"FUNDO DE RECUPERACAO, PROTECAO E DESENVOLVIMENTO SUSTENTAVEL DAS BACIAS HIDROGRAFICAS DO ESTADO DE M"
2023,4381,FUNTRANS,FUNDO ESTADUAL DE DESENVOLVIMENTO DE TRANSPORTES
2023,4421,FUNDIF,FUNDO ESTADUAL DE DEFESA DE DIREITOS DIFUSOS
2023,4441,FUNEMP,FUNDO ESPECIAL DO MINISTERIO PUBLICO DO ESTADO DE MINAS GERAIS
2023,4451,FEPDC,FUNDO ESTADUAL DE PROTECAO E DEFESA DO CONSUMIDOR
2023,4491,FEC,FUNDO ESTADUAL DE CULTURA
2023,4531,FIIT,FUNDO DE INCENTIVO A INOVACAO TECNOLOGICA
2023,4541,FAHMEMG,FUNDO DE APOIO HABITACIONAL AOS MILITARES DO ESTADO DE MINAS GERAIS
2023,4551,FUNAPEC,FUNDO DE ASSISTENCIA AO PECULIO DOS SERVIDORES DO ESTADO DE MINAS GERAIS
2023,4601,FEI,FUNDO ESTADUAL DOS DIREITOS DO IDOSO
2023,4611,FUNCONTAS,FUNDO DO TRIBUNAL DE CONTAS DO ESTADO DE MINAS GERAIS
2023,4621,MG INVESTE,FUNDO DE INVESTIMENTO DO ESTADO DE MINAS GERAIS
2023,4631,FPP - MG,FUNDO DE PAGAMENTO DE PARCERIAS PUBLICO - PRIVADAS DE MINAS GERAIS
2023,4641,FGP - MG,FUNDO DE GARANTIAS DE PARCERIAS PUBLICO - PRIVADAS DE MINAS GERAIS
2023,4651,FECIDAT,FUNDO ESPECIAL DE CREDITOS INADIMPLIDOS E DIVIDA ATIVA
2023,4661,FAIMG,FUNDO DE ATIVOS IMOBILIARIOS DE MINAS GERAIS
2023,4671,FIIMG,FUNDO DE INVESTIMENTOS IMOBILIARIOS DE MINAS GERAIS
2023,4691,FESP-MG,FUNDO ESTADUAL DE SEGURANCA PUBLICA DE MINAS GERAIS
2023,4701,FET-MG,FUNDO ESTADUAL DO TRABALHO DE MINAS GERAIS
2023,4711,FFP - MG,FUNDO FINANCEIRO DE PREVIDENCIA DO ESTADO DE MINAS GERAIS
2023,4721,FEPREMG,FUNDO ESTADUAL DE PREVIDENCIA DO ESTADO DE MINAS GERAIS
2023,9801,EGE-SEPLAG/FOLHA CENT,FOLHA DE PESSOAL CENTRALIZADA - EGE SEPLAG
2023,9999,EMG - ADM. DIRETA,EMG - ADMINISTRACAO DIRETA
2024,1011,ALMG,ASSEMBLEIA LEGISLATIVA DO ESTADO DE MINAS GERAIS
2024,1021,TCEMG,TRIBUNAL DE CONTAS DO ESTADO DE MINAS GERAIS
2024,1031,TJMG,TRIBUNAL DE JUSTICA DO ESTADO DE MINAS GERAIS
2024,1051,TJMMG,TRIBUNAL DE JUSTICA MILITAR DO ESTADO DE MINAS GERAIS
2024,1071,GABINETE MILITAR,GABINETE MILITAR DO GOVERNADOR DO ESTADO DE MINAS GERAIS
2024,1081,AGE,ADVOCACIA GERAL DO ESTADO
2024,1091,PGJ,PROCURADORIA GERAL DE JUSTICA
2024,1101,OGE,OUVIDORIA-GERAL DO ESTADO DE MINAS GERAIS
2024,1191,SEF,SECRETARIA DE ESTADO DE FAZENDA
2024,1221,SEDE,SECRETARIA DE ESTADO DE DESENVOLVIMENTO ECONOMICO
2024,1231,SEAPA,"SECRETARIA DE ESTADO DE AGRICULTURA, PECUARIA E ABASTECIMENTO"
2024,1251,PMMG,POLICIA MILITAR DO ESTADO DE MINAS GERAIS
2024,1261,SEE,SECRETARIA DE ESTADO DE EDUCACAO
2024,1271,SECULT,SECRETARIA DE ESTADO DE CULTURA E TURISMO
2024,1301,SEINFRA,"SECRETARIA DE ESTADO DE INFRAESTRUTURA, MOBILIDADE E PARCERIAS"
2024,1371,SEMAD,SECRETARIA DE ESTADO DE MEIO AMBIENTE E DESENVOLVIMENTO SUSTENTAVEL
2024,1401,CBMMG,CORPO DE BOMBEIROS MILITAR DO ESTADO DE MINAS GERAIS
2024,1441,DEF PUB,DEFENSORIA PUBLICA DO ESTADO DE MINAS GERAIS
2024,1451,SEJUSP,SECRETARIA DE ESTADO DE JUSTICA E SEGURANCA PUBLICA
2024,1481,SEDESE,SECRETARIA DE ESTADO DE DESENVOLVIMENTO SOCIAL
2024,1491,SEGOV,SECRETARIA DE ESTADO DE GOVERNO
2024,1501,SEPLAG,SECRETARIA DE ESTADO DE PLANEJAMENTO E GESTAO
2024,1511,PCMG,POLICIA CIVIL DO ESTADO DE MINAS GERAIS
2024,1521,CGE,CONTROLADORIA-GERAL DO ESTADO
2024,1541,ESP MG,ESCOLA DE SAUDE PUBLICA DO ESTADO DE MINAS GERAIS
2024,1631,SEC. GERAL,SECRETARIA-GERAL
2024,1711,SECOM,SECRETARIA DE ESTADO DE COMUNICACAO SOCIAL
2024,1721,SCC,SECRETARIA DE ESTADO DA CASA CIVIL
2024,1911,EGE - SEF,EGE SEC.FAZENDA-ENCARGOS DIVERSOS
2024,1915,PARTICIPAÇÃO EMPRESAS,PARTICIPACAO NO AUMENTO DO CAPITAL SOCIAL DE EMPRESAS
2024,1916,GDPE - SEF,GESTAO DA DIVIDA PUBLICA ESTADUAL
2024,1941,EGE-SEPLAG,EGE-SECRETARIA DE ESTADO DE PLANEJAMENTO E GESTAO
2024,1951,EGE - CASA CIVIL,ENCARGOS GERAIS DO ESTADO - INSTRUMENTOS DE ENTRADA DE RECURSOS
2024,1991,RC,RESERVA DE CONTINGENCIA
2024,2011,IPSEMG,INSTITUTO DE PREVIDENCIA DOS SERVIDORES DO ESTADO DE MINAS GERAIS
2024,2041,LEMG,LOTERIA DO ESTADO DE MINAS GERAIS
2024,2061,FJP,FUNDACAO JOAO PINHEIRO
2024,2071,FAPEMIG,FUNDACAO DE AMPARO A PESQUISA DO ESTADO DE MINAS GERAIS
2024,2091,FEAM,FUNDACAO ESTADUAL DO MEIO AMBIENTE
2024,2101,IEF,INSTITUTO ESTADUAL DE FLORESTAS
2024,2121,IPSM,INSTITUTO DE PREVIDENCIA DOS SERVIDORES MILITARES DO ESTADO DE MINAS GERAIS
2024,2151,FHA,FUNDACAO HELENA ANTIPOFF
2024,2161,FUCAM,FUNDACAO EDUCACIONAL CAIO MARTINS
2024,2171,FAOP,FUNDACAO DE ARTE DE OURO PRETO
2024,2181,FCS,FUNDACAO CLOVIS SALGADO
2024,2201,IEPHA,INSTITUTO ESTADUAL DO PATRIMONIO HISTORICO E ARTISTICO DE MINAS GERAIS
2024,2211,TV MINAS,FUNDACAO TV MINAS CULTURAL E EDUCATIVA
2024,2241,IGAM,INSTITUTO MINEIRO DE GESTAO DAS AGUAS
2024,2251,JUCEMG,JUNTA COMERCIAL DO ESTADO DE MINAS GERAIS
2024,2261,FUNED,FUNDACAO EZEQUIEL DIAS
2024,2271,FHEMIG,FUNDACAO HOSPITALAR DO ESTADO DE MINAS GERAIS
2024,2281,UTRAMIG,FUNDACAO DE EDUCACAO PARA O TRABALHO DE MINAS GERAIS
2024,2301,DER-MG,DEPARTAMENTO DE ESTRADAS DE RODAGEM DO ESTADO DE MINAS GERAIS
2024,2311,UNIMONTES,UNIVERSIDADE ESTADUAL DE MONTES CLAROS
2024,2321,HEMOMINAS,FUNDACAO CENTRO DE HEMATOLOGIA E HEMOTERAPIA DE MINAS GERAIS
2024,2331,IPEMMG,INSTITUTO DE METROLOGIA E QUALIDADE DO ESTADO DE MINAS GERAIS
2024,2351,UEMG,UNIVERSIDADE DO ESTADO DE MINAS GERAIS
2024,2361,IPLEMG,INSTITUTO DE PREVIDENCIA DO LEGISLATIVO DO ESTADO DE MINAS GERAIS
2024,2371,IMA,INSTITUTO MINEIRO DE AGROPECUARIA
2024,2421,IDENE,INSTITUTO DE DESENVOLVIMENTO DO NORTE E NORDESTE DE MINAS GERAIS
2024,2431,AGÊNCIA RMBH,AGENCIA DE DESENVOLVIMENTO DA REGIAO METROPOLITANA DE BELO HORIZONTE
2024,2441,ARSAE -MG,AGENCIA REGULADORA DE SERVICOS DE ABASTECIMENTO DE AGUA E DE ESGOTAMENTO SANITARIO DO ESTADO DE MINA
2024,2461,ARMVA,AGENCIA DE DESENVOLVIMENTO DA REGIAO METROPOLITANA DO VALE DO ACO
2024,3041,EMATER,EMPRESA DE ASSISTENCIA TECNICA E EXTENSAO RURAL DO ESTADO DE MINAS GERAIS
2024,3051,EPAMIG,EMPRESA DE PESQUISA AGROPECUARIA DE MINAS GERAIS
2024,3151,EMC,EMPRESA MINEIRA DE COMUNICACAO
2024,4031,FEPJ,FUNDO ESPECIAL DO PODER JUDICIARIO DO ESTADO DE MINAS GERAIS
2024,4091,FIA,FUNDO PARA A INFANCIA E A ADOLESCENCIA
2024,4101,FEH,FUNDO ESTADUAL DE HABITACAO
2024,4111,FUNDESE,FUNDO DE FOMENTO E DESENVOLVIMENTO SOCIOECONOMICO DO ESTADO DE MINAS GERAIS
2024,4121,FUNDHAB,FUNDO DE APOIO HABITACIONAL DA ASSEMBLEIA LEGISLATIVA DE MINAS GERAIS
2024,4141,FPE,FUNDO PENITENCIARIO ESTADUAL
2024,4151,FASTUR,FUNDO DE ASSISTENCIA AO TURISMO
2024,4171,FUNDERUR,FUNDO ESTADUAL DE DESENVOLVIMENTO RURAL
2024,4251,FEAS,FUNDO ESTADUAL DE ASSISTENCIA SOCIAL
2024,4291,FES,FUNDO ESTADUAL DE SAUDE
2024,4321,FUNPREN,"FUNDO ESTADUAL DE PREVENCAO, FISCALIZACAO E REPRESSAO DE ENTORPECENTES"
2024,4331,FDM,FUNDO DE DESENVOLVIMENTO METROPOLITANO
2024,4341,FHIDRO,"FUNDO DE RECUPERACAO, PROTECAO E DESENVOLVIMENTO SUSTENTAVEL DAS BACIAS HIDROGRAFICAS DO ESTADO DE M"
2024,4381,FUNTRANS,FUNDO ESTADUAL DE DESENVOLVIMENTO DE TRANSPORTES
2024,4421,FUNDIF,FUNDO ESTADUAL DE DEFESA DE DIREITOS DIFUSOS
2024,4441,FUNEMP,FUNDO ESPECIAL DO MINISTERIO PUBLICO DO ESTADO DE MINAS GERAIS
2024,4451,FEPDC,FUNDO ESTADUAL DE PROTECAO E DEFESA DO CONSUMIDOR
2024,4491,FEC,FUNDO ESTADUAL DE CULTURA
2024,4541,FAHMEMG,FUNDO DE APOIO HABITACIONAL AOS MILITARES DO ESTADO DE MINAS GERAIS
2024,4551,FUNAPEC,FUNDO DE ASSISTENCIA AO PECULIO DOS SERVIDORES DO ESTADO DE MINAS GERAIS
2024,4601,FEI,FUNDO ESTADUAL DOS DIREITOS DO IDOSO
2024,4611,FUNCONTAS,FUNDO DO TRIBUNAL DE CONTAS DO ESTADO DE MINAS GERAIS
2024,4621,MG INVESTE,FUNDO DE INVESTIMENTO DO ESTADO DE MINAS GERAIS
2024,4631,FPP - MG,FUNDO DE PAGAMENTO DE PARCERIAS PUBLICO - PRIVADAS DE MINAS GERAIS
2024,4641,FGP - MG,FUNDO DE GARANTIAS DE PARCERIAS PUBLICO - PRIVADAS DE MINAS GERAIS
2024,4651,FECIDAT,FUNDO ESPECIAL DE CREDITOS INADIMPLIDOS E DIVIDA ATIVA
2024,4661,FAIMG,FUNDO DE ATIVOS IMOBILIARIOS DE MINAS GERAIS
2024,4671,FIIMG,FUNDO DE INVESTIMENTOS IMOBILIARIOS DE MINAS GERAIS
2024,4691,FESP-MG,FUNDO ESTADUAL DE SEGURANCA PUBLICA DE MINAS GERAIS
2024,4701,FET-MG,FUNDO ESTADUAL DO TRABALHO DE MINAS GERAIS
2024,4711,FFP - MG,FUNDO FINANCEIRO DE PREVIDENCIA DO ESTADO DE MINAS GERAIS
2024,4721,FEPREMG,FUNDO ESTADUAL DE PREVIDENCIA DO ESTADO DE MINAS GERAIS
2024,9801,EGE-SEPLAG/FOLHA CENT,FOLHA DE PESSOAL CENTRALIZADA - EGE SEPLAG
2024,9999,EMG - ADM. DIRETA,EMG - ADMINISTRACAO DIRETA
2025,1011,ALMG,ASSEMBLEIA LEGISLATIVA DO ESTADO DE MINAS GERAIS
2025,1021,TCEMG,TRIBUNAL DE CONTAS DO ESTADO DE MINAS GERAIS
2025,1031,TJMG,TRIBUNAL DE JUSTICA DO ESTADO DE MINAS GERAIS
2025,1051,TJMMG,TRIBUNAL DE JUSTICA MILITAR DO ESTADO DE MINAS GERAIS
2025,1071,GABINETE MILITAR,GABINETE MILITAR DO GOVERNADOR DO ESTADO DE MINAS GERAIS
2025,1081,AGE,ADVOCACIA GERAL DO ESTADO
2025,1091,PGJ,PROCURADORIA GERAL DE JUSTICA
2025,1101,OGE,OUVIDORIA-GERAL DO ESTADO DE MINAS GERAIS
2025,1191,SEF,SECRETARIA DE ESTADO DE FAZENDA
2025,1221,SEDE,SECRETARIA DE ESTADO DE DESENVOLVIMENTO ECONOMICO
2025,1231,SEAPA,"SECRETARIA DE ESTADO DE AGRICULTURA, PECUARIA E ABASTECIMENTO"
2025,1251,PMMG,POLICIA MILITAR DO ESTADO DE MINAS GERAIS
2025,1261,SEE,SECRETARIA DE ESTADO DE EDUCACAO
2025,1271,SECULT,SECRETARIA DE ESTADO DE CULTURA E TURISMO
2025,1301,SEINFRA,"SECRETARIA DE ESTADO DE INFRAESTRUTURA, MOBILIDADE E PARCERIAS"
2025,1371,SEMAD,SECRETARIA DE ESTADO DE MEIO AMBIENTE E DESENVOLVIMENTO SUSTENTAVEL
2025,1401,CBMMG,CORPO DE BOMBEIROS MILITAR DO ESTADO DE MINAS GERAIS
2025,1441,DEF PUB,DEFENSORIA PUBLICA DO ESTADO DE MINAS GERAIS
2025,1451,SEJUSP,SECRETARIA DE ESTADO DE JUSTICA E SEGURANCA PUBLICA
2025,1481,SEDESE,SECRETARIA DE ESTADO DE DESENVOLVIMENTO SOCIAL
2025,1491,SEGOV,SECRETARIA DE ESTADO DE GOVERNO
2025,1501,SEPLAG,SECRETARIA DE ESTADO DE PLANEJAMENTO E GESTAO
2025,1511,PCMG,POLICIA CIVIL DO ESTADO DE MINAS GERAIS
2025,1521,CGE,CONTROLADORIA-GERAL DO ESTADO
2025,1541,ESP MG,ESCOLA DE SAUDE PUBLICA DO ESTADO DE MINAS GERAIS
2025,1631,SEC. GERAL,SECRETARIA-GERAL
2025,1711,SECOM,SECRETARIA DE ESTADO DE COMUNICACAO SOCIAL
2025,1721,SCC,SECRETARIA DE ESTADO DA CASA CIVIL
2025,1911,EGE - SEF,EGE SEC.FAZENDA-ENCARGOS DIVERSOS
2025,1915,PARTICIPAÇÃO EMPRESAS,PARTICIPACAO NO AUMENTO DO CAPITAL SOCIAL DE EMPRESAS
2025,1916,GDPE - SEF,GESTAO DA DIVIDA PUBLICA ESTADUAL
2025,1941,EGE-SEPLAG,EGE-SECRETARIA DE ESTADO DE PLANEJAMENTO E GESTAO
2025,1951,EGE - CASA CIVIL,ENCARGOS GERAIS DO ESTADO - INSTRUMENTOS DE ENTRADA DE RECURSOS
2025,1991,RC,RESERVA DE CONTINGENCIA
2025,2011,IPSEMG,INSTITUTO DE PREVIDENCIA DOS SERVIDORES DO ESTADO DE MINAS GERAIS
2025,2041,LEMG,LOTERIA DO ESTADO DE MINAS GERAIS
2025,2061,FJP,FUNDACAO JOAO PINHEIRO
2025,2071,FAPEMIG,FUNDACAO DE AMPARO A PESQUISA DO ESTADO DE MINAS GERAIS
2025,2091,FEAM,FUNDACAO ESTADUAL DO MEIO AMBIENTE
2025,2101,IEF,INSTITUTO ESTADUAL DE FLORESTAS
2025,2121,IPSM,INSTITUTO DE PREVIDENCIA DOS SERVIDORES MILITARES DO ESTADO DE MINAS GERAIS
2025,2151,FHA,FUNDACAO HELENA ANTIPOFF
2025,2161,FUCAM,FUNDACAO EDUCACIONAL CAIO MARTINS
2025,2171,FAOP,FUNDACAO DE ARTE DE OURO PRETO
2025,2181,FCS,FUNDACAO CLOVIS SALGADO
2025,2201,IEPHA,INSTITUTO ESTADUAL DO PATRIMONIO HISTORICO E ARTISTICO DE MINAS GERAIS
2025,2211,TV MINAS,FUNDACAO TV MINAS CULTURAL E EDUCATIVA
2025,2241,IGAM,INSTITUTO MINEIRO DE GESTAO DAS AGUAS
2025,2251,JUCEMG,JUNTA COMERCIAL DO ESTADO DE MINAS GERAIS
2025,2261,FUNED,FUNDACAO EZEQUIEL DIAS
2025,2271,FHEMIG,FUNDACAO HOSPITALAR DO ESTADO DE MINAS GERAIS
2025,2281,UTRAMIG,FUNDACAO DE EDUCACAO PARA O TRABALHO DE MINAS GERAIS
2025,2301,DER-MG,DEPARTAMENTO DE ESTRADAS DE RODAGEM DO ESTADO DE MINAS GERAIS
2025,2311,UNIMONTES,UNIVERSIDADE ESTADUAL DE MONTES CLAROS
2025,2321,HEMOMINAS,FUNDACAO CENTRO DE HEMATOLOGIA E HEMOTERAPIA DE MINAS GERAIS
2025,2331,IPEMMG,INSTITUTO DE METROLOGIA E QUALIDADE DO ESTADO DE MINAS GERAIS
2025,2351,UEMG,UNIVERSIDADE DO ESTADO DE MINAS GERAIS
2025,2361,IPLEMG,INSTITUTO DE PREVIDENCIA DO LEGISLATIVO DO ESTADO DE MINAS GERAIS
2025,2371,IMA,INSTITUTO MINEIRO DE AGROPECUARIA
2025,2421,IDENE,INSTITUTO DE DESENVOLVIMENTO DO NORTE E NORDESTE DE MINAS GERAIS
2025,2431,AGÊNCIA RMBH,AGENCIA DE DESENVOLVIMENTO DA REGIAO METROPOLITANA DE BELO HORIZONTE
2025,2441,ARSAE -MG,AGENCIA REGULADORA DE SERVICOS DE ABASTECIMENTO DE AGUA E DE ESGOTAMENTO SANITARIO DO ESTADO DE MINA
2025,2461,ARMVA,AGENCIA DE DESENVOLVIMENTO DA REGIAO METROPOLITANA DO VALE DO ACO
2025,2471,ARTEMIG,AGENCIA REGULADORA DE TRANSPORTES DO ESTADO DE MINAS GERAIS
2025,3041,EMATER,EMPRESA DE ASSISTENCIA TECNICA E EXTENSAO RURAL DO ESTADO DE MINAS GERAIS
2025,3051,EPAMIG,EMPRESA DE PESQUISA AGROPECUARIA DE MINAS GERAIS
2025,3151,EMC,EMPRESA MINEIRA DE COMUNICACAO
2025,4031,FEPJ,FUNDO ESPECIAL DO PODER JUDICIARIO DO ESTADO DE MINAS GERAIS
2025,4091,FIA,FUNDO PARA A INFANCIA E A ADOLESCENCIA
2025,4101,FEH,FUNDO ESTADUAL DE HABITACAO
2025,4111,FUNDESE,FUNDO DE FOMENTO E DESENVOLVIMENTO SOCIOECONOMICO DO ESTADO DE MINAS GERAIS
2025,4121,FUNDALEMG,FUNDO ESPECIAL DA ASSEMBLEIA LEGISLATIVA DO ESTADO DE MINAS GERAIS
2025,4141,FPE,FUNDO PENITENCIARIO ESTADUAL
2025,4151,FASTUR,FUNDO DE ASSISTENCIA AO TURISMO
2025,4251,FEAS,FUNDO ESTADUAL DE ASSISTENCIA SOCIAL
2025,4291,FES,FUNDO ESTADUAL DE SAUDE
2025,4321,FUNPREN,"FUNDO ESTADUAL DE PREVENCAO, FISCALIZACAO E REPRESSAO DE ENTORPECENTES"
2025,4331,FDM,FUNDO DE DESENVOLVIMENTO METROPOLITANO
2025,4341,FHIDRO,"FUNDO DE RECUPERACAO, PROTECAO E DESENVOLVIMENTO SUSTENTAVEL DAS BACIAS HIDROGRAFICAS DO ESTADO DE M"
2025,4381,FUNTRANS,FUNDO ESTADUAL DE DESENVOLVIMENTO DE TRANSPORTES
2025,4421,FUNDIF,FUNDO ESTADUAL DE DEFESA DE DIREITOS DIFUSOS
2025,4441,FUNEMP,FUNDO ESPECIAL DO MINISTERIO PUBLICO DO ESTADO DE MINAS GERAIS
2025,4451,FEPDC,FUNDO ESTADUAL DE PROTECAO E DEFESA DO CONSUMIDOR
2025,4491,FEC,FUNDO ESTADUAL DE CULTURA
2025,4541,FAHMEMG,FUNDO DE APOIO HABITACIONAL AOS MILITARES DO ESTADO DE MINAS GERAIS
2025,4551,FUNAPEC,FUNDO DE ASSISTENCIA AO PECULIO DOS SERVIDORES DO ESTADO DE MINAS GERAIS
2025,4601,FEI,FUNDO ESTADUAL DOS DIREITOS DO IDOSO
2025,4611,FUNCONTAS,FUNDO DO TRIBUNAL DE CONTAS DO ESTADO DE MINAS GERAIS
2025,4621,MG INVESTE,FUNDO DE INVESTIMENTO DO ESTADO DE MINAS GERAIS
2025,4631,FPP - MG,FUNDO DE PAGAMENTO DE PARCERIAS PUBLICO - PRIVADAS DE MINAS GERAIS
2025,4641,FGP - MG,FUNDO DE GARANTIAS DE PARCERIAS PUBLICO - PRIVADAS DE MINAS GERAIS
2025,4651,FECIDAT,FUNDO ESPECIAL DE CREDITOS INADIMPLIDOS E DIVIDA ATIVA
2025,4661,FAIMG,FUNDO DE ATIVOS IMOBILIARIOS DE MINAS GERAIS ( 1220 )
2025,4671,FIIMG,FUNDO DE INVESTIMENTOS IMOBILIARIOS DE MINAS GERAIS ( 1220 )
2025,4691,FESP-MG,FUNDO ESTADUAL DE SEGURANCA PUBLICA DE MINAS GERAIS
2025,4701,FET-MG,FUNDO ESTADUAL DO TRABALHO DE MINAS GERAIS
2025,4711,FFP - MG,FUNDO FINANCEIRO DE PREVIDENCIA DO ESTADO DE MINAS GERAIS
2025,4721,FEPREMG,FUNDO ESTADUAL DE PREVIDENCIA DO ESTADO DE MINAS GERAIS
2025,4731,FDMP,FUNDO DE DESENVOLVIMENTO DO MINISTERIO PUBLICO
2025,4741,FEGAJ,FUNDO ESPECIAL DE GARANTIA DE ACESSO A JUSTICA
2025,4751,FEAGE,FUNDO ESPECIAL DA ADVOCACIA-GERAL DO ESTADO
2025,9801,EGE-SEPLAG/FOLHA CENT,FOLHA DE PESSOAL CENTRALIZADA - EGE SEPLAG
2025,9999,EMG - ADM. DIRETA,EMG - ADMINISTRACAO DIRETA
2026,1011,ALMG,ASSEMBLEIA LEGISLATIVA DO ESTADO DE MINAS GERAIS
2026,1021,TCEMG,TRIBUNAL DE CONTAS DO ESTADO DE MINAS GERAIS
2026,1031,TJMG,TRIBUNAL DE JUSTICA DO ESTADO DE MINAS GERAIS
2026,1051,TJMMG,TRIBUNAL DE JUSTICA MILITAR DO ESTADO DE MINAS GERAIS
2026,1071,GABINETE MILITAR,GABINETE MILITAR DO GOVERNADOR DO ESTADO DE MINAS GERAIS
2026,1081,AGE,ADVOCACIA GERAL DO ESTADO
2026,1091,PGJ,PROCURADORIA GERAL DE JUSTICA
2026,1101,OGE,OUVIDORIA-GERAL DO ESTADO DE MINAS GERAIS
2026,1191,SEF,SECRETARIA DE ESTADO DE FAZENDA
2026,1221,SEDE,SECRETARIA DE ESTADO DE DESENVOLVIMENTO ECONOMICO
2026,1231,SEAPA,"SECRETARIA DE ESTADO DE AGRICULTURA, PECUARIA E ABASTECIMENTO"
2026,1251,PMMG,POLICIA MILITAR DO ESTADO DE MINAS GERAIS
2026,1261,SEE,SECRETARIA DE ESTADO DE EDUCACAO
2026,1271,SECULT,SECRETARIA DE ESTADO DE CULTURA E TURISMO
2026,1301,SEINFRA,"SECRETARIA DE ESTADO DE INFRAESTRUTURA, MOBILIDADE E PARCERIAS"
2026,1371,SEMAD,SECRETARIA DE ESTADO DE MEIO AMBIENTE E DESENVOLVIMENTO SUSTENTAVEL
2026,1401,CBMMG,CORPO DE BOMBEIROS MILITAR DO ESTADO DE MINAS GERAIS
2026,1441,DEF PUB,DEFENSORIA PUBLICA DO ESTADO DE MINAS GERAIS
2026,1451,SEJUSP,SECRETARIA DE ESTADO DE JUSTICA E SEGURANCA PUBLICA
2026,1481,SEDESE,SECRETARIA DE ESTADO DE DESENVOLVIMENTO SOCIAL
2026,1491,SEGOV,SECRETARIA DE ESTADO DE GOVERNO
2026,1501,SEPLAG,SECRETARIA DE ESTADO DE PLANEJAMENTO E GESTAO
2026,1511,PCMG,POLICIA CIVIL DO ESTADO DE MINAS GERAIS
2026,1521,CGE,CONTROLADORIA-GERAL DO ESTADO
2026,1541,ESP MG,ESCOLA DE SAUDE PUBLICA DO ESTADO DE MINAS GERAIS
2026,1631,SEC. GERAL,SECRETARIA-GERAL
2026,1711,SECOM,SECRETARIA DE ESTADO DE COMUNICACAO SOCIAL
2026,1721,SCC,SECRETARIA DE ESTADO DA CASA CIVIL
2026,1911,EGE - SEF,EGE SEC.FAZENDA-ENCARGOS DIVERSOS
2026,1915,PARTICIPAÇÃO EMPRESAS,PARTICIPACAO NO AUMENTO DO CAPITAL SOCIAL DE EMPRESAS
2026,1916,GDPE - SEF,GESTAO DA DIVIDA PUBLICA ESTADUAL
2026,1941,EGE-SEPLAG,EGE-SECRETARIA DE ESTADO DE PLANEJAMENTO E GESTAO
2026,1951,EGE - CASA CIVIL,ENCARGOS GERAIS DO ESTADO - INSTRUMENTOS DE ENTRADA DE RECURSOS
2026,1991,RC,RESERVA DE CONTINGENCIA
2026,2011,IPSEMG,INSTITUTO DE PREVIDENCIA DOS SERVIDORES DO ESTADO DE MINAS GERAIS
2026,2041,LEMG,LOTERIA DO ESTADO DE MINAS GERAIS
2026,2061,FJP,FUNDACAO JOAO PINHEIRO
2026,2071,FAPEMIG,FUNDACAO DE AMPARO A PESQUISA DO ESTADO DE MINAS GERAIS
2026,2091,FEAM,FUNDACAO ESTADUAL DO MEIO AMBIENTE
2026,2101,IEF,INSTITUTO ESTADUAL DE FLORESTAS
2026,2121,IPSM,INSTITUTO DE PREVIDENCIA DOS SERVIDORES MILITARES DO ESTADO DE MINAS GERAIS
2026,2151,FHA,FUNDACAO HELENA ANTIPOFF
2026,2161,FUCAM,FUNDACAO EDUCACIONAL CAIO MARTINS
2026,2171,FAOP,FUNDACAO DE ARTE DE OURO PRETO
2026,2181,FCS,FUNDACAO CLOVIS SALGADO
2026,2201,IEPHA,INSTITUTO ESTADUAL DO PATRIMONIO HISTORICO E ARTISTICO DE MINAS GERAIS
2026,2211,TV MINAS,FUNDACAO TV MINAS CULTURAL E EDUCATIVA
2026,2241,IGAM,INSTITUTO MINEIRO DE GESTAO DAS AGUAS
2026,2251,JUCEMG,JUNTA COMERCIAL DO ESTADO DE MINAS GERAIS
2026,2261,FUNED,FUNDACAO EZEQUIEL DIAS
2026,2271,FHEMIG,FUNDACAO HOSPITALAR DO ESTADO DE MINAS GERAIS
2026,2281,UTRAMIG,FUNDACAO DE EDUCACAO PARA O TRABALHO DE MINAS GERAIS
2026,2301,DER-MG,DEPARTAMENTO DE ESTRADAS DE RODAGEM DO ESTADO DE MINAS GERAIS
2026,2311,UNIMONTES,UNIVERSIDADE ESTADUAL DE MONTES CLAROS
2026,2321,HEMOMINAS,FUNDACAO CENTRO DE HEMATOLOGIA E HEMOTERAPIA DE MINAS GERAIS
2026,2331,IPEMMG,INSTITUTO DE METROLOGIA E QUALIDADE DO ESTADO DE MINAS GERAIS
2026,2351,UEMG,UNIVERSIDADE DO ESTADO DE MINAS GERAIS
2026,2361,IPLEMG,INSTITUTO DE PREVIDENCIA DO LEGISLATIVO DO ESTADO DE MINAS GERAIS
2026,2371,IMA,INSTITUTO MINEIRO DE AGROPECUARIA
2026,2421,IDENE,INSTITUTO DE DESENVOLVIMENTO DO NORTE E NORDESTE DE MINAS GERAIS
2026,2431,AGÊNCIA RMBH,AGENCIA DE DESENVOLVIMENTO DA REGIAO METROPOLITANA DE BELO HORIZONTE
2026,2441,ARSAE -MG,AGENCIA REGULADORA DE SERVICOS DE ABASTECIMENTO DE AGUA E DE ESGOTAMENTO SANITARIO DO ESTADO DE MINA
2026,2461,ARMVA,AGENCIA DE DESENVOLVIMENTO DA REGIAO METROPOLITANA DO VALE DO ACO
2026,2471,ARTEMIG,AGENCIA REGULADORA DE TRANSPORTES DO ESTADO DE MINAS GERAIS
2026,2481,DETRAN/MG,DEPARTAMENTO ESTADUAL DE TRANSITO DE MINAS GERAIS
2026,3041,EMATER,EMPRESA DE ASSISTENCIA TECNICA E EXTENSAO RURAL DO ESTADO DE MINAS GERAIS
2026,3051,EPAMIG,EMPRESA DE PESQUISA AGROPECUARIA DE MINAS GERAIS
2026,3151,EMC,EMPRESA MINEIRA DE COMUNICACAO
2026,4031,FEPJ,FUNDO ESPECIAL DO PODER JUDICIARIO DO ESTADO DE MINAS GERAIS
2026,4091,FIA,FUNDO PARA A INFANCIA E A ADOLESCENCIA
2026,4101,FEH,FUNDO ESTADUAL DE HABITACAO
2026,4111,FUNDESE,FUNDO DE FOMENTO E DESENVOLVIMENTO SOCIOECONOMICO DO ESTADO DE MINAS GERAIS
2026,4121,FUNDALEMG,FUNDO ESPECIAL DA ASSEMBLEIA LEGISLATIVA DO ESTADO DE MINAS GERAIS
2026,4141,FPE,FUNDO PENITENCIARIO ESTADUAL
2026,4151,FASTUR,FUNDO DE ASSISTENCIA AO TURISMO
2026,4251,FEAS,FUNDO ESTADUAL DE ASSISTENCIA SOCIAL
2026,4291,FES,FUNDO ESTADUAL DE SAUDE
2026,4321,FUNPREN,"FUNDO ESTADUAL DE PREVENCAO, FISCALIZACAO E REPRESSAO DE ENTORPECENTES"
2026,4331,FDM,FUNDO DE DESENVOLVIMENTO METROPOLITANO
2026,4341,FHIDRO,"FUNDO DE RECUPERACAO, PROTECAO E DESENVOLVIMENTO SUSTENTAVEL DAS BACIAS HIDROGRAFICAS DO ESTADO DE M"
2026,4381,FUNTRANS,FUNDO ESTADUAL DE DESENVOLVIMENTO DE TRANSPORTES
2026,4421,FUNDIF,FUNDO ESTADUAL DE DEFESA DE DIREITOS DIFUSOS
2026,4441,FUNEMP,FUNDO ESPECIAL DO MINISTERIO PUBLICO DO ESTADO DE MINAS GERAIS
2026,4451,FEPDC,FUNDO ESTADUAL DE PROTECAO E DEFESA DO CONSUMIDOR
2026,4491,FEC,FUNDO ESTADUAL DE CULTURA
2026,4541,FAHMEMG,FUNDO DE APOIO HABITACIONAL AOS MILITARES DO ESTADO DE MINAS GERAIS
2026,4551,FUNAPEC,FUNDO DE ASSISTENCIA AO PECULIO DOS SERVIDORES DO ESTADO DE MINAS GERAIS
2026,4601,FEI,FUNDO ESTADUAL DOS DIREITOS DO IDOSO
2026,4611,FUNCONTAS,FUNDO DO TRIBUNAL DE CONTAS DO ESTADO DE MINAS GERAIS
2026,4621,MG INVESTE,FUNDO DE INVESTIMENTO DO ESTADO DE MINAS GERAIS
2026,4631,FPP - MG,FUNDO DE PAGAMENTO DE PARCERIAS PUBLICO - PRIVADAS DE MINAS GERAIS
2026,4641,FGP - MG,FUNDO DE GARANTIAS DE PARCERIAS PUBLICO - PRIVADAS DE MINAS GERAIS
2026,4651,FECIDAT,FUNDO ESPECIAL DE CREDITOS INADIMPLIDOS E DIVIDA ATIVA
2026,4661,FAIMG,FUNDO DE ATIVOS IMOBILIARIOS DE MINAS GERAIS
2026,4671,FIIMG,FUNDO DE INVESTIMENTOS IMOBILIARIOS DE MINAS GERAIS
2026,4691,FESP-MG,FUNDO ESTADUAL DE SEGURANCA PUBLICA DE MINAS GERAIS
2026,4701,FET-MG,FUNDO ESTADUAL DO TRABALHO DE MINAS GERAIS
2026,4711,FFP - MG,FUNDO FINANCEIRO DE PREVIDENCIA DO ESTADO DE MINAS GERAIS
2026,4721,FEPREMG,FUNDO ESTADUAL DE PREVIDENCIA DO ESTADO DE MINAS GERAIS
2026,4731,FDMP,FUNDO DE DESENVOLVIMENTO DO MINISTERIO PUBLICO
2026,4741,FEGAJ,FUNDO ESPECIAL DE GARANTIA DE ACESSO A JUSTICA
2026,4751,FEAGE,FUNDO ESPECIAL DA ADVOCACIA-GERAL DO ESTADO
2026,9801,EGE-SEPLAG/FOLHA CENT,FOLHA DE PESSOAL CENTRALIZADA - EGE SEPLAG
2026,9999,EMG - ADM. DIRETA,EMG - ADMINISTRACAO DIRETA
